ISO-10303-21;
HEADER;
FILE_DESCRIPTION( ( 'Unknown' ), '1' );
FILE_NAME( 'D:/Stp file for eiCap/SMD/10x10.5x4.5/Released_Data/10x10.5x4.5.stp', 'Unknown', ( 'Unknown' ), ( 'Unknown' ), 'PSStep 16.0.42', 'Unknown', '  ' );
FILE_SCHEMA( ( 'AUTOMOTIVE_DESIGN { 1 0 10303 214 1 1 1 1 }' ) );
ENDSEC;
DATA;
#1 = PRODUCT_DEFINITION_CONTEXT( '', #18, 'design' );
#2 = APPLICATION_PROTOCOL_DEFINITION( 'international standard', 'automotive_design', 2001, #18 );
#3 = PRODUCT_CATEGORY_RELATIONSHIP( 'NONE', 'NONE', #19, #20 );
#4 = SHAPE_DEFINITION_REPRESENTATION( #21, #22 );
#5 = PRODUCT_CATEGORY_RELATIONSHIP( 'NONE', 'NONE', #19, #23 );
#6 = CONTEXT_DEPENDENT_SHAPE_REPRESENTATION( #24, #25 );
#7 = SHAPE_DEFINITION_REPRESENTATION( #26, #27 );
#8 = SHAPE_REPRESENTATION_RELATIONSHIP( 'NONE', 'NONE', #27, #28 );
#9 = PRODUCT_CATEGORY_RELATIONSHIP( 'NONE', 'NONE', #19, #29 );
#10 = CONTEXT_DEPENDENT_SHAPE_REPRESENTATION( #30, #31 );
#11 = SHAPE_DEFINITION_REPRESENTATION( #32, #33 );
#12 = SHAPE_REPRESENTATION_RELATIONSHIP( 'NONE', 'NONE', #33, #34 );
#13 = MECHANICAL_DESIGN_GEOMETRIC_PRESENTATION_REPRESENTATION( ' ', ( #35, #36, #37, #38, #39, #40, #41, #42, #43, #44, #45, #46, #47, #48, #49, #50, #51, #52, #53, #54, #55, #56, #57, #58, #59, #60, #61, #62, #63, #64, #65, #66, #67, #68, #69, #70, #71, #72, #73, #74, #75, #76, #77, #78, #79, #80, #81, #82, #83, #84, #85, #86, #87, #88, #89, #90, #91, #92, #93, #94, #95, #96, #97, #98, #99, #100, #101, #102, #103, #104, #105, #106, #107, #108, #109, #110, #111, #112, #113, #114, #115, #116, #117, #118, #119, #120, #121, #122, #123, #124, #125, #126, #127, #128, #129, #130, #131, #132, #133, #134, #135, #136, #137, #138, #139, #140, #141, #142, #143, #144, #145, #146, #147, #148, #149, #150, #151, #152, #153, #154, #155, #156, #157, #158, #159, #160, #161, #162, #163, #164, #165, #166, #167, #168, #169, #170, #171, #172, #173, #174, #175, #176, #177, #178, #179, #180, #181, #182, #183, #184, #185, #186, #187, #188, #189, #190, #191, #192, #193, #194, #195, #196, #197, #198, #199, #200, #201, #202, #203, #204, #205, #206, #207, #208, #209, #210, #211, #212, #213, #214, #215, #216, #217, #218, #219, #220, #221, #222, #223, #224, #225, #226, #227, #228, #229, #230, #231, #232, #233, #234, #235, #236, #237, #238, #239, #240, #241, #242, #243, #244, #245, #246, #247, #248, #249, #250, #251, #252, #253, #254, #255, #256, #257, #258, #259, #260, #261, #262, #263, #264, #265, #266, #267, #268, #269, #270, #271, #272, #273, #274, #275, #276 ), #14 );
#14 =  ( GEOMETRIC_REPRESENTATION_CONTEXT( 3 )GLOBAL_UNCERTAINTY_ASSIGNED_CONTEXT( ( #279 ) )GLOBAL_UNIT_ASSIGNED_CONTEXT( ( #281, #282, #283 ) )REPRESENTATION_CONTEXT( 'NONE', 'WORKSPACE' ) );
#18 = APPLICATION_CONTEXT( 'core data for automotive mechanical design processes' );
#19 = PRODUCT_CATEGORY( 'part', 'NONE' );
#20 = PRODUCT_RELATED_PRODUCT_CATEGORY( 'detail', ' ', ( #285 ) );
#21 = PRODUCT_DEFINITION_SHAPE( 'NONE', 'NONE', #286 );
#22 = SHAPE_REPRESENTATION( 'Assem1', ( #287, #288, #289 ), #290 );
#23 = PRODUCT_RELATED_PRODUCT_CATEGORY( 'detail', ' ', ( #291 ) );
#24 = ( REPRESENTATION_RELATIONSHIP( '', '', #27, #22 )REPRESENTATION_RELATIONSHIP_WITH_TRANSFORMATION( #294 )SHAPE_REPRESENTATION_RELATIONSHIP(  ) );
#25 = PRODUCT_DEFINITION_SHAPE( 'NAUO-PROD-DEF', 'NAUO-PROD-DEF', #296 );
#26 = PRODUCT_DEFINITION_SHAPE( 'NONE', 'NONE', #297 );
#27 = SHAPE_REPRESENTATION( 'capicitor_10x10.5x4.5', ( #287 ), #290 );
#28 = ADVANCED_BREP_SHAPE_REPRESENTATION( 'capicitor_10x10.5x4.5', ( #298 ), #14 );
#29 = PRODUCT_RELATED_PRODUCT_CATEGORY( 'detail', ' ', ( #299 ) );
#30 = ( REPRESENTATION_RELATIONSHIP( '', '', #33, #22 )REPRESENTATION_RELATIONSHIP_WITH_TRANSFORMATION( #302 )SHAPE_REPRESENTATION_RELATIONSHIP(  ) );
#31 = PRODUCT_DEFINITION_SHAPE( 'NAUO-PROD-DEF', 'NAUO-PROD-DEF', #304 );
#32 = PRODUCT_DEFINITION_SHAPE( 'NONE', 'NONE', #305 );
#33 = SHAPE_REPRESENTATION( 'Base_\X2\03A6\X0\10Capacitor', ( #287 ), #290 );
#34 = ADVANCED_BREP_SHAPE_REPRESENTATION( 'Base_\X2\03A6\X0\10Capacitor', ( #306 ), #14 );
#35 = STYLED_ITEM( '', ( #307 ), #308 );
#36 = STYLED_ITEM( '', ( #309 ), #310 );
#37 = STYLED_ITEM( '', ( #311 ), #312 );
#38 = STYLED_ITEM( '', ( #313 ), #314 );
#39 = STYLED_ITEM( '', ( #315 ), #316 );
#40 = STYLED_ITEM( '', ( #317 ), #318 );
#41 = STYLED_ITEM( '', ( #319 ), #320 );
#42 = STYLED_ITEM( '', ( #321 ), #322 );
#43 = STYLED_ITEM( '', ( #323 ), #324 );
#44 = STYLED_ITEM( '', ( #325 ), #326 );
#45 = STYLED_ITEM( '', ( #327 ), #328 );
#46 = STYLED_ITEM( '', ( #329 ), #330 );
#47 = STYLED_ITEM( '', ( #331 ), #332 );
#48 = STYLED_ITEM( '', ( #333 ), #334 );
#49 = STYLED_ITEM( '', ( #335 ), #336 );
#50 = STYLED_ITEM( '', ( #337 ), #338 );
#51 = STYLED_ITEM( '', ( #339 ), #340 );
#52 = STYLED_ITEM( '', ( #341 ), #342 );
#53 = STYLED_ITEM( '', ( #343 ), #344 );
#54 = STYLED_ITEM( '', ( #345 ), #346 );
#55 = STYLED_ITEM( '', ( #347 ), #348 );
#56 = STYLED_ITEM( '', ( #349 ), #350 );
#57 = STYLED_ITEM( '', ( #351 ), #352 );
#58 = STYLED_ITEM( '', ( #353 ), #354 );
#59 = STYLED_ITEM( '', ( #355 ), #356 );
#60 = STYLED_ITEM( '', ( #357 ), #358 );
#61 = STYLED_ITEM( '', ( #359 ), #360 );
#62 = STYLED_ITEM( '', ( #361 ), #362 );
#63 = STYLED_ITEM( '', ( #363 ), #364 );
#64 = STYLED_ITEM( '', ( #365 ), #366 );
#65 = STYLED_ITEM( '', ( #367 ), #368 );
#66 = STYLED_ITEM( '', ( #369 ), #370 );
#67 = STYLED_ITEM( '', ( #371 ), #372 );
#68 = STYLED_ITEM( '', ( #373 ), #374 );
#69 = STYLED_ITEM( '', ( #375 ), #376 );
#70 = STYLED_ITEM( '', ( #377 ), #378 );
#71 = STYLED_ITEM( '', ( #379 ), #380 );
#72 = STYLED_ITEM( '', ( #381 ), #382 );
#73 = STYLED_ITEM( '', ( #383 ), #384 );
#74 = STYLED_ITEM( '', ( #385 ), #386 );
#75 = STYLED_ITEM( '', ( #387 ), #388 );
#76 = STYLED_ITEM( '', ( #389 ), #390 );
#77 = STYLED_ITEM( '', ( #391 ), #392 );
#78 = STYLED_ITEM( '', ( #393 ), #394 );
#79 = STYLED_ITEM( '', ( #395 ), #396 );
#80 = STYLED_ITEM( '', ( #397 ), #398 );
#81 = STYLED_ITEM( '', ( #399 ), #400 );
#82 = STYLED_ITEM( '', ( #401 ), #402 );
#83 = STYLED_ITEM( '', ( #403 ), #404 );
#84 = STYLED_ITEM( '', ( #405 ), #406 );
#85 = STYLED_ITEM( '', ( #407 ), #408 );
#86 = STYLED_ITEM( '', ( #409 ), #410 );
#87 = STYLED_ITEM( '', ( #411 ), #412 );
#88 = STYLED_ITEM( '', ( #413 ), #414 );
#89 = STYLED_ITEM( '', ( #415 ), #416 );
#90 = STYLED_ITEM( '', ( #417 ), #418 );
#91 = STYLED_ITEM( '', ( #419 ), #420 );
#92 = STYLED_ITEM( '', ( #421 ), #422 );
#93 = STYLED_ITEM( '', ( #423 ), #424 );
#94 = STYLED_ITEM( '', ( #425 ), #426 );
#95 = STYLED_ITEM( '', ( #427 ), #428 );
#96 = STYLED_ITEM( '', ( #429 ), #430 );
#97 = STYLED_ITEM( '', ( #431 ), #432 );
#98 = STYLED_ITEM( '', ( #433 ), #434 );
#99 = STYLED_ITEM( '', ( #435 ), #436 );
#100 = STYLED_ITEM( '', ( #437 ), #438 );
#101 = STYLED_ITEM( '', ( #439 ), #440 );
#102 = STYLED_ITEM( '', ( #441 ), #442 );
#103 = STYLED_ITEM( '', ( #443 ), #444 );
#104 = STYLED_ITEM( '', ( #445 ), #446 );
#105 = STYLED_ITEM( '', ( #447 ), #448 );
#106 = STYLED_ITEM( '', ( #449 ), #450 );
#107 = STYLED_ITEM( '', ( #451 ), #452 );
#108 = STYLED_ITEM( '', ( #453 ), #454 );
#109 = STYLED_ITEM( '', ( #455 ), #456 );
#110 = STYLED_ITEM( '', ( #457 ), #458 );
#111 = STYLED_ITEM( '', ( #459 ), #460 );
#112 = STYLED_ITEM( '', ( #461 ), #462 );
#113 = STYLED_ITEM( '', ( #463 ), #464 );
#114 = STYLED_ITEM( '', ( #465 ), #466 );
#115 = STYLED_ITEM( '', ( #467 ), #468 );
#116 = STYLED_ITEM( '', ( #469 ), #470 );
#117 = STYLED_ITEM( '', ( #471 ), #472 );
#118 = STYLED_ITEM( '', ( #473 ), #474 );
#119 = STYLED_ITEM( '', ( #475 ), #476 );
#120 = STYLED_ITEM( '', ( #477 ), #478 );
#121 = STYLED_ITEM( '', ( #479 ), #480 );
#122 = STYLED_ITEM( '', ( #481 ), #482 );
#123 = STYLED_ITEM( '', ( #483 ), #484 );
#124 = STYLED_ITEM( '', ( #485 ), #486 );
#125 = STYLED_ITEM( '', ( #487 ), #488 );
#126 = STYLED_ITEM( '', ( #489 ), #490 );
#127 = STYLED_ITEM( '', ( #491 ), #492 );
#128 = STYLED_ITEM( '', ( #493 ), #494 );
#129 = STYLED_ITEM( '', ( #495 ), #496 );
#130 = STYLED_ITEM( '', ( #497 ), #498 );
#131 = STYLED_ITEM( '', ( #499 ), #500 );
#132 = STYLED_ITEM( '', ( #501 ), #502 );
#133 = STYLED_ITEM( '', ( #503 ), #504 );
#134 = STYLED_ITEM( '', ( #505 ), #506 );
#135 = STYLED_ITEM( '', ( #507 ), #508 );
#136 = STYLED_ITEM( '', ( #509 ), #510 );
#137 = STYLED_ITEM( '', ( #511 ), #512 );
#138 = STYLED_ITEM( '', ( #513 ), #514 );
#139 = STYLED_ITEM( '', ( #515 ), #516 );
#140 = STYLED_ITEM( '', ( #517 ), #518 );
#141 = STYLED_ITEM( '', ( #519 ), #520 );
#142 = STYLED_ITEM( '', ( #521 ), #522 );
#143 = STYLED_ITEM( '', ( #523 ), #524 );
#144 = STYLED_ITEM( '', ( #525 ), #526 );
#145 = STYLED_ITEM( '', ( #527 ), #528 );
#146 = STYLED_ITEM( '', ( #529 ), #530 );
#147 = STYLED_ITEM( '', ( #531 ), #532 );
#148 = STYLED_ITEM( '', ( #533 ), #534 );
#149 = STYLED_ITEM( '', ( #535 ), #536 );
#150 = STYLED_ITEM( '', ( #537 ), #538 );
#151 = STYLED_ITEM( '', ( #539 ), #540 );
#152 = STYLED_ITEM( '', ( #541 ), #542 );
#153 = STYLED_ITEM( '', ( #543 ), #544 );
#154 = STYLED_ITEM( '', ( #545 ), #546 );
#155 = STYLED_ITEM( '', ( #547 ), #548 );
#156 = STYLED_ITEM( '', ( #549 ), #550 );
#157 = STYLED_ITEM( '', ( #551 ), #552 );
#158 = STYLED_ITEM( '', ( #553 ), #554 );
#159 = STYLED_ITEM( '', ( #555 ), #556 );
#160 = STYLED_ITEM( '', ( #557 ), #558 );
#161 = STYLED_ITEM( '', ( #559 ), #560 );
#162 = STYLED_ITEM( '', ( #561 ), #562 );
#163 = STYLED_ITEM( '', ( #563 ), #564 );
#164 = STYLED_ITEM( '', ( #565 ), #566 );
#165 = STYLED_ITEM( '', ( #567 ), #568 );
#166 = STYLED_ITEM( '', ( #569 ), #570 );
#167 = STYLED_ITEM( '', ( #571 ), #572 );
#168 = STYLED_ITEM( '', ( #573 ), #574 );
#169 = STYLED_ITEM( '', ( #575 ), #576 );
#170 = STYLED_ITEM( '', ( #577 ), #578 );
#171 = STYLED_ITEM( '', ( #579 ), #580 );
#172 = STYLED_ITEM( '', ( #581 ), #582 );
#173 = STYLED_ITEM( '', ( #583 ), #584 );
#174 = STYLED_ITEM( '', ( #585 ), #586 );
#175 = STYLED_ITEM( '', ( #587 ), #588 );
#176 = STYLED_ITEM( '', ( #589 ), #590 );
#177 = STYLED_ITEM( '', ( #591 ), #592 );
#178 = STYLED_ITEM( '', ( #593 ), #594 );
#179 = STYLED_ITEM( '', ( #595 ), #596 );
#180 = STYLED_ITEM( '', ( #597 ), #598 );
#181 = STYLED_ITEM( '', ( #599 ), #600 );
#182 = STYLED_ITEM( '', ( #601 ), #602 );
#183 = STYLED_ITEM( '', ( #603 ), #604 );
#184 = STYLED_ITEM( '', ( #605 ), #606 );
#185 = STYLED_ITEM( '', ( #607 ), #608 );
#186 = STYLED_ITEM( '', ( #609 ), #610 );
#187 = STYLED_ITEM( '', ( #611 ), #612 );
#188 = STYLED_ITEM( '', ( #613 ), #614 );
#189 = STYLED_ITEM( '', ( #615 ), #616 );
#190 = STYLED_ITEM( '', ( #617 ), #618 );
#191 = STYLED_ITEM( '', ( #619 ), #620 );
#192 = STYLED_ITEM( '', ( #621 ), #622 );
#193 = STYLED_ITEM( '', ( #623 ), #624 );
#194 = STYLED_ITEM( '', ( #625 ), #626 );
#195 = STYLED_ITEM( '', ( #627 ), #628 );
#196 = STYLED_ITEM( '', ( #629 ), #630 );
#197 = STYLED_ITEM( '', ( #631 ), #632 );
#198 = STYLED_ITEM( '', ( #633 ), #634 );
#199 = STYLED_ITEM( '', ( #635 ), #636 );
#200 = STYLED_ITEM( '', ( #637 ), #638 );
#201 = STYLED_ITEM( '', ( #639 ), #640 );
#202 = STYLED_ITEM( '', ( #641 ), #642 );
#203 = STYLED_ITEM( '', ( #643 ), #644 );
#204 = STYLED_ITEM( '', ( #645 ), #646 );
#205 = STYLED_ITEM( '', ( #647 ), #648 );
#206 = STYLED_ITEM( '', ( #649 ), #650 );
#207 = STYLED_ITEM( '', ( #651 ), #652 );
#208 = STYLED_ITEM( '', ( #653 ), #654 );
#209 = STYLED_ITEM( '', ( #655 ), #656 );
#210 = STYLED_ITEM( '', ( #657 ), #658 );
#211 = STYLED_ITEM( '', ( #659 ), #660 );
#212 = STYLED_ITEM( '', ( #661 ), #662 );
#213 = STYLED_ITEM( '', ( #663 ), #664 );
#214 = STYLED_ITEM( '', ( #665 ), #666 );
#215 = STYLED_ITEM( '', ( #667 ), #668 );
#216 = STYLED_ITEM( '', ( #669 ), #670 );
#217 = STYLED_ITEM( '', ( #671 ), #672 );
#218 = STYLED_ITEM( '', ( #673 ), #674 );
#219 = STYLED_ITEM( '', ( #675 ), #676 );
#220 = STYLED_ITEM( '', ( #677 ), #678 );
#221 = STYLED_ITEM( '', ( #679 ), #680 );
#222 = STYLED_ITEM( '', ( #681 ), #682 );
#223 = STYLED_ITEM( '', ( #683 ), #684 );
#224 = STYLED_ITEM( '', ( #685 ), #686 );
#225 = STYLED_ITEM( '', ( #687 ), #688 );
#226 = STYLED_ITEM( '', ( #689 ), #690 );
#227 = STYLED_ITEM( '', ( #691 ), #692 );
#228 = STYLED_ITEM( '', ( #693 ), #694 );
#229 = STYLED_ITEM( '', ( #695 ), #696 );
#230 = STYLED_ITEM( '', ( #697 ), #698 );
#231 = STYLED_ITEM( '', ( #699 ), #700 );
#232 = STYLED_ITEM( '', ( #701 ), #702 );
#233 = STYLED_ITEM( '', ( #703 ), #704 );
#234 = STYLED_ITEM( '', ( #705 ), #706 );
#235 = STYLED_ITEM( '', ( #707 ), #708 );
#236 = STYLED_ITEM( '', ( #709 ), #710 );
#237 = STYLED_ITEM( '', ( #711 ), #712 );
#238 = STYLED_ITEM( '', ( #713 ), #714 );
#239 = STYLED_ITEM( '', ( #715 ), #716 );
#240 = STYLED_ITEM( '', ( #717 ), #718 );
#241 = STYLED_ITEM( '', ( #719 ), #720 );
#242 = STYLED_ITEM( '', ( #721 ), #722 );
#243 = STYLED_ITEM( '', ( #723 ), #724 );
#244 = STYLED_ITEM( '', ( #725 ), #726 );
#245 = STYLED_ITEM( '', ( #727 ), #728 );
#246 = STYLED_ITEM( '', ( #729 ), #730 );
#247 = STYLED_ITEM( '', ( #731 ), #732 );
#248 = STYLED_ITEM( '', ( #733 ), #734 );
#249 = STYLED_ITEM( '', ( #735 ), #736 );
#250 = STYLED_ITEM( '', ( #737 ), #738 );
#251 = STYLED_ITEM( '', ( #739 ), #740 );
#252 = STYLED_ITEM( '', ( #741 ), #742 );
#253 = STYLED_ITEM( '', ( #743 ), #744 );
#254 = STYLED_ITEM( '', ( #745 ), #746 );
#255 = STYLED_ITEM( '', ( #747 ), #748 );
#256 = STYLED_ITEM( '', ( #749 ), #750 );
#257 = STYLED_ITEM( '', ( #751 ), #752 );
#258 = STYLED_ITEM( '', ( #753 ), #754 );
#259 = STYLED_ITEM( '', ( #755 ), #756 );
#260 = STYLED_ITEM( '', ( #757 ), #758 );
#261 = STYLED_ITEM( '', ( #759 ), #760 );
#262 = STYLED_ITEM( '', ( #761 ), #762 );
#263 = STYLED_ITEM( '', ( #763 ), #764 );
#264 = STYLED_ITEM( '', ( #765 ), #766 );
#265 = STYLED_ITEM( '', ( #767 ), #768 );
#266 = STYLED_ITEM( '', ( #769 ), #770 );
#267 = STYLED_ITEM( '', ( #771 ), #772 );
#268 = STYLED_ITEM( '', ( #773 ), #774 );
#269 = STYLED_ITEM( '', ( #775 ), #776 );
#270 = STYLED_ITEM( '', ( #777 ), #778 );
#271 = STYLED_ITEM( '', ( #779 ), #780 );
#272 = STYLED_ITEM( '', ( #781 ), #782 );
#273 = STYLED_ITEM( '', ( #783 ), #784 );
#274 = STYLED_ITEM( '', ( #785 ), #786 );
#275 = STYLED_ITEM( '', ( #787 ), #788 );
#276 = STYLED_ITEM( '', ( #789 ), #790 );
#279 = UNCERTAINTY_MEASURE_WITH_UNIT( LENGTH_MEASURE( 0.00100000000000000 ), #281, '', '' );
#281 =  ( CONVERSION_BASED_UNIT( 'MILLIMETRE', #793 )LENGTH_UNIT(  )NAMED_UNIT( #796 ) );
#282 =  ( NAMED_UNIT( #798 )PLANE_ANGLE_UNIT(  )SI_UNIT( $, .RADIAN. ) );
#283 =  ( NAMED_UNIT( #798 )SI_UNIT( $, .STERADIAN. )SOLID_ANGLE_UNIT(  ) );
#285 = PRODUCT( 'Assem1', 'Assem1', 'PART-Assem1-DESC', ( #804 ) );
#286 = PRODUCT_DEFINITION( 'NONE', 'NONE', #805, #1 );
#287 = AXIS2_PLACEMENT_3D( '', #806, #807, #808 );
#288 = AXIS2_PLACEMENT_3D( '', #809, #810, #811 );
#289 = AXIS2_PLACEMENT_3D( '', #812, #813, #814 );
#290 =  ( GEOMETRIC_REPRESENTATION_CONTEXT( 3 )GLOBAL_UNCERTAINTY_ASSIGNED_CONTEXT( ( #817 ) )GLOBAL_UNIT_ASSIGNED_CONTEXT( ( #819, #820, #821 ) )REPRESENTATION_CONTEXT( 'NONE', 'WORKSPACE' ) );
#291 = PRODUCT( 'capicitor_10x10.5x4.5', 'capicitor_10x10.5x4.5', 'PART-capicitor_10x10.5x4.5-DESC', ( #804 ) );
#294 = ITEM_DEFINED_TRANSFORMATION( '', '', #287, #288 );
#296 = NEXT_ASSEMBLY_USAGE_OCCURRENCE( 'NAUO1', 'NAUO1', 'NAUO1', #286, #297, $ );
#297 = PRODUCT_DEFINITION( 'capicitor_10x10.5x4.5', 'capicitor_10x10.5x4.5', #823, #1 );
#298 = MANIFOLD_SOLID_BREP( 'capicitor_10x10.5x4.5', #824 );
#299 = PRODUCT( 'Base_\X2\03A6\X0\10Capacitor', 'Base_\X2\03A6\X0\10Capacitor', 'PART-Base_\X2\03A6\X0\10Capacitor-DESC', ( #804 ) );
#302 = ITEM_DEFINED_TRANSFORMATION( '', '', #287, #289 );
#304 = NEXT_ASSEMBLY_USAGE_OCCURRENCE( 'NAUO2', 'NAUO2', 'NAUO2', #286, #305, $ );
#305 = PRODUCT_DEFINITION( 'Base_\X2\03A6\X0\10Capacitor', 'Base_\X2\03A6\X0\10Capacitor', #825, #1 );
#306 = MANIFOLD_SOLID_BREP( 'Base_\X2\03A6\X0\10Capacitor', #826 );
#307 = PRESENTATION_STYLE_ASSIGNMENT( ( #827 ) );
#308 = ADVANCED_FACE( '', ( #828 ), #829, .T. );
#309 = PRESENTATION_STYLE_ASSIGNMENT( ( #830 ) );
#310 = ADVANCED_FACE( '', ( #831 ), #832, .T. );
#311 = PRESENTATION_STYLE_ASSIGNMENT( ( #833 ) );
#312 = ADVANCED_FACE( '', ( #834 ), #835, .T. );
#313 = PRESENTATION_STYLE_ASSIGNMENT( ( #836 ) );
#314 = ADVANCED_FACE( '', ( #837 ), #838, .T. );
#315 = PRESENTATION_STYLE_ASSIGNMENT( ( #839 ) );
#316 = ADVANCED_FACE( '', ( #840 ), #841, .T. );
#317 = PRESENTATION_STYLE_ASSIGNMENT( ( #842 ) );
#318 = ADVANCED_FACE( '', ( #843 ), #844, .F. );
#319 = PRESENTATION_STYLE_ASSIGNMENT( ( #845 ) );
#320 = ADVANCED_FACE( '', ( #846, #847 ), #848, .F. );
#321 = PRESENTATION_STYLE_ASSIGNMENT( ( #849 ) );
#322 = ADVANCED_FACE( '', ( #850 ), #851, .T. );
#323 = PRESENTATION_STYLE_ASSIGNMENT( ( #852 ) );
#324 = ADVANCED_FACE( '', ( #853 ), #854, .F. );
#325 = PRESENTATION_STYLE_ASSIGNMENT( ( #855 ) );
#326 = ADVANCED_FACE( '', ( #856, #857, #858 ), #859, .F. );
#327 = PRESENTATION_STYLE_ASSIGNMENT( ( #860 ) );
#328 = ADVANCED_FACE( '', ( #861, #862 ), #863, .T. );
#329 = PRESENTATION_STYLE_ASSIGNMENT( ( #864 ) );
#330 = ADVANCED_FACE( '', ( #865 ), #866, .T. );
#331 = PRESENTATION_STYLE_ASSIGNMENT( ( #867 ) );
#332 = ADVANCED_FACE( '', ( #868, #869 ), #870, .F. );
#333 = PRESENTATION_STYLE_ASSIGNMENT( ( #871 ) );
#334 = ADVANCED_FACE( '', ( #872 ), #873, .T. );
#335 = PRESENTATION_STYLE_ASSIGNMENT( ( #874 ) );
#336 = ADVANCED_FACE( '', ( #875 ), #876, .T. );
#337 = PRESENTATION_STYLE_ASSIGNMENT( ( #877 ) );
#338 = ADVANCED_FACE( '', ( #878 ), #879, .T. );
#339 = PRESENTATION_STYLE_ASSIGNMENT( ( #880 ) );
#340 = ADVANCED_FACE( '', ( #881, #882 ), #883, .T. );
#341 = PRESENTATION_STYLE_ASSIGNMENT( ( #884 ) );
#342 = ADVANCED_FACE( '', ( #885, #886 ), #887, .F. );
#343 = PRESENTATION_STYLE_ASSIGNMENT( ( #888 ) );
#344 = ADVANCED_FACE( '', ( #889 ), #890, .F. );
#345 = PRESENTATION_STYLE_ASSIGNMENT( ( #891 ) );
#346 = ADVANCED_FACE( '', ( #892 ), #893, .T. );
#347 = PRESENTATION_STYLE_ASSIGNMENT( ( #894 ) );
#348 = ADVANCED_FACE( '', ( #895 ), #896, .F. );
#349 = PRESENTATION_STYLE_ASSIGNMENT( ( #897 ) );
#350 = ADVANCED_FACE( '', ( #898 ), #899, .F. );
#351 = PRESENTATION_STYLE_ASSIGNMENT( ( #900 ) );
#352 = ADVANCED_FACE( '', ( #901 ), #902, .T. );
#353 = PRESENTATION_STYLE_ASSIGNMENT( ( #903 ) );
#354 = ADVANCED_FACE( '', ( #904 ), #905, .T. );
#355 = PRESENTATION_STYLE_ASSIGNMENT( ( #906 ) );
#356 = ADVANCED_FACE( '', ( #907 ), #908, .T. );
#357 = PRESENTATION_STYLE_ASSIGNMENT( ( #909 ) );
#358 = ADVANCED_FACE( '', ( #910 ), #911, .T. );
#359 = PRESENTATION_STYLE_ASSIGNMENT( ( #912 ) );
#360 = ADVANCED_FACE( '', ( #913, #914 ), #915, .T. );
#361 = PRESENTATION_STYLE_ASSIGNMENT( ( #916 ) );
#362 = ADVANCED_FACE( '', ( #917 ), #918, .T. );
#363 = PRESENTATION_STYLE_ASSIGNMENT( ( #919 ) );
#364 = ADVANCED_FACE( '', ( #920 ), #921, .T. );
#365 = PRESENTATION_STYLE_ASSIGNMENT( ( #922 ) );
#366 = ADVANCED_FACE( '', ( #923 ), #924, .T. );
#367 = PRESENTATION_STYLE_ASSIGNMENT( ( #925 ) );
#368 = ADVANCED_FACE( '', ( #926 ), #927, .T. );
#369 = PRESENTATION_STYLE_ASSIGNMENT( ( #928 ) );
#370 = ADVANCED_FACE( '', ( #929 ), #930, .T. );
#371 = PRESENTATION_STYLE_ASSIGNMENT( ( #931 ) );
#372 = ADVANCED_FACE( '', ( #932 ), #933, .T. );
#373 = PRESENTATION_STYLE_ASSIGNMENT( ( #934 ) );
#374 = ADVANCED_FACE( '', ( #935 ), #936, .F. );
#375 = PRESENTATION_STYLE_ASSIGNMENT( ( #937 ) );
#376 = ADVANCED_FACE( '', ( #938 ), #939, .T. );
#377 = PRESENTATION_STYLE_ASSIGNMENT( ( #940 ) );
#378 = ADVANCED_FACE( '', ( #941 ), #942, .T. );
#379 = PRESENTATION_STYLE_ASSIGNMENT( ( #943 ) );
#380 = ADVANCED_FACE( '', ( #944 ), #945, .T. );
#381 = PRESENTATION_STYLE_ASSIGNMENT( ( #946 ) );
#382 = ADVANCED_FACE( '', ( #947 ), #948, .F. );
#383 = PRESENTATION_STYLE_ASSIGNMENT( ( #949 ) );
#384 = ADVANCED_FACE( '', ( #950 ), #951, .F. );
#385 = PRESENTATION_STYLE_ASSIGNMENT( ( #952 ) );
#386 = ADVANCED_FACE( '', ( #953 ), #954, .T. );
#387 = PRESENTATION_STYLE_ASSIGNMENT( ( #955 ) );
#388 = ADVANCED_FACE( '', ( #956 ), #957, .T. );
#389 = PRESENTATION_STYLE_ASSIGNMENT( ( #958 ) );
#390 = ADVANCED_FACE( '', ( #959 ), #960, .T. );
#391 = PRESENTATION_STYLE_ASSIGNMENT( ( #961 ) );
#392 = ADVANCED_FACE( '', ( #962 ), #963, .T. );
#393 = PRESENTATION_STYLE_ASSIGNMENT( ( #964 ) );
#394 = ADVANCED_FACE( '', ( #965 ), #966, .F. );
#395 = PRESENTATION_STYLE_ASSIGNMENT( ( #967 ) );
#396 = ADVANCED_FACE( '', ( #968 ), #969, .F. );
#397 = PRESENTATION_STYLE_ASSIGNMENT( ( #970 ) );
#398 = ADVANCED_FACE( '', ( #971 ), #972, .T. );
#399 = PRESENTATION_STYLE_ASSIGNMENT( ( #973 ) );
#400 = ADVANCED_FACE( '', ( #974 ), #975, .T. );
#401 = PRESENTATION_STYLE_ASSIGNMENT( ( #976 ) );
#402 = ADVANCED_FACE( '', ( #977 ), #978, .F. );
#403 = PRESENTATION_STYLE_ASSIGNMENT( ( #979 ) );
#404 = ADVANCED_FACE( '', ( #980, #981 ), #982, .T. );
#405 = PRESENTATION_STYLE_ASSIGNMENT( ( #983 ) );
#406 = ADVANCED_FACE( '', ( #984 ), #985, .T. );
#407 = PRESENTATION_STYLE_ASSIGNMENT( ( #986 ) );
#408 = ADVANCED_FACE( '', ( #987 ), #988, .T. );
#409 = PRESENTATION_STYLE_ASSIGNMENT( ( #989 ) );
#410 = ADVANCED_FACE( '', ( #990 ), #991, .T. );
#411 = PRESENTATION_STYLE_ASSIGNMENT( ( #992 ) );
#412 = ADVANCED_FACE( '', ( #993, #994 ), #995, .T. );
#413 = PRESENTATION_STYLE_ASSIGNMENT( ( #996 ) );
#414 = ADVANCED_FACE( '', ( #997 ), #998, .F. );
#415 = PRESENTATION_STYLE_ASSIGNMENT( ( #999 ) );
#416 = ADVANCED_FACE( '', ( #1000 ), #1001, .T. );
#417 = PRESENTATION_STYLE_ASSIGNMENT( ( #1002 ) );
#418 = ADVANCED_FACE( '', ( #1003 ), #1004, .F. );
#419 = PRESENTATION_STYLE_ASSIGNMENT( ( #1005 ) );
#420 = ADVANCED_FACE( '', ( #1006, #1007 ), #1008, .T. );
#421 = PRESENTATION_STYLE_ASSIGNMENT( ( #1009 ) );
#422 = ADVANCED_FACE( '', ( #1010 ), #1011, .T. );
#423 = PRESENTATION_STYLE_ASSIGNMENT( ( #1012 ) );
#424 = ADVANCED_FACE( '', ( #1013 ), #1014, .F. );
#425 = PRESENTATION_STYLE_ASSIGNMENT( ( #1015 ) );
#426 = ADVANCED_FACE( '', ( #1016 ), #1017, .F. );
#427 = PRESENTATION_STYLE_ASSIGNMENT( ( #1018 ) );
#428 = ADVANCED_FACE( '', ( #1019 ), #1020, .T. );
#429 = PRESENTATION_STYLE_ASSIGNMENT( ( #1021 ) );
#430 = ADVANCED_FACE( '', ( #1022 ), #1023, .F. );
#431 = PRESENTATION_STYLE_ASSIGNMENT( ( #1024 ) );
#432 = ADVANCED_FACE( '', ( #1025 ), #1026, .T. );
#433 = PRESENTATION_STYLE_ASSIGNMENT( ( #1027 ) );
#434 = ADVANCED_FACE( '', ( #1028, #1029 ), #1030, .T. );
#435 = PRESENTATION_STYLE_ASSIGNMENT( ( #1031 ) );
#436 = ADVANCED_FACE( '', ( #1032 ), #1033, .T. );
#437 = PRESENTATION_STYLE_ASSIGNMENT( ( #1034 ) );
#438 = ADVANCED_FACE( '', ( #1035 ), #1036, .T. );
#439 = PRESENTATION_STYLE_ASSIGNMENT( ( #1037 ) );
#440 = ADVANCED_FACE( '', ( #1038 ), #1039, .T. );
#441 = PRESENTATION_STYLE_ASSIGNMENT( ( #1040 ) );
#442 = ADVANCED_FACE( '', ( #1041 ), #1042, .F. );
#443 = PRESENTATION_STYLE_ASSIGNMENT( ( #1043 ) );
#444 = ADVANCED_FACE( '', ( #1044 ), #1045, .F. );
#445 = PRESENTATION_STYLE_ASSIGNMENT( ( #1046 ) );
#446 = ADVANCED_FACE( '', ( #1047, #1048 ), #1049, .T. );
#447 = PRESENTATION_STYLE_ASSIGNMENT( ( #1050 ) );
#448 = ADVANCED_FACE( '', ( #1051, #1052 ), #1053, .F. );
#449 = PRESENTATION_STYLE_ASSIGNMENT( ( #1054 ) );
#450 = ADVANCED_FACE( '', ( #1055 ), #1056, .T. );
#451 = PRESENTATION_STYLE_ASSIGNMENT( ( #1057 ) );
#452 = ADVANCED_FACE( '', ( #1058 ), #1059, .F. );
#453 = PRESENTATION_STYLE_ASSIGNMENT( ( #1060 ) );
#454 = ADVANCED_FACE( '', ( #1061 ), #1062, .T. );
#455 = PRESENTATION_STYLE_ASSIGNMENT( ( #1063 ) );
#456 = ADVANCED_FACE( '', ( #1064 ), #1065, .T. );
#457 = PRESENTATION_STYLE_ASSIGNMENT( ( #1066 ) );
#458 = ADVANCED_FACE( '', ( #1067 ), #1068, .T. );
#459 = PRESENTATION_STYLE_ASSIGNMENT( ( #1069 ) );
#460 = ADVANCED_FACE( '', ( #1070 ), #1071, .T. );
#461 = PRESENTATION_STYLE_ASSIGNMENT( ( #1072 ) );
#462 = ADVANCED_FACE( '', ( #1073 ), #1074, .T. );
#463 = PRESENTATION_STYLE_ASSIGNMENT( ( #1075 ) );
#464 = ADVANCED_FACE( '', ( #1076, #1077 ), #1078, .T. );
#465 = PRESENTATION_STYLE_ASSIGNMENT( ( #1079 ) );
#466 = ADVANCED_FACE( '', ( #1080 ), #1081, .T. );
#467 = PRESENTATION_STYLE_ASSIGNMENT( ( #1082 ) );
#468 = ADVANCED_FACE( '', ( #1083, #1084, #1085, #1086, #1087 ), #1088, .T. );
#469 = PRESENTATION_STYLE_ASSIGNMENT( ( #1089 ) );
#470 = ADVANCED_FACE( '', ( #1090 ), #1091, .F. );
#471 = PRESENTATION_STYLE_ASSIGNMENT( ( #1092 ) );
#472 = ADVANCED_FACE( '', ( #1093 ), #1094, .F. );
#473 = PRESENTATION_STYLE_ASSIGNMENT( ( #1095 ) );
#474 = ADVANCED_FACE( '', ( #1096 ), #1097, .T. );
#475 = PRESENTATION_STYLE_ASSIGNMENT( ( #1098 ) );
#476 = ADVANCED_FACE( '', ( #1099 ), #1100, .F. );
#477 = PRESENTATION_STYLE_ASSIGNMENT( ( #1101 ) );
#478 = ADVANCED_FACE( '', ( #1102 ), #1103, .T. );
#479 = PRESENTATION_STYLE_ASSIGNMENT( ( #1104 ) );
#480 = ADVANCED_FACE( '', ( #1105 ), #1106, .T. );
#481 = PRESENTATION_STYLE_ASSIGNMENT( ( #1107 ) );
#482 = ADVANCED_FACE( '', ( #1108 ), #1109, .T. );
#483 = PRESENTATION_STYLE_ASSIGNMENT( ( #1110 ) );
#484 = ADVANCED_FACE( '', ( #1111 ), #1112, .T. );
#485 = PRESENTATION_STYLE_ASSIGNMENT( ( #1113 ) );
#486 = ADVANCED_FACE( '', ( #1114 ), #1115, .T. );
#487 = PRESENTATION_STYLE_ASSIGNMENT( ( #1116 ) );
#488 = ADVANCED_FACE( '', ( #1117 ), #1118, .T. );
#489 = PRESENTATION_STYLE_ASSIGNMENT( ( #1119 ) );
#490 = ADVANCED_FACE( '', ( #1120 ), #1121, .F. );
#491 = PRESENTATION_STYLE_ASSIGNMENT( ( #1122 ) );
#492 = ADVANCED_FACE( '', ( #1123 ), #1124, .T. );
#493 = PRESENTATION_STYLE_ASSIGNMENT( ( #1125 ) );
#494 = ADVANCED_FACE( '', ( #1126 ), #1127, .T. );
#495 = PRESENTATION_STYLE_ASSIGNMENT( ( #1128 ) );
#496 = ADVANCED_FACE( '', ( #1129 ), #1130, .T. );
#497 = PRESENTATION_STYLE_ASSIGNMENT( ( #1131 ) );
#498 = ADVANCED_FACE( '', ( #1132, #1133 ), #1134, .F. );
#499 = PRESENTATION_STYLE_ASSIGNMENT( ( #1135 ) );
#500 = ADVANCED_FACE( '', ( #1136, #1137 ), #1138, .F. );
#501 = PRESENTATION_STYLE_ASSIGNMENT( ( #1139 ) );
#502 = ADVANCED_FACE( '', ( #1140 ), #1141, .T. );
#503 = PRESENTATION_STYLE_ASSIGNMENT( ( #1142 ) );
#504 = ADVANCED_FACE( '', ( #1143 ), #1144, .T. );
#505 = PRESENTATION_STYLE_ASSIGNMENT( ( #1145 ) );
#506 = ADVANCED_FACE( '', ( #1146 ), #1147, .T. );
#507 = PRESENTATION_STYLE_ASSIGNMENT( ( #1148 ) );
#508 = ADVANCED_FACE( '', ( #1149 ), #1150, .F. );
#509 = PRESENTATION_STYLE_ASSIGNMENT( ( #1151 ) );
#510 = ADVANCED_FACE( '', ( #1152 ), #1153, .T. );
#511 = PRESENTATION_STYLE_ASSIGNMENT( ( #1154 ) );
#512 = ADVANCED_FACE( '', ( #1155 ), #1156, .F. );
#513 = PRESENTATION_STYLE_ASSIGNMENT( ( #1157 ) );
#514 = ADVANCED_FACE( '', ( #1158, #1159 ), #1160, .F. );
#515 = PRESENTATION_STYLE_ASSIGNMENT( ( #1161 ) );
#516 = ADVANCED_FACE( '', ( #1162 ), #1163, .T. );
#517 = PRESENTATION_STYLE_ASSIGNMENT( ( #1164 ) );
#518 = ADVANCED_FACE( '', ( #1165 ), #1166, .F. );
#519 = PRESENTATION_STYLE_ASSIGNMENT( ( #1167 ) );
#520 = ADVANCED_FACE( '', ( #1168 ), #1169, .T. );
#521 = PRESENTATION_STYLE_ASSIGNMENT( ( #1170 ) );
#522 = ADVANCED_FACE( '', ( #1171 ), #1172, .F. );
#523 = PRESENTATION_STYLE_ASSIGNMENT( ( #1173 ) );
#524 = ADVANCED_FACE( '', ( #1174 ), #1175, .T. );
#525 = PRESENTATION_STYLE_ASSIGNMENT( ( #1176 ) );
#526 = ADVANCED_FACE( '', ( #1177 ), #1178, .T. );
#527 = PRESENTATION_STYLE_ASSIGNMENT( ( #1179 ) );
#528 = ADVANCED_FACE( '', ( #1180 ), #1181, .T. );
#529 = PRESENTATION_STYLE_ASSIGNMENT( ( #1182 ) );
#530 = ADVANCED_FACE( '', ( #1183 ), #1184, .T. );
#531 = PRESENTATION_STYLE_ASSIGNMENT( ( #1185 ) );
#532 = ADVANCED_FACE( '', ( #1186 ), #1187, .F. );
#533 = PRESENTATION_STYLE_ASSIGNMENT( ( #1188 ) );
#534 = ADVANCED_FACE( '', ( #1189 ), #1190, .T. );
#535 = PRESENTATION_STYLE_ASSIGNMENT( ( #1191 ) );
#536 = ADVANCED_FACE( '', ( #1192 ), #1193, .F. );
#537 = PRESENTATION_STYLE_ASSIGNMENT( ( #1194 ) );
#538 = ADVANCED_FACE( '', ( #1195 ), #1196, .T. );
#539 = PRESENTATION_STYLE_ASSIGNMENT( ( #1197 ) );
#540 = ADVANCED_FACE( '', ( #1198 ), #1199, .T. );
#541 = PRESENTATION_STYLE_ASSIGNMENT( ( #1200 ) );
#542 = ADVANCED_FACE( '', ( #1201 ), #1202, .T. );
#543 = PRESENTATION_STYLE_ASSIGNMENT( ( #1203 ) );
#544 = ADVANCED_FACE( '', ( #1204 ), #1205, .F. );
#545 = PRESENTATION_STYLE_ASSIGNMENT( ( #1206 ) );
#546 = ADVANCED_FACE( '', ( #1207 ), #1208, .T. );
#547 = PRESENTATION_STYLE_ASSIGNMENT( ( #1209 ) );
#548 = ADVANCED_FACE( '', ( #1210 ), #1211, .F. );
#549 = PRESENTATION_STYLE_ASSIGNMENT( ( #1212 ) );
#550 = ADVANCED_FACE( '', ( #1213, #1214 ), #1215, .T. );
#551 = PRESENTATION_STYLE_ASSIGNMENT( ( #1216 ) );
#552 = ADVANCED_FACE( '', ( #1217 ), #1218, .T. );
#553 = PRESENTATION_STYLE_ASSIGNMENT( ( #1219 ) );
#554 = ADVANCED_FACE( '', ( #1220 ), #1221, .F. );
#555 = PRESENTATION_STYLE_ASSIGNMENT( ( #1222 ) );
#556 = ADVANCED_FACE( '', ( #1223 ), #1224, .F. );
#557 = PRESENTATION_STYLE_ASSIGNMENT( ( #1225 ) );
#558 = ADVANCED_FACE( '', ( #1226 ), #1227, .T. );
#559 = PRESENTATION_STYLE_ASSIGNMENT( ( #1228 ) );
#560 = ADVANCED_FACE( '', ( #1229 ), #1230, .F. );
#561 = PRESENTATION_STYLE_ASSIGNMENT( ( #1231 ) );
#562 = ADVANCED_FACE( '', ( #1232 ), #1233, .T. );
#563 = PRESENTATION_STYLE_ASSIGNMENT( ( #1234 ) );
#564 = ADVANCED_FACE( '', ( #1235 ), #1236, .T. );
#565 = PRESENTATION_STYLE_ASSIGNMENT( ( #1237 ) );
#566 = ADVANCED_FACE( '', ( #1238, #1239 ), #1240, .F. );
#567 = PRESENTATION_STYLE_ASSIGNMENT( ( #1241 ) );
#568 = ADVANCED_FACE( '', ( #1242, #1243 ), #1244, .F. );
#569 = PRESENTATION_STYLE_ASSIGNMENT( ( #1245 ) );
#570 = ADVANCED_FACE( '', ( #1246 ), #1247, .T. );
#571 = PRESENTATION_STYLE_ASSIGNMENT( ( #1248 ) );
#572 = ADVANCED_FACE( '', ( #1249 ), #1250, .T. );
#573 = PRESENTATION_STYLE_ASSIGNMENT( ( #1251 ) );
#574 = ADVANCED_FACE( '', ( #1252, #1253 ), #1254, .F. );
#575 = PRESENTATION_STYLE_ASSIGNMENT( ( #1255 ) );
#576 = ADVANCED_FACE( '', ( #1256 ), #1257, .F. );
#577 = PRESENTATION_STYLE_ASSIGNMENT( ( #1258 ) );
#578 = ADVANCED_FACE( '', ( #1259 ), #1260, .T. );
#579 = PRESENTATION_STYLE_ASSIGNMENT( ( #1261 ) );
#580 = ADVANCED_FACE( '', ( #1262 ), #1263, .T. );
#581 = PRESENTATION_STYLE_ASSIGNMENT( ( #1264 ) );
#582 = ADVANCED_FACE( '', ( #1265 ), #1266, .T. );
#583 = PRESENTATION_STYLE_ASSIGNMENT( ( #1267 ) );
#584 = ADVANCED_FACE( '', ( #1268 ), #1269, .T. );
#585 = PRESENTATION_STYLE_ASSIGNMENT( ( #1270 ) );
#586 = ADVANCED_FACE( '', ( #1271 ), #1272, .T. );
#587 = PRESENTATION_STYLE_ASSIGNMENT( ( #1273 ) );
#588 = ADVANCED_FACE( '', ( #1274, #1275 ), #1276, .F. );
#589 = PRESENTATION_STYLE_ASSIGNMENT( ( #1277 ) );
#590 = ADVANCED_FACE( '', ( #1278 ), #1279, .T. );
#591 = PRESENTATION_STYLE_ASSIGNMENT( ( #1280 ) );
#592 = ADVANCED_FACE( '', ( #1281 ), #1282, .T. );
#593 = PRESENTATION_STYLE_ASSIGNMENT( ( #1283 ) );
#594 = ADVANCED_FACE( '', ( #1284, #1285 ), #1286, .T. );
#595 = PRESENTATION_STYLE_ASSIGNMENT( ( #1287 ) );
#596 = ADVANCED_FACE( '', ( #1288 ), #1289, .T. );
#597 = PRESENTATION_STYLE_ASSIGNMENT( ( #1290 ) );
#598 = ADVANCED_FACE( '', ( #1291 ), #1292, .T. );
#599 = PRESENTATION_STYLE_ASSIGNMENT( ( #1293 ) );
#600 = ADVANCED_FACE( '', ( #1294, #1295 ), #1296, .F. );
#601 = PRESENTATION_STYLE_ASSIGNMENT( ( #1297 ) );
#602 = ADVANCED_FACE( '', ( #1298 ), #1299, .F. );
#603 = PRESENTATION_STYLE_ASSIGNMENT( ( #1300 ) );
#604 = ADVANCED_FACE( '', ( #1301 ), #1302, .T. );
#605 = PRESENTATION_STYLE_ASSIGNMENT( ( #1303 ) );
#606 = ADVANCED_FACE( '', ( #1304 ), #1305, .T. );
#607 = PRESENTATION_STYLE_ASSIGNMENT( ( #1306 ) );
#608 = ADVANCED_FACE( '', ( #1307 ), #1308, .T. );
#609 = PRESENTATION_STYLE_ASSIGNMENT( ( #1309 ) );
#610 = ADVANCED_FACE( '', ( #1310, #1311 ), #1312, .F. );
#611 = PRESENTATION_STYLE_ASSIGNMENT( ( #1313 ) );
#612 = ADVANCED_FACE( '', ( #1314 ), #1315, .T. );
#613 = PRESENTATION_STYLE_ASSIGNMENT( ( #1316 ) );
#614 = ADVANCED_FACE( '', ( #1317 ), #1318, .F. );
#615 = PRESENTATION_STYLE_ASSIGNMENT( ( #1319 ) );
#616 = ADVANCED_FACE( '', ( #1320 ), #1321, .T. );
#617 = PRESENTATION_STYLE_ASSIGNMENT( ( #1322 ) );
#618 = ADVANCED_FACE( '', ( #1323 ), #1324, .T. );
#619 = PRESENTATION_STYLE_ASSIGNMENT( ( #1325 ) );
#620 = ADVANCED_FACE( '', ( #1326 ), #1327, .T. );
#621 = PRESENTATION_STYLE_ASSIGNMENT( ( #1328 ) );
#622 = ADVANCED_FACE( '', ( #1329 ), #1330, .T. );
#623 = PRESENTATION_STYLE_ASSIGNMENT( ( #1331 ) );
#624 = ADVANCED_FACE( '', ( #1332 ), #1333, .T. );
#625 = PRESENTATION_STYLE_ASSIGNMENT( ( #1334 ) );
#626 = ADVANCED_FACE( '', ( #1335 ), #1336, .T. );
#627 = PRESENTATION_STYLE_ASSIGNMENT( ( #1337 ) );
#628 = ADVANCED_FACE( '', ( #1338 ), #1339, .T. );
#629 = PRESENTATION_STYLE_ASSIGNMENT( ( #1340 ) );
#630 = ADVANCED_FACE( '', ( #1341 ), #1342, .T. );
#631 = PRESENTATION_STYLE_ASSIGNMENT( ( #1343 ) );
#632 = ADVANCED_FACE( '', ( #1344 ), #1345, .T. );
#633 = PRESENTATION_STYLE_ASSIGNMENT( ( #1346 ) );
#634 = ADVANCED_FACE( '', ( #1347 ), #1348, .F. );
#635 = PRESENTATION_STYLE_ASSIGNMENT( ( #1349 ) );
#636 = ADVANCED_FACE( '', ( #1350 ), #1351, .T. );
#637 = PRESENTATION_STYLE_ASSIGNMENT( ( #1352 ) );
#638 = ADVANCED_FACE( '', ( #1353, #1354 ), #1355, .F. );
#639 = PRESENTATION_STYLE_ASSIGNMENT( ( #1356 ) );
#640 = ADVANCED_FACE( '', ( #1357, #1358 ), #1359, .F. );
#641 = PRESENTATION_STYLE_ASSIGNMENT( ( #1360 ) );
#642 = ADVANCED_FACE( '', ( #1361 ), #1362, .F. );
#643 = PRESENTATION_STYLE_ASSIGNMENT( ( #1363 ) );
#644 = ADVANCED_FACE( '', ( #1364 ), #1365, .T. );
#645 = PRESENTATION_STYLE_ASSIGNMENT( ( #1366 ) );
#646 = ADVANCED_FACE( '', ( #1367 ), #1368, .T. );
#647 = PRESENTATION_STYLE_ASSIGNMENT( ( #1369 ) );
#648 = ADVANCED_FACE( '', ( #1370 ), #1371, .F. );
#649 = PRESENTATION_STYLE_ASSIGNMENT( ( #1372 ) );
#650 = ADVANCED_FACE( '', ( #1373 ), #1374, .T. );
#651 = PRESENTATION_STYLE_ASSIGNMENT( ( #1375 ) );
#652 = ADVANCED_FACE( '', ( #1376 ), #1377, .T. );
#653 = PRESENTATION_STYLE_ASSIGNMENT( ( #1378 ) );
#654 = ADVANCED_FACE( '', ( #1379 ), #1380, .T. );
#655 = PRESENTATION_STYLE_ASSIGNMENT( ( #1381 ) );
#656 = ADVANCED_FACE( '', ( #1382 ), #1383, .T. );
#657 = PRESENTATION_STYLE_ASSIGNMENT( ( #1384 ) );
#658 = ADVANCED_FACE( '', ( #1385 ), #1386, .T. );
#659 = PRESENTATION_STYLE_ASSIGNMENT( ( #1387 ) );
#660 = ADVANCED_FACE( '', ( #1388 ), #1389, .T. );
#661 = PRESENTATION_STYLE_ASSIGNMENT( ( #1390 ) );
#662 = ADVANCED_FACE( '', ( #1391 ), #1392, .T. );
#663 = PRESENTATION_STYLE_ASSIGNMENT( ( #1393 ) );
#664 = ADVANCED_FACE( '', ( #1394 ), #1395, .T. );
#665 = PRESENTATION_STYLE_ASSIGNMENT( ( #1396 ) );
#666 = ADVANCED_FACE( '', ( #1397 ), #1398, .T. );
#667 = PRESENTATION_STYLE_ASSIGNMENT( ( #1399 ) );
#668 = ADVANCED_FACE( '', ( #1400 ), #1401, .F. );
#669 = PRESENTATION_STYLE_ASSIGNMENT( ( #1402 ) );
#670 = ADVANCED_FACE( '', ( #1403 ), #1404, .F. );
#671 = PRESENTATION_STYLE_ASSIGNMENT( ( #1405 ) );
#672 = ADVANCED_FACE( '', ( #1406, #1407 ), #1408, .F. );
#673 = PRESENTATION_STYLE_ASSIGNMENT( ( #1409 ) );
#674 = ADVANCED_FACE( '', ( #1410 ), #1411, .F. );
#675 = PRESENTATION_STYLE_ASSIGNMENT( ( #1412 ) );
#676 = ADVANCED_FACE( '', ( #1413, #1414 ), #1415, .T. );
#677 = PRESENTATION_STYLE_ASSIGNMENT( ( #1416 ) );
#678 = ADVANCED_FACE( '', ( #1417, #1418 ), #1419, .T. );
#679 = PRESENTATION_STYLE_ASSIGNMENT( ( #1420 ) );
#680 = ADVANCED_FACE( '', ( #1421 ), #1422, .T. );
#681 = PRESENTATION_STYLE_ASSIGNMENT( ( #1423 ) );
#682 = ADVANCED_FACE( '', ( #1424 ), #1425, .T. );
#683 = PRESENTATION_STYLE_ASSIGNMENT( ( #1426 ) );
#684 = ADVANCED_FACE( '', ( #1427 ), #1428, .T. );
#685 = PRESENTATION_STYLE_ASSIGNMENT( ( #1429 ) );
#686 = ADVANCED_FACE( '', ( #1430, #1431 ), #1432, .F. );
#687 = PRESENTATION_STYLE_ASSIGNMENT( ( #1433 ) );
#688 = ADVANCED_FACE( '', ( #1434 ), #1435, .T. );
#689 = PRESENTATION_STYLE_ASSIGNMENT( ( #1436 ) );
#690 = ADVANCED_FACE( '', ( #1437 ), #1438, .F. );
#691 = PRESENTATION_STYLE_ASSIGNMENT( ( #1439 ) );
#692 = ADVANCED_FACE( '', ( #1440 ), #1441, .T. );
#693 = PRESENTATION_STYLE_ASSIGNMENT( ( #1442 ) );
#694 = ADVANCED_FACE( '', ( #1443 ), #1444, .T. );
#695 = PRESENTATION_STYLE_ASSIGNMENT( ( #1445 ) );
#696 = ADVANCED_FACE( '', ( #1446 ), #1447, .T. );
#697 = PRESENTATION_STYLE_ASSIGNMENT( ( #1448 ) );
#698 = ADVANCED_FACE( '', ( #1449 ), #1450, .F. );
#699 = PRESENTATION_STYLE_ASSIGNMENT( ( #1451 ) );
#700 = ADVANCED_FACE( '', ( #1452 ), #1453, .T. );
#701 = PRESENTATION_STYLE_ASSIGNMENT( ( #1454 ) );
#702 = ADVANCED_FACE( '', ( #1455, #1456 ), #1457, .F. );
#703 = PRESENTATION_STYLE_ASSIGNMENT( ( #1458 ) );
#704 = ADVANCED_FACE( '', ( #1459 ), #1460, .F. );
#705 = PRESENTATION_STYLE_ASSIGNMENT( ( #1461 ) );
#706 = ADVANCED_FACE( '', ( #1462 ), #1463, .T. );
#707 = PRESENTATION_STYLE_ASSIGNMENT( ( #1464 ) );
#708 = ADVANCED_FACE( '', ( #1465, #1466 ), #1467, .T. );
#709 = PRESENTATION_STYLE_ASSIGNMENT( ( #1468 ) );
#710 = ADVANCED_FACE( '', ( #1469 ), #1470, .T. );
#711 = PRESENTATION_STYLE_ASSIGNMENT( ( #1471 ) );
#712 = ADVANCED_FACE( '', ( #1472 ), #1473, .T. );
#713 = PRESENTATION_STYLE_ASSIGNMENT( ( #1474 ) );
#714 = ADVANCED_FACE( '', ( #1475, #1476 ), #1477, .F. );
#715 = PRESENTATION_STYLE_ASSIGNMENT( ( #1478 ) );
#716 = ADVANCED_FACE( '', ( #1479 ), #1480, .T. );
#717 = PRESENTATION_STYLE_ASSIGNMENT( ( #1481 ) );
#718 = ADVANCED_FACE( '', ( #1482 ), #1483, .F. );
#719 = PRESENTATION_STYLE_ASSIGNMENT( ( #1484 ) );
#720 = ADVANCED_FACE( '', ( #1485 ), #1486, .T. );
#721 = PRESENTATION_STYLE_ASSIGNMENT( ( #1487 ) );
#722 = ADVANCED_FACE( '', ( #1488, #1489 ), #1490, .T. );
#723 = PRESENTATION_STYLE_ASSIGNMENT( ( #1491 ) );
#724 = ADVANCED_FACE( '', ( #1492 ), #1493, .F. );
#725 = PRESENTATION_STYLE_ASSIGNMENT( ( #1494 ) );
#726 = ADVANCED_FACE( '', ( #1495 ), #1496, .F. );
#727 = PRESENTATION_STYLE_ASSIGNMENT( ( #1497 ) );
#728 = ADVANCED_FACE( '', ( #1498, #1499 ), #1500, .T. );
#729 = PRESENTATION_STYLE_ASSIGNMENT( ( #1501 ) );
#730 = ADVANCED_FACE( '', ( #1502 ), #1503, .F. );
#731 = PRESENTATION_STYLE_ASSIGNMENT( ( #1504 ) );
#732 = ADVANCED_FACE( '', ( #1505 ), #1506, .F. );
#733 = PRESENTATION_STYLE_ASSIGNMENT( ( #1507 ) );
#734 = ADVANCED_FACE( '', ( #1508 ), #1509, .F. );
#735 = PRESENTATION_STYLE_ASSIGNMENT( ( #1510 ) );
#736 = ADVANCED_FACE( '', ( #1511 ), #1512, .T. );
#737 = PRESENTATION_STYLE_ASSIGNMENT( ( #1513 ) );
#738 = ADVANCED_FACE( '', ( #1514 ), #1515, .T. );
#739 = PRESENTATION_STYLE_ASSIGNMENT( ( #1516 ) );
#740 = ADVANCED_FACE( '', ( #1517 ), #1518, .T. );
#741 = PRESENTATION_STYLE_ASSIGNMENT( ( #1519 ) );
#742 = ADVANCED_FACE( '', ( #1520, #1521, #1522, #1523, #1524, #1525, #1526, #1527, #1528 ), #1529, .F. );
#743 = PRESENTATION_STYLE_ASSIGNMENT( ( #1530 ) );
#744 = ADVANCED_FACE( '', ( #1531 ), #1532, .F. );
#745 = PRESENTATION_STYLE_ASSIGNMENT( ( #1533 ) );
#746 = ADVANCED_FACE( '', ( #1534 ), #1535, .T. );
#747 = PRESENTATION_STYLE_ASSIGNMENT( ( #1536 ) );
#748 = ADVANCED_FACE( '', ( #1537 ), #1538, .F. );
#749 = PRESENTATION_STYLE_ASSIGNMENT( ( #1539 ) );
#750 = ADVANCED_FACE( '', ( #1540 ), #1541, .T. );
#751 = PRESENTATION_STYLE_ASSIGNMENT( ( #1542 ) );
#752 = ADVANCED_FACE( '', ( #1543 ), #1544, .T. );
#753 = PRESENTATION_STYLE_ASSIGNMENT( ( #1545 ) );
#754 = ADVANCED_FACE( '', ( #1546, #1547 ), #1548, .T. );
#755 = PRESENTATION_STYLE_ASSIGNMENT( ( #1549 ) );
#756 = ADVANCED_FACE( '', ( #1550 ), #1551, .T. );
#757 = PRESENTATION_STYLE_ASSIGNMENT( ( #1552 ) );
#758 = ADVANCED_FACE( '', ( #1553 ), #1554, .F. );
#759 = PRESENTATION_STYLE_ASSIGNMENT( ( #1555 ) );
#760 = ADVANCED_FACE( '', ( #1556 ), #1557, .T. );
#761 = PRESENTATION_STYLE_ASSIGNMENT( ( #1558 ) );
#762 = ADVANCED_FACE( '', ( #1559 ), #1560, .F. );
#763 = PRESENTATION_STYLE_ASSIGNMENT( ( #1561 ) );
#764 = ADVANCED_FACE( '', ( #1562, #1563 ), #1564, .F. );
#765 = PRESENTATION_STYLE_ASSIGNMENT( ( #1565 ) );
#766 = ADVANCED_FACE( '', ( #1566 ), #1567, .T. );
#767 = PRESENTATION_STYLE_ASSIGNMENT( ( #1568 ) );
#768 = ADVANCED_FACE( '', ( #1569 ), #1570, .F. );
#769 = PRESENTATION_STYLE_ASSIGNMENT( ( #1571 ) );
#770 = ADVANCED_FACE( '', ( #1572 ), #1573, .T. );
#771 = PRESENTATION_STYLE_ASSIGNMENT( ( #1574 ) );
#772 = ADVANCED_FACE( '', ( #1575 ), #1576, .T. );
#773 = PRESENTATION_STYLE_ASSIGNMENT( ( #1577 ) );
#774 = ADVANCED_FACE( '', ( #1578 ), #1579, .F. );
#775 = PRESENTATION_STYLE_ASSIGNMENT( ( #1580 ) );
#776 = ADVANCED_FACE( '', ( #1581 ), #1582, .T. );
#777 = PRESENTATION_STYLE_ASSIGNMENT( ( #1583 ) );
#778 = ADVANCED_FACE( '', ( #1584, #1585 ), #1586, .T. );
#779 = PRESENTATION_STYLE_ASSIGNMENT( ( #1587 ) );
#780 = ADVANCED_FACE( '', ( #1588, #1589 ), #1590, .T. );
#781 = PRESENTATION_STYLE_ASSIGNMENT( ( #1591 ) );
#782 = ADVANCED_FACE( '', ( #1592 ), #1593, .F. );
#783 = PRESENTATION_STYLE_ASSIGNMENT( ( #1594 ) );
#784 = ADVANCED_FACE( '', ( #1595, #1596 ), #1597, .F. );
#785 = PRESENTATION_STYLE_ASSIGNMENT( ( #1598 ) );
#786 = ADVANCED_FACE( '', ( #1599 ), #1600, .T. );
#787 = PRESENTATION_STYLE_ASSIGNMENT( ( #1601 ) );
#788 = ADVANCED_FACE( '', ( #1602 ), #1603, .T. );
#789 = PRESENTATION_STYLE_ASSIGNMENT( ( #1604 ) );
#790 = ADVANCED_FACE( '', ( #1605 ), #1606, .T. );
#793 = LENGTH_MEASURE_WITH_UNIT( LENGTH_MEASURE( 1.00000000000000 ), #1607 );
#796 = DIMENSIONAL_EXPONENTS( 1.00000000000000, 0.000000000000000, 0.000000000000000, 0.000000000000000, 0.000000000000000, 0.000000000000000, 0.000000000000000 );
#798 = DIMENSIONAL_EXPONENTS( 0.000000000000000, 0.000000000000000, 0.000000000000000, 0.000000000000000, 0.000000000000000, 0.000000000000000, 0.000000000000000 );
#804 = PRODUCT_CONTEXT( '', #18, 'mechanical' );
#805 = PRODUCT_DEFINITION_FORMATION_WITH_SPECIFIED_SOURCE( ' ', 'NONE', #285, .NOT_KNOWN. );
#806 = CARTESIAN_POINT( '', ( 0.000000000000000, 0.000000000000000, 0.000000000000000 ) );
#807 = DIRECTION( '', ( 0.000000000000000, 0.000000000000000, 1.00000000000000 ) );
#808 = DIRECTION( '', ( 1.00000000000000, 0.000000000000000, 0.000000000000000 ) );
#809 = CARTESIAN_POINT( '', ( 1.15555796663234E-030, 7.70371977754894E-031, 0.600000000000000 ) );
#810 = DIRECTION( '', ( -5.64326264466610E-016, -5.64326264466610E-016, 1.00000000000000 ) );
#811 = DIRECTION( '', ( 3.18464132766838E-031, -1.00000000000000, -5.64326264466610E-016 ) );
#812 = CARTESIAN_POINT( '', ( 0.000000000000000, 0.000000000000000, 0.000000000000000 ) );
#813 = DIRECTION( '', ( 0.000000000000000, 0.000000000000000, 1.00000000000000 ) );
#814 = DIRECTION( '', ( 1.00000000000000, 0.000000000000000, 0.000000000000000 ) );
#817 = UNCERTAINTY_MEASURE_WITH_UNIT( LENGTH_MEASURE( 0.00100000000000000 ), #819, '', '' );
#819 =  ( CONVERSION_BASED_UNIT( 'MILLIMETRE', #1610 )LENGTH_UNIT(  )NAMED_UNIT( #1613 ) );
#820 =  ( NAMED_UNIT( #1615 )PLANE_ANGLE_UNIT(  )SI_UNIT( $, .RADIAN. ) );
#821 =  ( NAMED_UNIT( #1615 )SI_UNIT( $, .STERADIAN. )SOLID_ANGLE_UNIT(  ) );
#823 = PRODUCT_DEFINITION_FORMATION_WITH_SPECIFIED_SOURCE( ' ', 'NONE', #291, .NOT_KNOWN. );
#824 = CLOSED_SHELL( '', ( #492, #432, #788, #596, #336, #458, #738, #428, #552, #580, #338, #612, #380, #630, #692, #694, #534, #528, #786, #516, #460, #488, #370, #656, #530, #680, #494, #484, #520, #584, #330, #474, #740, #398, #524, #746, #618, #650, #310, #496, #674, #642, #444, #554, #414, #730, #490, #602, #704, #344, #634, #782, #734, #626, #598, #466, #712, #662, #352, #664, #408, #482, #620, #700, #654, #586, #718, #636, #356, #772, #604, #392, #696, #462, #400, #736, #546, #732, #390, #548, #318, #424, #470, #556, #536, #476, #368, #430, #570, #660, #410, #532, #628, #558, #502, #454, #684, #378, #778, #702, #672, #342, #726, #544, #386, #768, #748, #766, #686, #320, #340, #764, #600, #464, #514, #448, #412, #498, #638, #404, #780, #594, #566, #508, #676, #446, #550, #568, #574, #722, #742, #394, #486, #706, #750, #540, #372, #506, #456, #436, #360, #752, #362, #382, #518, #590, #350, #724, #510, #478, #442, #472, #560, #614, #522, #322, #438, #648, #774, #760, #416, #790, #396, #640, #572, #646, #418, #698, #374, #754, #606, #434, #592, #622, #652, #616, #624, #720, #316, #450, #688, #756, #582, #682, #504, #538, #364, #406, #480, #440, #354, #500, #402, #426, #348, #332, #588, #668 ) );
#825 = PRODUCT_DEFINITION_FORMATION_WITH_SPECIFIED_SOURCE( ' ', 'NONE', #299, .NOT_KNOWN. );
#826 = CLOSED_SHELL( '', ( #314, #608, #784, #388, #308, #666, #346, #334, #658, #714, #326, #468, #358, #758, #422, #716, #632, #384, #542, #562, #776, #324, #366, #770, #578, #512, #526, #564, #420, #762, #328, #690, #728, #644, #708, #312, #376, #710, #744, #610, #678, #670, #576, #452 ) );
#827 = SURFACE_STYLE_USAGE( .BOTH., #1621 );
#828 = FACE_OUTER_BOUND( '', #1622, .T. );
#829 = PLANE( '', #1623 );
#830 = SURFACE_STYLE_USAGE( .BOTH., #1624 );
#831 = FACE_OUTER_BOUND( '', #1625, .T. );
#832 = PLANE( '', #1626 );
#833 = SURFACE_STYLE_USAGE( .BOTH., #1627 );
#834 = FACE_OUTER_BOUND( '', #1628, .T. );
#835 = PLANE( '', #1629 );
#836 = SURFACE_STYLE_USAGE( .BOTH., #1630 );
#837 = FACE_OUTER_BOUND( '', #1631, .T. );
#838 = CYLINDRICAL_SURFACE( '', #1632, 0.800000000000000 );
#839 = SURFACE_STYLE_USAGE( .BOTH., #1633 );
#840 = FACE_OUTER_BOUND( '', #1634, .T. );
#841 = SURFACE_OF_LINEAR_EXTRUSION( '', #1635, #1636 );
#842 = SURFACE_STYLE_USAGE( .BOTH., #1637 );
#843 = FACE_OUTER_BOUND( '', #1638, .T. );
#844 = PLANE( '', #1639 );
#845 = SURFACE_STYLE_USAGE( .BOTH., #1640 );
#846 = FACE_OUTER_BOUND( '', #1641, .T. );
#847 = FACE_OUTER_BOUND( '', #1642, .T. );
#848 = CYLINDRICAL_SURFACE( '', #1643, 1.82500000000000 );
#849 = SURFACE_STYLE_USAGE( .BOTH., #1644 );
#850 = FACE_OUTER_BOUND( '', #1645, .T. );
#851 = PLANE( '', #1646 );
#852 = SURFACE_STYLE_USAGE( .BOTH., #1647 );
#853 = FACE_OUTER_BOUND( '', #1648, .T. );
#854 = CYLINDRICAL_SURFACE( '', #1649, 5.00000000000000 );
#855 = SURFACE_STYLE_USAGE( .BOTH., #1650 );
#856 = FACE_OUTER_BOUND( '', #1651, .T. );
#857 = FACE_BOUND( '', #1652, .T. );
#858 = FACE_BOUND( '', #1653, .T. );
#859 = PLANE( '', #1654 );
#860 = SURFACE_STYLE_USAGE( .BOTH., #1655 );
#861 = FACE_OUTER_BOUND( '', #1656, .T. );
#862 = FACE_OUTER_BOUND( '', #1657, .T. );
#863 = CYLINDRICAL_SURFACE( '', #1658, 0.500000000000000 );
#864 = SURFACE_STYLE_USAGE( .BOTH., #1659 );
#865 = FACE_OUTER_BOUND( '', #1660, .T. );
#866 = SURFACE_OF_LINEAR_EXTRUSION( '', #1661, #1662 );
#867 = SURFACE_STYLE_USAGE( .BOTH., #1663 );
#868 = FACE_BOUND( '', #1664, .T. );
#869 = FACE_OUTER_BOUND( '', #1665, .T. );
#870 = PLANE( '', #1666 );
#871 = SURFACE_STYLE_USAGE( .BOTH., #1667 );
#872 = FACE_OUTER_BOUND( '', #1668, .T. );
#873 = PLANE( '', #1669 );
#874 = SURFACE_STYLE_USAGE( .BOTH., #1670 );
#875 = FACE_OUTER_BOUND( '', #1671, .T. );
#876 = PLANE( '', #1672 );
#877 = SURFACE_STYLE_USAGE( .BOTH., #1673 );
#878 = FACE_OUTER_BOUND( '', #1674, .T. );
#879 = PLANE( '', #1675 );
#880 = SURFACE_STYLE_USAGE( .BOTH., #1676 );
#881 = FACE_OUTER_BOUND( '', #1677, .T. );
#882 = FACE_OUTER_BOUND( '', #1678, .T. );
#883 = CYLINDRICAL_SURFACE( '', #1679, 1.92500000000000 );
#884 = SURFACE_STYLE_USAGE( .BOTH., #1680 );
#885 = FACE_OUTER_BOUND( '', #1681, .T. );
#886 = FACE_OUTER_BOUND( '', #1682, .T. );
#887 = CYLINDRICAL_SURFACE( '', #1683, 0.500000000000000 );
#888 = SURFACE_STYLE_USAGE( .BOTH., #1684 );
#889 = FACE_OUTER_BOUND( '', #1685, .T. );
#890 = PLANE( '', #1686 );
#891 = SURFACE_STYLE_USAGE( .BOTH., #1687 );
#892 = FACE_OUTER_BOUND( '', #1688, .T. );
#893 = PLANE( '', #1689 );
#894 = SURFACE_STYLE_USAGE( .BOTH., #1690 );
#895 = FACE_OUTER_BOUND( '', #1691, .T. );
#896 = PLANE( '', #1692 );
#897 = SURFACE_STYLE_USAGE( .BOTH., #1693 );
#898 = FACE_OUTER_BOUND( '', #1694, .T. );
#899 = CYLINDRICAL_SURFACE( '', #1695, 2.42500000000000 );
#900 = SURFACE_STYLE_USAGE( .BOTH., #1696 );
#901 = FACE_OUTER_BOUND( '', #1697, .T. );
#902 = PLANE( '', #1698 );
#903 = SURFACE_STYLE_USAGE( .BOTH., #1699 );
#904 = FACE_OUTER_BOUND( '', #1700, .T. );
#905 = SURFACE_OF_LINEAR_EXTRUSION( '', #1701, #1702 );
#906 = SURFACE_STYLE_USAGE( .BOTH., #1703 );
#907 = FACE_OUTER_BOUND( '', #1704, .T. );
#908 = PLANE( '', #1705 );
#909 = SURFACE_STYLE_USAGE( .BOTH., #1706 );
#910 = FACE_OUTER_BOUND( '', #1707, .T. );
#911 = PLANE( '', #1708 );
#912 = SURFACE_STYLE_USAGE( .BOTH., #1709 );
#913 = FACE_BOUND( '', #1710, .T. );
#914 = FACE_OUTER_BOUND( '', #1711, .T. );
#915 = PLANE( '', #1712 );
#916 = SURFACE_STYLE_USAGE( .BOTH., #1713 );
#917 = FACE_OUTER_BOUND( '', #1714, .T. );
#918 = CYLINDRICAL_SURFACE( '', #1715, 3.12500000000000 );
#919 = SURFACE_STYLE_USAGE( .BOTH., #1716 );
#920 = FACE_OUTER_BOUND( '', #1717, .T. );
#921 = PLANE( '', #1718 );
#922 = SURFACE_STYLE_USAGE( .BOTH., #1719 );
#923 = FACE_OUTER_BOUND( '', #1720, .T. );
#924 = PLANE( '', #1721 );
#925 = SURFACE_STYLE_USAGE( .BOTH., #1722 );
#926 = FACE_OUTER_BOUND( '', #1723, .T. );
#927 = CYLINDRICAL_SURFACE( '', #1724, 0.350000000000000 );
#928 = SURFACE_STYLE_USAGE( .BOTH., #1725 );
#929 = FACE_OUTER_BOUND( '', #1726, .T. );
#930 = PLANE( '', #1727 );
#931 = SURFACE_STYLE_USAGE( .BOTH., #1728 );
#932 = FACE_OUTER_BOUND( '', #1729, .T. );
#933 = PLANE( '', #1730 );
#934 = SURFACE_STYLE_USAGE( .BOTH., #1731 );
#935 = FACE_OUTER_BOUND( '', #1732, .T. );
#936 = PLANE( '', #1733 );
#937 = SURFACE_STYLE_USAGE( .BOTH., #1734 );
#938 = FACE_OUTER_BOUND( '', #1735, .T. );
#939 = PLANE( '', #1736 );
#940 = SURFACE_STYLE_USAGE( .BOTH., #1737 );
#941 = FACE_OUTER_BOUND( '', #1738, .T. );
#942 = PLANE( '', #1739 );
#943 = SURFACE_STYLE_USAGE( .BOTH., #1740 );
#944 = FACE_OUTER_BOUND( '', #1741, .T. );
#945 = PLANE( '', #1742 );
#946 = SURFACE_STYLE_USAGE( .BOTH., #1743 );
#947 = FACE_OUTER_BOUND( '', #1744, .T. );
#948 = PLANE( '', #1745 );
#949 = SURFACE_STYLE_USAGE( .BOTH., #1746 );
#950 = FACE_OUTER_BOUND( '', #1747, .T. );
#951 = CYLINDRICAL_SURFACE( '', #1748, 5.00000000000000 );
#952 = SURFACE_STYLE_USAGE( .BOTH., #1749 );
#953 = FACE_OUTER_BOUND( '', #1750, .T. );
#954 = CYLINDRICAL_SURFACE( '', #1751, 3.12500000000000 );
#955 = SURFACE_STYLE_USAGE( .BOTH., #1752 );
#956 = FACE_OUTER_BOUND( '', #1753, .T. );
#957 = PLANE( '', #1754 );
#958 = SURFACE_STYLE_USAGE( .BOTH., #1755 );
#959 = FACE_OUTER_BOUND( '', #1756, .T. );
#960 = PLANE( '', #1757 );
#961 = SURFACE_STYLE_USAGE( .BOTH., #1758 );
#962 = FACE_OUTER_BOUND( '', #1759, .T. );
#963 = PLANE( '', #1760 );
#964 = SURFACE_STYLE_USAGE( .BOTH., #1761 );
#965 = FACE_OUTER_BOUND( '', #1762, .T. );
#966 = PLANE( '', #1763 );
#967 = SURFACE_STYLE_USAGE( .BOTH., #1764 );
#968 = FACE_OUTER_BOUND( '', #1765, .T. );
#969 = PLANE( '', #1766 );
#970 = SURFACE_STYLE_USAGE( .BOTH., #1767 );
#971 = FACE_OUTER_BOUND( '', #1768, .T. );
#972 = PLANE( '', #1769 );
#973 = SURFACE_STYLE_USAGE( .BOTH., #1770 );
#974 = FACE_OUTER_BOUND( '', #1771, .T. );
#975 = PLANE( '', #1772 );
#976 = SURFACE_STYLE_USAGE( .BOTH., #1773 );
#977 = FACE_OUTER_BOUND( '', #1774, .T. );
#978 = PLANE( '', #1775 );
#979 = SURFACE_STYLE_USAGE( .BOTH., #1776 );
#980 = FACE_OUTER_BOUND( '', #1777, .T. );
#981 = FACE_OUTER_BOUND( '', #1778, .T. );
#982 = CYLINDRICAL_SURFACE( '', #1779, 5.00000000000000 );
#983 = SURFACE_STYLE_USAGE( .BOTH., #1780 );
#984 = FACE_OUTER_BOUND( '', #1781, .T. );
#985 = PLANE( '', #1782 );
#986 = SURFACE_STYLE_USAGE( .BOTH., #1783 );
#987 = FACE_OUTER_BOUND( '', #1784, .T. );
#988 = PLANE( '', #1785 );
#989 = SURFACE_STYLE_USAGE( .BOTH., #1786 );
#990 = FACE_OUTER_BOUND( '', #1787, .T. );
#991 = PLANE( '', #1788 );
#992 = SURFACE_STYLE_USAGE( .BOTH., #1789 );
#993 = FACE_OUTER_BOUND( '', #1790, .T. );
#994 = FACE_OUTER_BOUND( '', #1791, .T. );
#995 = CYLINDRICAL_SURFACE( '', #1792, 0.725000000000000 );
#996 = SURFACE_STYLE_USAGE( .BOTH., #1793 );
#997 = FACE_OUTER_BOUND( '', #1794, .T. );
#998 = PLANE( '', #1795 );
#999 = SURFACE_STYLE_USAGE( .BOTH., #1796 );
#1000 = FACE_OUTER_BOUND( '', #1797, .T. );
#1001 = PLANE( '', #1798 );
#1002 = SURFACE_STYLE_USAGE( .BOTH., #1799 );
#1003 = FACE_OUTER_BOUND( '', #1800, .T. );
#1004 = PLANE( '', #1801 );
#1005 = SURFACE_STYLE_USAGE( .BOTH., #1802 );
#1006 = FACE_OUTER_BOUND( '', #1803, .T. );
#1007 = FACE_OUTER_BOUND( '', #1804, .T. );
#1008 = CYLINDRICAL_SURFACE( '', #1805, 0.500000000000000 );
#1009 = SURFACE_STYLE_USAGE( .BOTH., #1806 );
#1010 = FACE_OUTER_BOUND( '', #1807, .T. );
#1011 = PLANE( '', #1808 );
#1012 = SURFACE_STYLE_USAGE( .BOTH., #1809 );
#1013 = FACE_OUTER_BOUND( '', #1810, .T. );
#1014 = PLANE( '', #1811 );
#1015 = SURFACE_STYLE_USAGE( .BOTH., #1812 );
#1016 = FACE_OUTER_BOUND( '', #1813, .T. );
#1017 = PLANE( '', #1814 );
#1018 = SURFACE_STYLE_USAGE( .BOTH., #1815 );
#1019 = FACE_OUTER_BOUND( '', #1816, .T. );
#1020 = PLANE( '', #1817 );
#1021 = SURFACE_STYLE_USAGE( .BOTH., #1818 );
#1022 = FACE_OUTER_BOUND( '', #1819, .T. );
#1023 = PLANE( '', #1820 );
#1024 = SURFACE_STYLE_USAGE( .BOTH., #1821 );
#1025 = FACE_OUTER_BOUND( '', #1822, .T. );
#1026 = PLANE( '', #1823 );
#1027 = SURFACE_STYLE_USAGE( .BOTH., #1824 );
#1028 = FACE_OUTER_BOUND( '', #1825, .T. );
#1029 = FACE_OUTER_BOUND( '', #1826, .T. );
#1030 = SURFACE_OF_LINEAR_EXTRUSION( '', #1827, #1828 );
#1031 = SURFACE_STYLE_USAGE( .BOTH., #1829 );
#1032 = FACE_OUTER_BOUND( '', #1830, .T. );
#1033 = PLANE( '', #1831 );
#1034 = SURFACE_STYLE_USAGE( .BOTH., #1832 );
#1035 = FACE_OUTER_BOUND( '', #1833, .T. );
#1036 = PLANE( '', #1834 );
#1037 = SURFACE_STYLE_USAGE( .BOTH., #1835 );
#1038 = FACE_OUTER_BOUND( '', #1836, .T. );
#1039 = PLANE( '', #1837 );
#1040 = SURFACE_STYLE_USAGE( .BOTH., #1838 );
#1041 = FACE_OUTER_BOUND( '', #1839, .T. );
#1042 = PLANE( '', #1840 );
#1043 = SURFACE_STYLE_USAGE( .BOTH., #1841 );
#1044 = FACE_OUTER_BOUND( '', #1842, .T. );
#1045 = PLANE( '', #1843 );
#1046 = SURFACE_STYLE_USAGE( .BOTH., #1844 );
#1047 = FACE_OUTER_BOUND( '', #1845, .T. );
#1048 = FACE_OUTER_BOUND( '', #1846, .T. );
#1049 = TOROIDAL_SURFACE( '', #1847, 4.50000000000000, 0.500000000000000 );
#1050 = SURFACE_STYLE_USAGE( .BOTH., #1848 );
#1051 = FACE_OUTER_BOUND( '', #1849, .T. );
#1052 = FACE_OUTER_BOUND( '', #1850, .T. );
#1053 = CYLINDRICAL_SURFACE( '', #1851, 0.625000000000000 );
#1054 = SURFACE_STYLE_USAGE( .BOTH., #1852 );
#1055 = FACE_OUTER_BOUND( '', #1853, .T. );
#1056 = PLANE( '', #1854 );
#1057 = SURFACE_STYLE_USAGE( .BOTH., #1855 );
#1058 = FACE_OUTER_BOUND( '', #1856, .T. );
#1059 = PLANE( '', #1857 );
#1060 = SURFACE_STYLE_USAGE( .BOTH., #1858 );
#1061 = FACE_OUTER_BOUND( '', #1859, .T. );
#1062 = CYLINDRICAL_SURFACE( '', #1860, 0.350000000000000 );
#1063 = SURFACE_STYLE_USAGE( .BOTH., #1861 );
#1064 = FACE_OUTER_BOUND( '', #1862, .T. );
#1065 = PLANE( '', #1863 );
#1066 = SURFACE_STYLE_USAGE( .BOTH., #1864 );
#1067 = FACE_OUTER_BOUND( '', #1865, .T. );
#1068 = PLANE( '', #1866 );
#1069 = SURFACE_STYLE_USAGE( .BOTH., #1867 );
#1070 = FACE_OUTER_BOUND( '', #1868, .T. );
#1071 = PLANE( '', #1869 );
#1072 = SURFACE_STYLE_USAGE( .BOTH., #1870 );
#1073 = FACE_OUTER_BOUND( '', #1871, .T. );
#1074 = PLANE( '', #1872 );
#1075 = SURFACE_STYLE_USAGE( .BOTH., #1873 );
#1076 = FACE_OUTER_BOUND( '', #1874, .T. );
#1077 = FACE_OUTER_BOUND( '', #1875, .T. );
#1078 = CYLINDRICAL_SURFACE( '', #1876, 1.32500000000000 );
#1079 = SURFACE_STYLE_USAGE( .BOTH., #1877 );
#1080 = FACE_OUTER_BOUND( '', #1878, .T. );
#1081 = PLANE( '', #1879 );
#1082 = SURFACE_STYLE_USAGE( .BOTH., #1880 );
#1083 = FACE_OUTER_BOUND( '', #1881, .T. );
#1084 = FACE_BOUND( '', #1882, .T. );
#1085 = FACE_BOUND( '', #1883, .T. );
#1086 = FACE_BOUND( '', #1884, .T. );
#1087 = FACE_BOUND( '', #1885, .T. );
#1088 = PLANE( '', #1886 );
#1089 = SURFACE_STYLE_USAGE( .BOTH., #1887 );
#1090 = FACE_OUTER_BOUND( '', #1888, .T. );
#1091 = CYLINDRICAL_SURFACE( '', #1889, 0.0500000000000006 );
#1092 = SURFACE_STYLE_USAGE( .BOTH., #1890 );
#1093 = FACE_OUTER_BOUND( '', #1891, .T. );
#1094 = PLANE( '', #1892 );
#1095 = SURFACE_STYLE_USAGE( .BOTH., #1893 );
#1096 = FACE_OUTER_BOUND( '', #1894, .T. );
#1097 = SURFACE_OF_LINEAR_EXTRUSION( '', #1895, #1896 );
#1098 = SURFACE_STYLE_USAGE( .BOTH., #1897 );
#1099 = FACE_OUTER_BOUND( '', #1898, .T. );
#1100 = PLANE( '', #1899 );
#1101 = SURFACE_STYLE_USAGE( .BOTH., #1900 );
#1102 = FACE_OUTER_BOUND( '', #1901, .T. );
#1103 = PLANE( '', #1902 );
#1104 = SURFACE_STYLE_USAGE( .BOTH., #1903 );
#1105 = FACE_OUTER_BOUND( '', #1904, .T. );
#1106 = PLANE( '', #1905 );
#1107 = SURFACE_STYLE_USAGE( .BOTH., #1906 );
#1108 = FACE_OUTER_BOUND( '', #1907, .T. );
#1109 = PLANE( '', #1908 );
#1110 = SURFACE_STYLE_USAGE( .BOTH., #1909 );
#1111 = FACE_OUTER_BOUND( '', #1910, .T. );
#1112 = PLANE( '', #1911 );
#1113 = SURFACE_STYLE_USAGE( .BOTH., #1912 );
#1114 = FACE_OUTER_BOUND( '', #1913, .T. );
#1115 = SURFACE_OF_LINEAR_EXTRUSION( '', #1914, #1915 );
#1116 = SURFACE_STYLE_USAGE( .BOTH., #1916 );
#1117 = FACE_OUTER_BOUND( '', #1917, .T. );
#1118 = PLANE( '', #1918 );
#1119 = SURFACE_STYLE_USAGE( .BOTH., #1919 );
#1120 = FACE_OUTER_BOUND( '', #1920, .T. );
#1121 = PLANE( '', #1921 );
#1122 = SURFACE_STYLE_USAGE( .BOTH., #1922 );
#1123 = FACE_OUTER_BOUND( '', #1923, .T. );
#1124 = SURFACE_OF_LINEAR_EXTRUSION( '', #1924, #1925 );
#1125 = SURFACE_STYLE_USAGE( .BOTH., #1926 );
#1126 = FACE_OUTER_BOUND( '', #1927, .T. );
#1127 = PLANE( '', #1928 );
#1128 = SURFACE_STYLE_USAGE( .BOTH., #1929 );
#1129 = FACE_OUTER_BOUND( '', #1930, .T. );
#1130 = PLANE( '', #1931 );
#1131 = SURFACE_STYLE_USAGE( .BOTH., #1932 );
#1132 = FACE_BOUND( '', #1933, .T. );
#1133 = FACE_OUTER_BOUND( '', #1934, .T. );
#1134 = PLANE( '', #1935 );
#1135 = SURFACE_STYLE_USAGE( .BOTH., #1936 );
#1136 = FACE_OUTER_BOUND( '', #1937, .T. );
#1137 = FACE_BOUND( '', #1938, .T. );
#1138 = PLANE( '', #1939 );
#1139 = SURFACE_STYLE_USAGE( .BOTH., #1940 );
#1140 = FACE_OUTER_BOUND( '', #1941, .T. );
#1141 = PLANE( '', #1942 );
#1142 = SURFACE_STYLE_USAGE( .BOTH., #1943 );
#1143 = FACE_OUTER_BOUND( '', #1944, .T. );
#1144 = PLANE( '', #1945 );
#1145 = SURFACE_STYLE_USAGE( .BOTH., #1946 );
#1146 = FACE_OUTER_BOUND( '', #1947, .T. );
#1147 = PLANE( '', #1948 );
#1148 = SURFACE_STYLE_USAGE( .BOTH., #1949 );
#1149 = FACE_OUTER_BOUND( '', #1950, .T. );
#1150 = PLANE( '', #1951 );
#1151 = SURFACE_STYLE_USAGE( .BOTH., #1952 );
#1152 = FACE_OUTER_BOUND( '', #1953, .T. );
#1153 = PLANE( '', #1954 );
#1154 = SURFACE_STYLE_USAGE( .BOTH., #1955 );
#1155 = FACE_OUTER_BOUND( '', #1956, .T. );
#1156 = CYLINDRICAL_SURFACE( '', #1957, 5.00000000000000 );
#1157 = SURFACE_STYLE_USAGE( .BOTH., #1958 );
#1158 = FACE_BOUND( '', #1959, .T. );
#1159 = FACE_OUTER_BOUND( '', #1960, .T. );
#1160 = PLANE( '', #1961 );
#1161 = SURFACE_STYLE_USAGE( .BOTH., #1962 );
#1162 = FACE_OUTER_BOUND( '', #1963, .T. );
#1163 = PLANE( '', #1964 );
#1164 = SURFACE_STYLE_USAGE( .BOTH., #1965 );
#1165 = FACE_OUTER_BOUND( '', #1966, .T. );
#1166 = CYLINDRICAL_SURFACE( '', #1967, 3.02500000000000 );
#1167 = SURFACE_STYLE_USAGE( .BOTH., #1968 );
#1168 = FACE_OUTER_BOUND( '', #1969, .T. );
#1169 = PLANE( '', #1970 );
#1170 = SURFACE_STYLE_USAGE( .BOTH., #1971 );
#1171 = FACE_OUTER_BOUND( '', #1972, .T. );
#1172 = PLANE( '', #1973 );
#1173 = SURFACE_STYLE_USAGE( .BOTH., #1974 );
#1174 = FACE_OUTER_BOUND( '', #1975, .T. );
#1175 = SURFACE_OF_LINEAR_EXTRUSION( '', #1976, #1977 );
#1176 = SURFACE_STYLE_USAGE( .BOTH., #1978 );
#1177 = FACE_OUTER_BOUND( '', #1979, .T. );
#1178 = PLANE( '', #1980 );
#1179 = SURFACE_STYLE_USAGE( .BOTH., #1981 );
#1180 = FACE_OUTER_BOUND( '', #1982, .T. );
#1181 = PLANE( '', #1983 );
#1182 = SURFACE_STYLE_USAGE( .BOTH., #1984 );
#1183 = FACE_OUTER_BOUND( '', #1985, .T. );
#1184 = PLANE( '', #1986 );
#1185 = SURFACE_STYLE_USAGE( .BOTH., #1987 );
#1186 = FACE_OUTER_BOUND( '', #1988, .T. );
#1187 = CYLINDRICAL_SURFACE( '', #1989, 0.0500000000000000 );
#1188 = SURFACE_STYLE_USAGE( .BOTH., #1990 );
#1189 = FACE_OUTER_BOUND( '', #1991, .T. );
#1190 = PLANE( '', #1992 );
#1191 = SURFACE_STYLE_USAGE( .BOTH., #1993 );
#1192 = FACE_OUTER_BOUND( '', #1994, .T. );
#1193 = PLANE( '', #1995 );
#1194 = SURFACE_STYLE_USAGE( .BOTH., #1996 );
#1195 = FACE_OUTER_BOUND( '', #1997, .T. );
#1196 = PLANE( '', #1998 );
#1197 = SURFACE_STYLE_USAGE( .BOTH., #1999 );
#1198 = FACE_OUTER_BOUND( '', #2000, .T. );
#1199 = SURFACE_OF_LINEAR_EXTRUSION( '', #2001, #2002 );
#1200 = SURFACE_STYLE_USAGE( .BOTH., #2003 );
#1201 = FACE_OUTER_BOUND( '', #2004, .T. );
#1202 = PLANE( '', #2005 );
#1203 = SURFACE_STYLE_USAGE( .BOTH., #2006 );
#1204 = FACE_OUTER_BOUND( '', #2007, .T. );
#1205 = CYLINDRICAL_SURFACE( '', #2008, 3.02500000000000 );
#1206 = SURFACE_STYLE_USAGE( .BOTH., #2009 );
#1207 = FACE_OUTER_BOUND( '', #2010, .T. );
#1208 = PLANE( '', #2011 );
#1209 = SURFACE_STYLE_USAGE( .BOTH., #2012 );
#1210 = FACE_OUTER_BOUND( '', #2013, .T. );
#1211 = CYLINDRICAL_SURFACE( '', #2014, 4.50000000000000 );
#1212 = SURFACE_STYLE_USAGE( .BOTH., #2015 );
#1213 = FACE_OUTER_BOUND( '', #2016, .T. );
#1214 = FACE_OUTER_BOUND( '', #2017, .T. );
#1215 = TOROIDAL_SURFACE( '', #2018, 4.50000000000000, 0.500000000000000 );
#1216 = SURFACE_STYLE_USAGE( .BOTH., #2019 );
#1217 = FACE_OUTER_BOUND( '', #2020, .T. );
#1218 = PLANE( '', #2021 );
#1219 = SURFACE_STYLE_USAGE( .BOTH., #2022 );
#1220 = FACE_OUTER_BOUND( '', #2023, .T. );
#1221 = PLANE( '', #2024 );
#1222 = SURFACE_STYLE_USAGE( .BOTH., #2025 );
#1223 = FACE_OUTER_BOUND( '', #2026, .T. );
#1224 = PLANE( '', #2027 );
#1225 = SURFACE_STYLE_USAGE( .BOTH., #2028 );
#1226 = FACE_OUTER_BOUND( '', #2029, .T. );
#1227 = PLANE( '', #2030 );
#1228 = SURFACE_STYLE_USAGE( .BOTH., #2031 );
#1229 = FACE_OUTER_BOUND( '', #2032, .T. );
#1230 = PLANE( '', #2033 );
#1231 = SURFACE_STYLE_USAGE( .BOTH., #2034 );
#1232 = FACE_OUTER_BOUND( '', #2035, .T. );
#1233 = PLANE( '', #2036 );
#1234 = SURFACE_STYLE_USAGE( .BOTH., #2037 );
#1235 = FACE_OUTER_BOUND( '', #2038, .T. );
#1236 = PLANE( '', #2039 );
#1237 = SURFACE_STYLE_USAGE( .BOTH., #2040 );
#1238 = FACE_BOUND( '', #2041, .T. );
#1239 = FACE_OUTER_BOUND( '', #2042, .T. );
#1240 = PLANE( '', #2043 );
#1241 = SURFACE_STYLE_USAGE( .BOTH., #2044 );
#1242 = FACE_OUTER_BOUND( '', #2045, .T. );
#1243 = FACE_OUTER_BOUND( '', #2046, .T. );
#1244 = TOROIDAL_SURFACE( '', #2047, 4.75000000000000, 0.300000000000000 );
#1245 = SURFACE_STYLE_USAGE( .BOTH., #2048 );
#1246 = FACE_OUTER_BOUND( '', #2049, .T. );
#1247 = PLANE( '', #2050 );
#1248 = SURFACE_STYLE_USAGE( .BOTH., #2051 );
#1249 = FACE_OUTER_BOUND( '', #2052, .T. );
#1250 = PLANE( '', #2053 );
#1251 = SURFACE_STYLE_USAGE( .BOTH., #2054 );
#1252 = FACE_OUTER_BOUND( '', #2055, .T. );
#1253 = FACE_OUTER_BOUND( '', #2056, .T. );
#1254 = TOROIDAL_SURFACE( '', #2057, 4.75000000000000, 0.300000000000000 );
#1255 = SURFACE_STYLE_USAGE( .BOTH., #2058 );
#1256 = FACE_OUTER_BOUND( '', #2059, .T. );
#1257 = CYLINDRICAL_SURFACE( '', #2060, 0.650000000000000 );
#1258 = SURFACE_STYLE_USAGE( .BOTH., #2061 );
#1259 = FACE_OUTER_BOUND( '', #2062, .T. );
#1260 = PLANE( '', #2063 );
#1261 = SURFACE_STYLE_USAGE( .BOTH., #2064 );
#1262 = FACE_OUTER_BOUND( '', #2065, .T. );
#1263 = PLANE( '', #2066 );
#1264 = SURFACE_STYLE_USAGE( .BOTH., #2067 );
#1265 = FACE_OUTER_BOUND( '', #2068, .T. );
#1266 = PLANE( '', #2069 );
#1267 = SURFACE_STYLE_USAGE( .BOTH., #2070 );
#1268 = FACE_OUTER_BOUND( '', #2071, .T. );
#1269 = SURFACE_OF_LINEAR_EXTRUSION( '', #2072, #2073 );
#1270 = SURFACE_STYLE_USAGE( .BOTH., #2074 );
#1271 = FACE_OUTER_BOUND( '', #2075, .T. );
#1272 = PLANE( '', #2076 );
#1273 = SURFACE_STYLE_USAGE( .BOTH., #2077 );
#1274 = FACE_BOUND( '', #2078, .T. );
#1275 = FACE_OUTER_BOUND( '', #2079, .T. );
#1276 = PLANE( '', #2080 );
#1277 = SURFACE_STYLE_USAGE( .BOTH., #2081 );
#1278 = FACE_OUTER_BOUND( '', #2082, .T. );
#1279 = CYLINDRICAL_SURFACE( '', #2083, 2.52500000000000 );
#1280 = SURFACE_STYLE_USAGE( .BOTH., #2084 );
#1281 = FACE_OUTER_BOUND( '', #2085, .T. );
#1282 = PLANE( '', #2086 );
#1283 = SURFACE_STYLE_USAGE( .BOTH., #2087 );
#1284 = FACE_OUTER_BOUND( '', #2088, .T. );
#1285 = FACE_OUTER_BOUND( '', #2089, .T. );
#1286 = CYLINDRICAL_SURFACE( '', #2090, 5.00000000000000 );
#1287 = SURFACE_STYLE_USAGE( .BOTH., #2091 );
#1288 = FACE_OUTER_BOUND( '', #2092, .T. );
#1289 = PLANE( '', #2093 );
#1290 = SURFACE_STYLE_USAGE( .BOTH., #2094 );
#1291 = FACE_OUTER_BOUND( '', #2095, .T. );
#1292 = PLANE( '', #2096 );
#1293 = SURFACE_STYLE_USAGE( .BOTH., #2097 );
#1294 = FACE_OUTER_BOUND( '', #2098, .T. );
#1295 = FACE_OUTER_BOUND( '', #2099, .T. );
#1296 = CYLINDRICAL_SURFACE( '', #2100, 1.22500000000000 );
#1297 = SURFACE_STYLE_USAGE( .BOTH., #2101 );
#1298 = FACE_OUTER_BOUND( '', #2102, .T. );
#1299 = PLANE( '', #2103 );
#1300 = SURFACE_STYLE_USAGE( .BOTH., #2104 );
#1301 = FACE_OUTER_BOUND( '', #2105, .T. );
#1302 = PLANE( '', #2106 );
#1303 = SURFACE_STYLE_USAGE( .BOTH., #2107 );
#1304 = FACE_OUTER_BOUND( '', #2108, .T. );
#1305 = PLANE( '', #2109 );
#1306 = SURFACE_STYLE_USAGE( .BOTH., #2110 );
#1307 = FACE_OUTER_BOUND( '', #2111, .T. );
#1308 = CYLINDRICAL_SURFACE( '', #2112, 0.800000000000000 );
#1309 = SURFACE_STYLE_USAGE( .BOTH., #2113 );
#1310 = FACE_BOUND( '', #2114, .T. );
#1311 = FACE_OUTER_BOUND( '', #2115, .T. );
#1312 = PLANE( '', #2116 );
#1313 = SURFACE_STYLE_USAGE( .BOTH., #2117 );
#1314 = FACE_OUTER_BOUND( '', #2118, .T. );
#1315 = PLANE( '', #2119 );
#1316 = SURFACE_STYLE_USAGE( .BOTH., #2120 );
#1317 = FACE_OUTER_BOUND( '', #2121, .T. );
#1318 = PLANE( '', #2122 );
#1319 = SURFACE_STYLE_USAGE( .BOTH., #2123 );
#1320 = FACE_OUTER_BOUND( '', #2124, .T. );
#1321 = PLANE( '', #2125 );
#1322 = SURFACE_STYLE_USAGE( .BOTH., #2126 );
#1323 = FACE_OUTER_BOUND( '', #2127, .T. );
#1324 = PLANE( '', #2128 );
#1325 = SURFACE_STYLE_USAGE( .BOTH., #2129 );
#1326 = FACE_OUTER_BOUND( '', #2130, .T. );
#1327 = PLANE( '', #2131 );
#1328 = SURFACE_STYLE_USAGE( .BOTH., #2132 );
#1329 = FACE_OUTER_BOUND( '', #2133, .T. );
#1330 = SURFACE_OF_LINEAR_EXTRUSION( '', #2134, #2135 );
#1331 = SURFACE_STYLE_USAGE( .BOTH., #2136 );
#1332 = FACE_OUTER_BOUND( '', #2137, .T. );
#1333 = PLANE( '', #2138 );
#1334 = SURFACE_STYLE_USAGE( .BOTH., #2139 );
#1335 = FACE_OUTER_BOUND( '', #2140, .T. );
#1336 = PLANE( '', #2141 );
#1337 = SURFACE_STYLE_USAGE( .BOTH., #2142 );
#1338 = FACE_OUTER_BOUND( '', #2143, .T. );
#1339 = PLANE( '', #2144 );
#1340 = SURFACE_STYLE_USAGE( .BOTH., #2145 );
#1341 = FACE_OUTER_BOUND( '', #2146, .T. );
#1342 = PLANE( '', #2147 );
#1343 = SURFACE_STYLE_USAGE( .BOTH., #2148 );
#1344 = FACE_OUTER_BOUND( '', #2149, .T. );
#1345 = PLANE( '', #2150 );
#1346 = SURFACE_STYLE_USAGE( .BOTH., #2151 );
#1347 = FACE_OUTER_BOUND( '', #2152, .T. );
#1348 = PLANE( '', #2153 );
#1349 = SURFACE_STYLE_USAGE( .BOTH., #2154 );
#1350 = FACE_OUTER_BOUND( '', #2155, .T. );
#1351 = PLANE( '', #2156 );
#1352 = SURFACE_STYLE_USAGE( .BOTH., #2157 );
#1353 = FACE_OUTER_BOUND( '', #2158, .T. );
#1354 = FACE_OUTER_BOUND( '', #2159, .T. );
#1355 = CYLINDRICAL_SURFACE( '', #2160, 3.50000000000000 );
#1356 = SURFACE_STYLE_USAGE( .BOTH., #2161 );
#1357 = FACE_OUTER_BOUND( '', #2162, .T. );
#1358 = FACE_OUTER_BOUND( '', #2163, .T. );
#1359 = TOROIDAL_SURFACE( '', #2164, 3.40000000000000, 0.100000000000000 );
#1360 = SURFACE_STYLE_USAGE( .BOTH., #2165 );
#1361 = FACE_OUTER_BOUND( '', #2166, .T. );
#1362 = PLANE( '', #2167 );
#1363 = SURFACE_STYLE_USAGE( .BOTH., #2168 );
#1364 = FACE_OUTER_BOUND( '', #2169, .T. );
#1365 = PLANE( '', #2170 );
#1366 = SURFACE_STYLE_USAGE( .BOTH., #2171 );
#1367 = FACE_OUTER_BOUND( '', #2172, .T. );
#1368 = PLANE( '', #2173 );
#1369 = SURFACE_STYLE_USAGE( .BOTH., #2174 );
#1370 = FACE_OUTER_BOUND( '', #2175, .T. );
#1371 = PLANE( '', #2176 );
#1372 = SURFACE_STYLE_USAGE( .BOTH., #2177 );
#1373 = FACE_OUTER_BOUND( '', #2178, .T. );
#1374 = PLANE( '', #2179 );
#1375 = SURFACE_STYLE_USAGE( .BOTH., #2180 );
#1376 = FACE_OUTER_BOUND( '', #2181, .T. );
#1377 = SURFACE_OF_LINEAR_EXTRUSION( '', #2182, #2183 );
#1378 = SURFACE_STYLE_USAGE( .BOTH., #2184 );
#1379 = FACE_OUTER_BOUND( '', #2185, .T. );
#1380 = PLANE( '', #2186 );
#1381 = SURFACE_STYLE_USAGE( .BOTH., #2187 );
#1382 = FACE_OUTER_BOUND( '', #2188, .T. );
#1383 = PLANE( '', #2189 );
#1384 = SURFACE_STYLE_USAGE( .BOTH., #2190 );
#1385 = FACE_OUTER_BOUND( '', #2191, .T. );
#1386 = PLANE( '', #2192 );
#1387 = SURFACE_STYLE_USAGE( .BOTH., #2193 );
#1388 = FACE_OUTER_BOUND( '', #2194, .T. );
#1389 = PLANE( '', #2195 );
#1390 = SURFACE_STYLE_USAGE( .BOTH., #2196 );
#1391 = FACE_OUTER_BOUND( '', #2197, .T. );
#1392 = PLANE( '', #2198 );
#1393 = SURFACE_STYLE_USAGE( .BOTH., #2199 );
#1394 = FACE_OUTER_BOUND( '', #2200, .T. );
#1395 = PLANE( '', #2201 );
#1396 = SURFACE_STYLE_USAGE( .BOTH., #2202 );
#1397 = FACE_OUTER_BOUND( '', #2203, .T. );
#1398 = PLANE( '', #2204 );
#1399 = SURFACE_STYLE_USAGE( .BOTH., #2205 );
#1400 = FACE_OUTER_BOUND( '', #2206, .T. );
#1401 = PLANE( '', #2207 );
#1402 = SURFACE_STYLE_USAGE( .BOTH., #2208 );
#1403 = FACE_OUTER_BOUND( '', #2209, .T. );
#1404 = PLANE( '', #2210 );
#1405 = SURFACE_STYLE_USAGE( .BOTH., #2211 );
#1406 = FACE_BOUND( '', #2212, .T. );
#1407 = FACE_OUTER_BOUND( '', #2213, .T. );
#1408 = PLANE( '', #2214 );
#1409 = SURFACE_STYLE_USAGE( .BOTH., #2215 );
#1410 = FACE_OUTER_BOUND( '', #2216, .T. );
#1411 = PLANE( '', #2217 );
#1412 = SURFACE_STYLE_USAGE( .BOTH., #2218 );
#1413 = FACE_OUTER_BOUND( '', #2219, .T. );
#1414 = FACE_OUTER_BOUND( '', #2220, .T. );
#1415 = TOROIDAL_SURFACE( '', #2221, 4.70000000000000, 0.300000000000000 );
#1416 = SURFACE_STYLE_USAGE( .BOTH., #2222 );
#1417 = FACE_OUTER_BOUND( '', #2223, .T. );
#1418 = FACE_BOUND( '', #2224, .T. );
#1419 = PLANE( '', #2225 );
#1420 = SURFACE_STYLE_USAGE( .BOTH., #2226 );
#1421 = FACE_OUTER_BOUND( '', #2227, .T. );
#1422 = PLANE( '', #2228 );
#1423 = SURFACE_STYLE_USAGE( .BOTH., #2229 );
#1424 = FACE_OUTER_BOUND( '', #2230, .T. );
#1425 = PLANE( '', #2231 );
#1426 = SURFACE_STYLE_USAGE( .BOTH., #2232 );
#1427 = FACE_OUTER_BOUND( '', #2233, .T. );
#1428 = PLANE( '', #2234 );
#1429 = SURFACE_STYLE_USAGE( .BOTH., #2235 );
#1430 = FACE_BOUND( '', #2236, .T. );
#1431 = FACE_OUTER_BOUND( '', #2237, .T. );
#1432 = PLANE( '', #2238 );
#1433 = SURFACE_STYLE_USAGE( .BOTH., #2239 );
#1434 = FACE_OUTER_BOUND( '', #2240, .T. );
#1435 = SURFACE_OF_LINEAR_EXTRUSION( '', #2241, #2242 );
#1436 = SURFACE_STYLE_USAGE( .BOTH., #2243 );
#1437 = FACE_OUTER_BOUND( '', #2244, .T. );
#1438 = PLANE( '', #2245 );
#1439 = SURFACE_STYLE_USAGE( .BOTH., #2246 );
#1440 = FACE_OUTER_BOUND( '', #2247, .T. );
#1441 = PLANE( '', #2248 );
#1442 = SURFACE_STYLE_USAGE( .BOTH., #2249 );
#1443 = FACE_OUTER_BOUND( '', #2250, .T. );
#1444 = PLANE( '', #2251 );
#1445 = SURFACE_STYLE_USAGE( .BOTH., #2252 );
#1446 = FACE_OUTER_BOUND( '', #2253, .T. );
#1447 = PLANE( '', #2254 );
#1448 = SURFACE_STYLE_USAGE( .BOTH., #2255 );
#1449 = FACE_OUTER_BOUND( '', #2256, .T. );
#1450 = PLANE( '', #2257 );
#1451 = SURFACE_STYLE_USAGE( .BOTH., #2258 );
#1452 = FACE_OUTER_BOUND( '', #2259, .T. );
#1453 = PLANE( '', #2260 );
#1454 = SURFACE_STYLE_USAGE( .BOTH., #2261 );
#1455 = FACE_OUTER_BOUND( '', #2262, .T. );
#1456 = FACE_OUTER_BOUND( '', #2263, .T. );
#1457 = CYLINDRICAL_SURFACE( '', #2264, 0.500000000000000 );
#1458 = SURFACE_STYLE_USAGE( .BOTH., #2265 );
#1459 = FACE_OUTER_BOUND( '', #2266, .T. );
#1460 = PLANE( '', #2267 );
#1461 = SURFACE_STYLE_USAGE( .BOTH., #2268 );
#1462 = FACE_OUTER_BOUND( '', #2269, .T. );
#1463 = PLANE( '', #2270 );
#1464 = SURFACE_STYLE_USAGE( .BOTH., #2271 );
#1465 = FACE_OUTER_BOUND( '', #2272, .T. );
#1466 = FACE_OUTER_BOUND( '', #2273, .T. );
#1467 = CYLINDRICAL_SURFACE( '', #2274, 0.500000000000000 );
#1468 = SURFACE_STYLE_USAGE( .BOTH., #2275 );
#1469 = FACE_OUTER_BOUND( '', #2276, .T. );
#1470 = PLANE( '', #2277 );
#1471 = SURFACE_STYLE_USAGE( .BOTH., #2278 );
#1472 = FACE_OUTER_BOUND( '', #2279, .T. );
#1473 = PLANE( '', #2280 );
#1474 = SURFACE_STYLE_USAGE( .BOTH., #2281 );
#1475 = FACE_OUTER_BOUND( '', #2282, .T. );
#1476 = FACE_OUTER_BOUND( '', #2283, .T. );
#1477 = CYLINDRICAL_SURFACE( '', #2284, 0.600000000000000 );
#1478 = SURFACE_STYLE_USAGE( .BOTH., #2285 );
#1479 = FACE_OUTER_BOUND( '', #2286, .T. );
#1480 = PLANE( '', #2287 );
#1481 = SURFACE_STYLE_USAGE( .BOTH., #2288 );
#1482 = FACE_OUTER_BOUND( '', #2289, .T. );
#1483 = PLANE( '', #2290 );
#1484 = SURFACE_STYLE_USAGE( .BOTH., #2291 );
#1485 = FACE_OUTER_BOUND( '', #2292, .T. );
#1486 = PLANE( '', #2293 );
#1487 = SURFACE_STYLE_USAGE( .BOTH., #2294 );
#1488 = FACE_OUTER_BOUND( '', #2295, .T. );
#1489 = FACE_OUTER_BOUND( '', #2296, .T. );
#1490 = TOROIDAL_SURFACE( '', #2297, 4.70000000000000, 0.300000000000000 );
#1491 = SURFACE_STYLE_USAGE( .BOTH., #2298 );
#1492 = FACE_OUTER_BOUND( '', #2299, .T. );
#1493 = PLANE( '', #2300 );
#1494 = SURFACE_STYLE_USAGE( .BOTH., #2301 );
#1495 = FACE_OUTER_BOUND( '', #2302, .T. );
#1496 = PLANE( '', #2303 );
#1497 = SURFACE_STYLE_USAGE( .BOTH., #2304 );
#1498 = FACE_OUTER_BOUND( '', #2305, .T. );
#1499 = FACE_OUTER_BOUND( '', #2306, .T. );
#1500 = CYLINDRICAL_SURFACE( '', #2307, 0.500000000000000 );
#1501 = SURFACE_STYLE_USAGE( .BOTH., #2308 );
#1502 = FACE_OUTER_BOUND( '', #2309, .T. );
#1503 = PLANE( '', #2310 );
#1504 = SURFACE_STYLE_USAGE( .BOTH., #2311 );
#1505 = FACE_OUTER_BOUND( '', #2312, .T. );
#1506 = PLANE( '', #2313 );
#1507 = SURFACE_STYLE_USAGE( .BOTH., #2314 );
#1508 = FACE_OUTER_BOUND( '', #2315, .T. );
#1509 = PLANE( '', #2316 );
#1510 = SURFACE_STYLE_USAGE( .BOTH., #2317 );
#1511 = FACE_OUTER_BOUND( '', #2318, .T. );
#1512 = PLANE( '', #2319 );
#1513 = SURFACE_STYLE_USAGE( .BOTH., #2320 );
#1514 = FACE_OUTER_BOUND( '', #2321, .T. );
#1515 = PLANE( '', #2322 );
#1516 = SURFACE_STYLE_USAGE( .BOTH., #2323 );
#1517 = FACE_OUTER_BOUND( '', #2324, .T. );
#1518 = SURFACE_OF_LINEAR_EXTRUSION( '', #2325, #2326 );
#1519 = SURFACE_STYLE_USAGE( .BOTH., #2327 );
#1520 = FACE_BOUND( '', #2328, .T. );
#1521 = FACE_BOUND( '', #2329, .T. );
#1522 = FACE_BOUND( '', #2330, .T. );
#1523 = FACE_BOUND( '', #2331, .T. );
#1524 = FACE_BOUND( '', #2332, .T. );
#1525 = FACE_OUTER_BOUND( '', #2333, .T. );
#1526 = FACE_BOUND( '', #2334, .T. );
#1527 = FACE_BOUND( '', #2335, .T. );
#1528 = FACE_BOUND( '', #2336, .T. );
#1529 = PLANE( '', #2337 );
#1530 = SURFACE_STYLE_USAGE( .BOTH., #2338 );
#1531 = FACE_OUTER_BOUND( '', #2339, .T. );
#1532 = CYLINDRICAL_SURFACE( '', #2340, 0.650000000000000 );
#1533 = SURFACE_STYLE_USAGE( .BOTH., #2341 );
#1534 = FACE_OUTER_BOUND( '', #2342, .T. );
#1535 = SURFACE_OF_LINEAR_EXTRUSION( '', #2343, #2344 );
#1536 = SURFACE_STYLE_USAGE( .BOTH., #2345 );
#1537 = FACE_OUTER_BOUND( '', #2346, .T. );
#1538 = CYLINDRICAL_SURFACE( '', #2347, 2.42500000000000 );
#1539 = SURFACE_STYLE_USAGE( .BOTH., #2348 );
#1540 = FACE_OUTER_BOUND( '', #2349, .T. );
#1541 = SURFACE_OF_LINEAR_EXTRUSION( '', #2350, #2351 );
#1542 = SURFACE_STYLE_USAGE( .BOTH., #2352 );
#1543 = FACE_OUTER_BOUND( '', #2353, .T. );
#1544 = PLANE( '', #2354 );
#1545 = SURFACE_STYLE_USAGE( .BOTH., #2355 );
#1546 = FACE_BOUND( '', #2356, .T. );
#1547 = FACE_OUTER_BOUND( '', #2357, .T. );
#1548 = PLANE( '', #2358 );
#1549 = SURFACE_STYLE_USAGE( .BOTH., #2359 );
#1550 = FACE_OUTER_BOUND( '', #2360, .T. );
#1551 = PLANE( '', #2361 );
#1552 = SURFACE_STYLE_USAGE( .BOTH., #2362 );
#1553 = FACE_OUTER_BOUND( '', #2363, .T. );
#1554 = CYLINDRICAL_SURFACE( '', #2364, 5.00000000000000 );
#1555 = SURFACE_STYLE_USAGE( .BOTH., #2365 );
#1556 = FACE_OUTER_BOUND( '', #2366, .T. );
#1557 = PLANE( '', #2367 );
#1558 = SURFACE_STYLE_USAGE( .BOTH., #2368 );
#1559 = FACE_OUTER_BOUND( '', #2369, .T. );
#1560 = PLANE( '', #2370 );
#1561 = SURFACE_STYLE_USAGE( .BOTH., #2371 );
#1562 = FACE_BOUND( '', #2372, .T. );
#1563 = FACE_OUTER_BOUND( '', #2373, .T. );
#1564 = PLANE( '', #2374 );
#1565 = SURFACE_STYLE_USAGE( .BOTH., #2375 );
#1566 = FACE_OUTER_BOUND( '', #2376, .T. );
#1567 = CYLINDRICAL_SURFACE( '', #2377, 2.52500000000000 );
#1568 = SURFACE_STYLE_USAGE( .BOTH., #2378 );
#1569 = FACE_OUTER_BOUND( '', #2379, .T. );
#1570 = PLANE( '', #2380 );
#1571 = SURFACE_STYLE_USAGE( .BOTH., #2381 );
#1572 = FACE_OUTER_BOUND( '', #2382, .T. );
#1573 = PLANE( '', #2383 );
#1574 = SURFACE_STYLE_USAGE( .BOTH., #2384 );
#1575 = FACE_OUTER_BOUND( '', #2385, .T. );
#1576 = PLANE( '', #2386 );
#1577 = SURFACE_STYLE_USAGE( .BOTH., #2387 );
#1578 = FACE_OUTER_BOUND( '', #2388, .T. );
#1579 = PLANE( '', #2389 );
#1580 = SURFACE_STYLE_USAGE( .BOTH., #2390 );
#1581 = FACE_OUTER_BOUND( '', #2391, .T. );
#1582 = PLANE( '', #2392 );
#1583 = SURFACE_STYLE_USAGE( .BOTH., #2393 );
#1584 = FACE_OUTER_BOUND( '', #2394, .T. );
#1585 = FACE_BOUND( '', #2395, .T. );
#1586 = PLANE( '', #2396 );
#1587 = SURFACE_STYLE_USAGE( .BOTH., #2397 );
#1588 = FACE_OUTER_BOUND( '', #2398, .T. );
#1589 = FACE_OUTER_BOUND( '', #2399, .T. );
#1590 = CYLINDRICAL_SURFACE( '', #2400, 4.45000000000000 );
#1591 = SURFACE_STYLE_USAGE( .BOTH., #2401 );
#1592 = FACE_OUTER_BOUND( '', #2402, .T. );
#1593 = PLANE( '', #2403 );
#1594 = SURFACE_STYLE_USAGE( .BOTH., #2404 );
#1595 = FACE_OUTER_BOUND( '', #2405, .T. );
#1596 = FACE_OUTER_BOUND( '', #2406, .T. );
#1597 = CYLINDRICAL_SURFACE( '', #2407, 0.600000000000000 );
#1598 = SURFACE_STYLE_USAGE( .BOTH., #2408 );
#1599 = FACE_OUTER_BOUND( '', #2409, .T. );
#1600 = PLANE( '', #2410 );
#1601 = SURFACE_STYLE_USAGE( .BOTH., #2411 );
#1602 = FACE_OUTER_BOUND( '', #2412, .T. );
#1603 = PLANE( '', #2413 );
#1604 = SURFACE_STYLE_USAGE( .BOTH., #2414 );
#1605 = FACE_OUTER_BOUND( '', #2415, .T. );
#1606 = PLANE( '', #2416 );
#1607 =  ( LENGTH_UNIT(  )NAMED_UNIT( #796 )SI_UNIT( .MILLI., .METRE. ) );
#1610 = LENGTH_MEASURE_WITH_UNIT( LENGTH_MEASURE( 1.00000000000000 ), #2418 );
#1613 = DIMENSIONAL_EXPONENTS( 1.00000000000000, 0.000000000000000, 0.000000000000000, 0.000000000000000, 0.000000000000000, 0.000000000000000, 0.000000000000000 );
#1615 = DIMENSIONAL_EXPONENTS( 0.000000000000000, 0.000000000000000, 0.000000000000000, 0.000000000000000, 0.000000000000000, 0.000000000000000, 0.000000000000000 );
#1621 = SURFACE_SIDE_STYLE( '', ( #2419 ) );
#1622 = EDGE_LOOP( '', ( #2420, #2421, #2422, #2423 ) );
#1623 = AXIS2_PLACEMENT_3D( '', #2424, #2425, #2426 );
#1624 = SURFACE_SIDE_STYLE( '', ( #2427 ) );
#1625 = EDGE_LOOP( '', ( #2428, #2429, #2430, #2431 ) );
#1626 = AXIS2_PLACEMENT_3D( '', #2432, #2433, #2434 );
#1627 = SURFACE_SIDE_STYLE( '', ( #2435 ) );
#1628 = EDGE_LOOP( '', ( #2436 ) );
#1629 = AXIS2_PLACEMENT_3D( '', #2437, #2438, #2439 );
#1630 = SURFACE_SIDE_STYLE( '', ( #2440 ) );
#1631 = EDGE_LOOP( '', ( #2441, #2442, #2443, #2444 ) );
#1632 = AXIS2_PLACEMENT_3D( '', #2445, #2446, #2447 );
#1633 = SURFACE_SIDE_STYLE( '', ( #2448 ) );
#1634 = EDGE_LOOP( '', ( #2449, #2450, #2451, #2452, #2453, #2454, #2455, #2456 ) );
#1635 = B_SPLINE_CURVE_WITH_KNOTS( '', 3, ( #2457, #2458, #2459, #2460, #2461, #2462, #2463, #2464, #2465, #2466, #2467, #2468, #2469, #2470, #2471 ), .UNSPECIFIED., .F., .F., ( 4, 3, 3, 3, 2, 4 ), ( 0.000000000000000, 0.192828299748919, 0.295900478323482, 0.355281930473563, 0.411434543107853, 0.499173000348934 ), .UNSPECIFIED. );
#1636 = VECTOR( '', #2472, 1000.00000000000 );
#1637 = SURFACE_SIDE_STYLE( '', ( #2473 ) );
#1638 = EDGE_LOOP( '', ( #2474, #2475, #2476, #2477, #2478, #2479, #2480, #2481 ) );
#1639 = AXIS2_PLACEMENT_3D( '', #2482, #2483, #2484 );
#1640 = SURFACE_SIDE_STYLE( '', ( #2485 ) );
#1641 = EDGE_LOOP( '', ( #2486 ) );
#1642 = EDGE_LOOP( '', ( #2487 ) );
#1643 = AXIS2_PLACEMENT_3D( '', #2488, #2489, #2490 );
#1644 = SURFACE_SIDE_STYLE( '', ( #2491 ) );
#1645 = EDGE_LOOP( '', ( #2492, #2493, #2494, #2495 ) );
#1646 = AXIS2_PLACEMENT_3D( '', #2496, #2497, #2498 );
#1647 = SURFACE_SIDE_STYLE( '', ( #2499 ) );
#1648 = EDGE_LOOP( '', ( #2500, #2501, #2502, #2503 ) );
#1649 = AXIS2_PLACEMENT_3D( '', #2504, #2505, #2506 );
#1650 = SURFACE_SIDE_STYLE( '', ( #2507 ) );
#1651 = EDGE_LOOP( '', ( #2508, #2509, #2510, #2511, #2512, #2513, #2514, #2515, #2516, #2517, #2518, #2519, #2520, #2521, #2522, #2523 ) );
#1652 = EDGE_LOOP( '', ( #2524 ) );
#1653 = EDGE_LOOP( '', ( #2525 ) );
#1654 = AXIS2_PLACEMENT_3D( '', #2526, #2527, #2528 );
#1655 = SURFACE_SIDE_STYLE( '', ( #2529 ) );
#1656 = EDGE_LOOP( '', ( #2530 ) );
#1657 = EDGE_LOOP( '', ( #2531 ) );
#1658 = AXIS2_PLACEMENT_3D( '', #2532, #2533, #2534 );
#1659 = SURFACE_SIDE_STYLE( '', ( #2535 ) );
#1660 = EDGE_LOOP( '', ( #2536, #2537, #2538, #2539, #2540, #2541, #2542, #2543, #2544, #2545, #2546, #2547, #2548, #2549, #2550, #2551, #2552, #2553, #2554, #2555 ) );
#1661 = B_SPLINE_CURVE_WITH_KNOTS( '', 3, ( #2556, #2557, #2558, #2559, #2560, #2561, #2562, #2563, #2564, #2565, #2566, #2567, #2568, #2569, #2570, #2571, #2572, #2573, #2574, #2575, #2576, #2577, #2578, #2579, #2580, #2581 ), .UNSPECIFIED., .F., .F., ( 4, 3, 2, 3, 2, 3, 3, 3, 3, 4 ), ( 0.000000000000000, 0.0435677467798340, 0.0792300526083789, 0.137853021093658, 0.185823090862069, 0.213458022359089, 0.240417574286251, 0.267771210990726, 0.299022736414279, 0.361857452813977 ), .UNSPECIFIED. );
#1662 = VECTOR( '', #2582, 1000.00000000000 );
#1663 = SURFACE_SIDE_STYLE( '', ( #2583 ) );
#1664 = EDGE_LOOP( '', ( #2584 ) );
#1665 = EDGE_LOOP( '', ( #2585 ) );
#1666 = AXIS2_PLACEMENT_3D( '', #2586, #2587, #2588 );
#1667 = SURFACE_SIDE_STYLE( '', ( #2589 ) );
#1668 = EDGE_LOOP( '', ( #2590, #2591, #2592, #2593, #2594, #2595, #2596, #2597, #2598, #2599, #2600, #2601 ) );
#1669 = AXIS2_PLACEMENT_3D( '', #2602, #2603, #2604 );
#1670 = SURFACE_SIDE_STYLE( '', ( #2605 ) );
#1671 = EDGE_LOOP( '', ( #2606, #2607, #2608, #2609 ) );
#1672 = AXIS2_PLACEMENT_3D( '', #2610, #2611, #2612 );
#1673 = SURFACE_SIDE_STYLE( '', ( #2613 ) );
#1674 = EDGE_LOOP( '', ( #2614, #2615, #2616, #2617 ) );
#1675 = AXIS2_PLACEMENT_3D( '', #2618, #2619, #2620 );
#1676 = SURFACE_SIDE_STYLE( '', ( #2621 ) );
#1677 = EDGE_LOOP( '', ( #2622 ) );
#1678 = EDGE_LOOP( '', ( #2623 ) );
#1679 = AXIS2_PLACEMENT_3D( '', #2624, #2625, #2626 );
#1680 = SURFACE_SIDE_STYLE( '', ( #2627 ) );
#1681 = EDGE_LOOP( '', ( #2628 ) );
#1682 = EDGE_LOOP( '', ( #2629, #2630, #2631, #2632, #2633, #2634, #2635, #2636, #2637, #2638, #2639, #2640, #2641, #2642, #2643, #2644 ) );
#1683 = AXIS2_PLACEMENT_3D( '', #2645, #2646, #2647 );
#1684 = SURFACE_SIDE_STYLE( '', ( #2648 ) );
#1685 = EDGE_LOOP( '', ( #2649, #2650, #2651, #2652 ) );
#1686 = AXIS2_PLACEMENT_3D( '', #2653, #2654, #2655 );
#1687 = SURFACE_SIDE_STYLE( '', ( #2656 ) );
#1688 = EDGE_LOOP( '', ( #2657, #2658, #2659, #2660, #2661, #2662, #2663, #2664 ) );
#1689 = AXIS2_PLACEMENT_3D( '', #2665, #2666, #2667 );
#1690 = SURFACE_SIDE_STYLE( '', ( #2668 ) );
#1691 = EDGE_LOOP( '', ( #2669, #2670, #2671, #2672 ) );
#1692 = AXIS2_PLACEMENT_3D( '', #2673, #2674, #2675 );
#1693 = SURFACE_SIDE_STYLE( '', ( #2676 ) );
#1694 = EDGE_LOOP( '', ( #2677, #2678, #2679, #2680 ) );
#1695 = AXIS2_PLACEMENT_3D( '', #2681, #2682, #2683 );
#1696 = SURFACE_SIDE_STYLE( '', ( #2684 ) );
#1697 = EDGE_LOOP( '', ( #2685, #2686, #2687, #2688 ) );
#1698 = AXIS2_PLACEMENT_3D( '', #2689, #2690, #2691 );
#1699 = SURFACE_SIDE_STYLE( '', ( #2692 ) );
#1700 = EDGE_LOOP( '', ( #2693, #2694, #2695, #2696, #2697, #2698, #2699, #2700 ) );
#1701 = B_SPLINE_CURVE_WITH_KNOTS( '', 3, ( #2701, #2702, #2703, #2704, #2705, #2706, #2707 ), .UNSPECIFIED., .F., .F., ( 4, 3, 4 ), ( 0.261468230552944, 0.282521875201089, 0.374240109198532 ), .UNSPECIFIED. );
#1702 = VECTOR( '', #2708, 1000.00000000000 );
#1703 = SURFACE_SIDE_STYLE( '', ( #2709 ) );
#1704 = EDGE_LOOP( '', ( #2710, #2711, #2712, #2713 ) );
#1705 = AXIS2_PLACEMENT_3D( '', #2714, #2715, #2716 );
#1706 = SURFACE_SIDE_STYLE( '', ( #2717 ) );
#1707 = EDGE_LOOP( '', ( #2718, #2719, #2720, #2721 ) );
#1708 = AXIS2_PLACEMENT_3D( '', #2722, #2723, #2724 );
#1709 = SURFACE_SIDE_STYLE( '', ( #2725 ) );
#1710 = EDGE_LOOP( '', ( #2726, #2727 ) );
#1711 = EDGE_LOOP( '', ( #2728, #2729, #2730, #2731, #2732, #2733 ) );
#1712 = AXIS2_PLACEMENT_3D( '', #2734, #2735, #2736 );
#1713 = SURFACE_SIDE_STYLE( '', ( #2737 ) );
#1714 = EDGE_LOOP( '', ( #2738, #2739, #2740, #2741 ) );
#1715 = AXIS2_PLACEMENT_3D( '', #2742, #2743, #2744 );
#1716 = SURFACE_SIDE_STYLE( '', ( #2745 ) );
#1717 = EDGE_LOOP( '', ( #2746, #2747, #2748, #2749, #2750, #2751, #2752, #2753 ) );
#1718 = AXIS2_PLACEMENT_3D( '', #2754, #2755, #2756 );
#1719 = SURFACE_SIDE_STYLE( '', ( #2757 ) );
#1720 = EDGE_LOOP( '', ( #2758, #2759, #2760, #2761 ) );
#1721 = AXIS2_PLACEMENT_3D( '', #2762, #2763, #2764 );
#1722 = SURFACE_SIDE_STYLE( '', ( #2765 ) );
#1723 = EDGE_LOOP( '', ( #2766, #2767, #2768, #2769 ) );
#1724 = AXIS2_PLACEMENT_3D( '', #2770, #2771, #2772 );
#1725 = SURFACE_SIDE_STYLE( '', ( #2773 ) );
#1726 = EDGE_LOOP( '', ( #2774, #2775, #2776, #2777 ) );
#1727 = AXIS2_PLACEMENT_3D( '', #2778, #2779, #2780 );
#1728 = SURFACE_SIDE_STYLE( '', ( #2781 ) );
#1729 = EDGE_LOOP( '', ( #2782, #2783, #2784, #2785 ) );
#1730 = AXIS2_PLACEMENT_3D( '', #2786, #2787, #2788 );
#1731 = SURFACE_SIDE_STYLE( '', ( #2789 ) );
#1732 = EDGE_LOOP( '', ( #2790, #2791, #2792, #2793 ) );
#1733 = AXIS2_PLACEMENT_3D( '', #2794, #2795, #2796 );
#1734 = SURFACE_SIDE_STYLE( '', ( #2797 ) );
#1735 = EDGE_LOOP( '', ( #2798, #2799, #2800, #2801 ) );
#1736 = AXIS2_PLACEMENT_3D( '', #2802, #2803, #2804 );
#1737 = SURFACE_SIDE_STYLE( '', ( #2805 ) );
#1738 = EDGE_LOOP( '', ( #2806, #2807, #2808, #2809 ) );
#1739 = AXIS2_PLACEMENT_3D( '', #2810, #2811, #2812 );
#1740 = SURFACE_SIDE_STYLE( '', ( #2813 ) );
#1741 = EDGE_LOOP( '', ( #2814, #2815, #2816, #2817 ) );
#1742 = AXIS2_PLACEMENT_3D( '', #2818, #2819, #2820 );
#1743 = SURFACE_SIDE_STYLE( '', ( #2821 ) );
#1744 = EDGE_LOOP( '', ( #2822, #2823, #2824, #2825 ) );
#1745 = AXIS2_PLACEMENT_3D( '', #2826, #2827, #2828 );
#1746 = SURFACE_SIDE_STYLE( '', ( #2829 ) );
#1747 = EDGE_LOOP( '', ( #2830, #2831, #2832, #2833 ) );
#1748 = AXIS2_PLACEMENT_3D( '', #2834, #2835, #2836 );
#1749 = SURFACE_SIDE_STYLE( '', ( #2837 ) );
#1750 = EDGE_LOOP( '', ( #2838, #2839, #2840, #2841 ) );
#1751 = AXIS2_PLACEMENT_3D( '', #2842, #2843, #2844 );
#1752 = SURFACE_SIDE_STYLE( '', ( #2845 ) );
#1753 = EDGE_LOOP( '', ( #2846, #2847, #2848, #2849, #2850, #2851, #2852, #2853, #2854, #2855, #2856, #2857 ) );
#1754 = AXIS2_PLACEMENT_3D( '', #2858, #2859, #2860 );
#1755 = SURFACE_SIDE_STYLE( '', ( #2861 ) );
#1756 = EDGE_LOOP( '', ( #2862, #2863, #2864, #2865, #2866, #2867, #2868, #2869, #2870, #2871, #2872, #2873 ) );
#1757 = AXIS2_PLACEMENT_3D( '', #2874, #2875, #2876 );
#1758 = SURFACE_SIDE_STYLE( '', ( #2877 ) );
#1759 = EDGE_LOOP( '', ( #2878, #2879, #2880, #2881 ) );
#1760 = AXIS2_PLACEMENT_3D( '', #2882, #2883, #2884 );
#1761 = SURFACE_SIDE_STYLE( '', ( #2885 ) );
#1762 = EDGE_LOOP( '', ( #2886, #2887, #2888 ) );
#1763 = AXIS2_PLACEMENT_3D( '', #2889, #2890, #2891 );
#1764 = SURFACE_SIDE_STYLE( '', ( #2892 ) );
#1765 = EDGE_LOOP( '', ( #2893, #2894, #2895, #2896 ) );
#1766 = AXIS2_PLACEMENT_3D( '', #2897, #2898, #2899 );
#1767 = SURFACE_SIDE_STYLE( '', ( #2900 ) );
#1768 = EDGE_LOOP( '', ( #2901, #2902, #2903, #2904 ) );
#1769 = AXIS2_PLACEMENT_3D( '', #2905, #2906, #2907 );
#1770 = SURFACE_SIDE_STYLE( '', ( #2908 ) );
#1771 = EDGE_LOOP( '', ( #2909, #2910, #2911, #2912 ) );
#1772 = AXIS2_PLACEMENT_3D( '', #2913, #2914, #2915 );
#1773 = SURFACE_SIDE_STYLE( '', ( #2916 ) );
#1774 = EDGE_LOOP( '', ( #2917, #2918, #2919, #2920 ) );
#1775 = AXIS2_PLACEMENT_3D( '', #2921, #2922, #2923 );
#1776 = SURFACE_SIDE_STYLE( '', ( #2924 ) );
#1777 = EDGE_LOOP( '', ( #2925 ) );
#1778 = EDGE_LOOP( '', ( #2926 ) );
#1779 = AXIS2_PLACEMENT_3D( '', #2927, #2928, #2929 );
#1780 = SURFACE_SIDE_STYLE( '', ( #2930 ) );
#1781 = EDGE_LOOP( '', ( #2931, #2932, #2933, #2934, #2935, #2936 ) );
#1782 = AXIS2_PLACEMENT_3D( '', #2937, #2938, #2939 );
#1783 = SURFACE_SIDE_STYLE( '', ( #2940 ) );
#1784 = EDGE_LOOP( '', ( #2941, #2942, #2943, #2944 ) );
#1785 = AXIS2_PLACEMENT_3D( '', #2945, #2946, #2947 );
#1786 = SURFACE_SIDE_STYLE( '', ( #2948 ) );
#1787 = EDGE_LOOP( '', ( #2949, #2950, #2951, #2952 ) );
#1788 = AXIS2_PLACEMENT_3D( '', #2953, #2954, #2955 );
#1789 = SURFACE_SIDE_STYLE( '', ( #2956 ) );
#1790 = EDGE_LOOP( '', ( #2957 ) );
#1791 = EDGE_LOOP( '', ( #2958 ) );
#1792 = AXIS2_PLACEMENT_3D( '', #2959, #2960, #2961 );
#1793 = SURFACE_SIDE_STYLE( '', ( #2962 ) );
#1794 = EDGE_LOOP( '', ( #2963, #2964, #2965, #2966 ) );
#1795 = AXIS2_PLACEMENT_3D( '', #2967, #2968, #2969 );
#1796 = SURFACE_SIDE_STYLE( '', ( #2970 ) );
#1797 = EDGE_LOOP( '', ( #2971, #2972, #2973, #2974 ) );
#1798 = AXIS2_PLACEMENT_3D( '', #2975, #2976, #2977 );
#1799 = SURFACE_SIDE_STYLE( '', ( #2978 ) );
#1800 = EDGE_LOOP( '', ( #2979, #2980, #2981, #2982, #2983 ) );
#1801 = AXIS2_PLACEMENT_3D( '', #2984, #2985, #2986 );
#1802 = SURFACE_SIDE_STYLE( '', ( #2987 ) );
#1803 = EDGE_LOOP( '', ( #2988 ) );
#1804 = EDGE_LOOP( '', ( #2989 ) );
#1805 = AXIS2_PLACEMENT_3D( '', #2990, #2991, #2992 );
#1806 = SURFACE_SIDE_STYLE( '', ( #2993 ) );
#1807 = EDGE_LOOP( '', ( #2994, #2995, #2996, #2997 ) );
#1808 = AXIS2_PLACEMENT_3D( '', #2998, #2999, #3000 );
#1809 = SURFACE_SIDE_STYLE( '', ( #3001 ) );
#1810 = EDGE_LOOP( '', ( #3002, #3003, #3004, #3005 ) );
#1811 = AXIS2_PLACEMENT_3D( '', #3006, #3007, #3008 );
#1812 = SURFACE_SIDE_STYLE( '', ( #3009 ) );
#1813 = EDGE_LOOP( '', ( #3010, #3011, #3012, #3013 ) );
#1814 = AXIS2_PLACEMENT_3D( '', #3014, #3015, #3016 );
#1815 = SURFACE_SIDE_STYLE( '', ( #3017 ) );
#1816 = EDGE_LOOP( '', ( #3018, #3019, #3020, #3021 ) );
#1817 = AXIS2_PLACEMENT_3D( '', #3022, #3023, #3024 );
#1818 = SURFACE_SIDE_STYLE( '', ( #3025 ) );
#1819 = EDGE_LOOP( '', ( #3026, #3027, #3028, #3029 ) );
#1820 = AXIS2_PLACEMENT_3D( '', #3030, #3031, #3032 );
#1821 = SURFACE_SIDE_STYLE( '', ( #3033 ) );
#1822 = EDGE_LOOP( '', ( #3034, #3035, #3036, #3037 ) );
#1823 = AXIS2_PLACEMENT_3D( '', #3038, #3039, #3040 );
#1824 = SURFACE_SIDE_STYLE( '', ( #3041 ) );
#1825 = EDGE_LOOP( '', ( #3042 ) );
#1826 = EDGE_LOOP( '', ( #3043 ) );
#1827 = B_SPLINE_CURVE_WITH_KNOTS( '', 3, ( #3044, #3045, #3046, #3047, #3048, #3049, #3050, #3051, #3052, #3053, #3054, #3055, #3056, #3057, #3058, #3059, #3060, #3061, #3062, #3063, #3064, #3065, #3066 ), .UNSPECIFIED., .T., .F., ( 4, 3, 2, 3, 2, 3, 3, 3, 4 ), ( 0.000000000000000, 0.146111505192002, 0.252576618225215, 0.360294261999991, 0.507022501550928, 0.646414329124318, 0.754569249265787, 0.860633886954452, 1.00000000000000 ), .UNSPECIFIED. );
#1828 = VECTOR( '', #3067, 1000.00000000000 );
#1829 = SURFACE_SIDE_STYLE( '', ( #3068 ) );
#1830 = EDGE_LOOP( '', ( #3069, #3070, #3071, #3072 ) );
#1831 = AXIS2_PLACEMENT_3D( '', #3073, #3074, #3075 );
#1832 = SURFACE_SIDE_STYLE( '', ( #3076 ) );
#1833 = EDGE_LOOP( '', ( #3077, #3078, #3079, #3080 ) );
#1834 = AXIS2_PLACEMENT_3D( '', #3081, #3082, #3083 );
#1835 = SURFACE_SIDE_STYLE( '', ( #3084 ) );
#1836 = EDGE_LOOP( '', ( #3085, #3086, #3087, #3088 ) );
#1837 = AXIS2_PLACEMENT_3D( '', #3089, #3090, #3091 );
#1838 = SURFACE_SIDE_STYLE( '', ( #3092 ) );
#1839 = EDGE_LOOP( '', ( #3093, #3094, #3095, #3096 ) );
#1840 = AXIS2_PLACEMENT_3D( '', #3097, #3098, #3099 );
#1841 = SURFACE_SIDE_STYLE( '', ( #3100 ) );
#1842 = EDGE_LOOP( '', ( #3101, #3102, #3103, #3104 ) );
#1843 = AXIS2_PLACEMENT_3D( '', #3105, #3106, #3107 );
#1844 = SURFACE_SIDE_STYLE( '', ( #3108 ) );
#1845 = EDGE_LOOP( '', ( #3109 ) );
#1846 = EDGE_LOOP( '', ( #3110 ) );
#1847 = AXIS2_PLACEMENT_3D( '', #3111, #3112, #3113 );
#1848 = SURFACE_SIDE_STYLE( '', ( #3114 ) );
#1849 = EDGE_LOOP( '', ( #3115 ) );
#1850 = EDGE_LOOP( '', ( #3116 ) );
#1851 = AXIS2_PLACEMENT_3D( '', #3117, #3118, #3119 );
#1852 = SURFACE_SIDE_STYLE( '', ( #3120 ) );
#1853 = EDGE_LOOP( '', ( #3121, #3122, #3123, #3124 ) );
#1854 = AXIS2_PLACEMENT_3D( '', #3125, #3126, #3127 );
#1855 = SURFACE_SIDE_STYLE( '', ( #3128 ) );
#1856 = EDGE_LOOP( '', ( #3129, #3130, #3131, #3132 ) );
#1857 = AXIS2_PLACEMENT_3D( '', #3133, #3134, #3135 );
#1858 = SURFACE_SIDE_STYLE( '', ( #3136 ) );
#1859 = EDGE_LOOP( '', ( #3137, #3138, #3139, #3140 ) );
#1860 = AXIS2_PLACEMENT_3D( '', #3141, #3142, #3143 );
#1861 = SURFACE_SIDE_STYLE( '', ( #3144 ) );
#1862 = EDGE_LOOP( '', ( #3145, #3146, #3147, #3148 ) );
#1863 = AXIS2_PLACEMENT_3D( '', #3149, #3150, #3151 );
#1864 = SURFACE_SIDE_STYLE( '', ( #3152 ) );
#1865 = EDGE_LOOP( '', ( #3153, #3154, #3155, #3156 ) );
#1866 = AXIS2_PLACEMENT_3D( '', #3157, #3158, #3159 );
#1867 = SURFACE_SIDE_STYLE( '', ( #3160 ) );
#1868 = EDGE_LOOP( '', ( #3161, #3162, #3163, #3164 ) );
#1869 = AXIS2_PLACEMENT_3D( '', #3165, #3166, #3167 );
#1870 = SURFACE_SIDE_STYLE( '', ( #3168 ) );
#1871 = EDGE_LOOP( '', ( #3169, #3170, #3171, #3172 ) );
#1872 = AXIS2_PLACEMENT_3D( '', #3173, #3174, #3175 );
#1873 = SURFACE_SIDE_STYLE( '', ( #3176 ) );
#1874 = EDGE_LOOP( '', ( #3177 ) );
#1875 = EDGE_LOOP( '', ( #3178 ) );
#1876 = AXIS2_PLACEMENT_3D( '', #3179, #3180, #3181 );
#1877 = SURFACE_SIDE_STYLE( '', ( #3182 ) );
#1878 = EDGE_LOOP( '', ( #3183, #3184, #3185, #3186 ) );
#1879 = AXIS2_PLACEMENT_3D( '', #3187, #3188, #3189 );
#1880 = SURFACE_SIDE_STYLE( '', ( #3190 ) );
#1881 = EDGE_LOOP( '', ( #3191, #3192, #3193, #3194, #3195, #3196, #3197, #3198, #3199, #3200, #3201, #3202, #3203, #3204, #3205, #3206 ) );
#1882 = EDGE_LOOP( '', ( #3207 ) );
#1883 = EDGE_LOOP( '', ( #3208 ) );
#1884 = EDGE_LOOP( '', ( #3209 ) );
#1885 = EDGE_LOOP( '', ( #3210 ) );
#1886 = AXIS2_PLACEMENT_3D( '', #3211, #3212, #3213 );
#1887 = SURFACE_SIDE_STYLE( '', ( #3214 ) );
#1888 = EDGE_LOOP( '', ( #3215, #3216, #3217, #3218 ) );
#1889 = AXIS2_PLACEMENT_3D( '', #3219, #3220, #3221 );
#1890 = SURFACE_SIDE_STYLE( '', ( #3222 ) );
#1891 = EDGE_LOOP( '', ( #3223, #3224, #3225, #3226 ) );
#1892 = AXIS2_PLACEMENT_3D( '', #3227, #3228, #3229 );
#1893 = SURFACE_SIDE_STYLE( '', ( #3230 ) );
#1894 = EDGE_LOOP( '', ( #3231, #3232, #3233, #3234 ) );
#1895 = B_SPLINE_CURVE_WITH_KNOTS( '', 3, ( #3235, #3236, #3237, #3238 ), .UNSPECIFIED., .F., .F., ( 4, 4 ), ( 0.973266954868237, 1.00000000000000 ), .UNSPECIFIED. );
#1896 = VECTOR( '', #3239, 1000.00000000000 );
#1897 = SURFACE_SIDE_STYLE( '', ( #3240 ) );
#1898 = EDGE_LOOP( '', ( #3241, #3242, #3243, #3244 ) );
#1899 = AXIS2_PLACEMENT_3D( '', #3245, #3246, #3247 );
#1900 = SURFACE_SIDE_STYLE( '', ( #3248 ) );
#1901 = EDGE_LOOP( '', ( #3249, #3250, #3251, #3252 ) );
#1902 = AXIS2_PLACEMENT_3D( '', #3253, #3254, #3255 );
#1903 = SURFACE_SIDE_STYLE( '', ( #3256 ) );
#1904 = EDGE_LOOP( '', ( #3257, #3258, #3259, #3260, #3261, #3262, #3263, #3264, #3265, #3266 ) );
#1905 = AXIS2_PLACEMENT_3D( '', #3267, #3268, #3269 );
#1906 = SURFACE_SIDE_STYLE( '', ( #3270 ) );
#1907 = EDGE_LOOP( '', ( #3271, #3272, #3273, #3274 ) );
#1908 = AXIS2_PLACEMENT_3D( '', #3275, #3276, #3277 );
#1909 = SURFACE_SIDE_STYLE( '', ( #3278 ) );
#1910 = EDGE_LOOP( '', ( #3279, #3280, #3281, #3282 ) );
#1911 = AXIS2_PLACEMENT_3D( '', #3283, #3284, #3285 );
#1912 = SURFACE_SIDE_STYLE( '', ( #3286 ) );
#1913 = EDGE_LOOP( '', ( #3287, #3288, #3289, #3290 ) );
#1914 = B_SPLINE_CURVE_WITH_KNOTS( '', 3, ( #3291, #3292, #3293, #3294, #3295, #3296, #3297, #3298, #3299, #3300, #3301, #3302, #3303, #3304, #3305, #3306, #3307 ), .UNSPECIFIED., .F., .F., ( 4, 3, 3, 2, 2, 3, 4 ), ( 0.606662573971491, 0.756804334491811, 0.815206514537475, 0.858159583962296, 0.901112653387117, 0.951875371798270, 1.00000000000000 ), .UNSPECIFIED. );
#1915 = VECTOR( '', #3308, 1000.00000000000 );
#1916 = SURFACE_SIDE_STYLE( '', ( #3309 ) );
#1917 = EDGE_LOOP( '', ( #3310, #3311, #3312, #3313 ) );
#1918 = AXIS2_PLACEMENT_3D( '', #3314, #3315, #3316 );
#1919 = SURFACE_SIDE_STYLE( '', ( #3317 ) );
#1920 = EDGE_LOOP( '', ( #3318, #3319, #3320, #3321 ) );
#1921 = AXIS2_PLACEMENT_3D( '', #3322, #3323, #3324 );
#1922 = SURFACE_SIDE_STYLE( '', ( #3325 ) );
#1923 = EDGE_LOOP( '', ( #3326, #3327, #3328, #3329 ) );
#1924 = B_SPLINE_CURVE_WITH_KNOTS( '', 3, ( #3330, #3331, #3332, #3333, #3334, #3335, #3336, #3337, #3338, #3339, #3340, #3341, #3342, #3343, #3344, #3345, #3346, #3347 ), .UNSPECIFIED., .F., .F., ( 4, 2, 3, 3, 3, 3, 4 ), ( 0.245640314251374, 0.317563337196489, 0.348999890271838, 0.376335385920031, 0.402372375392432, 0.433633459013527, 0.550269344855437 ), .UNSPECIFIED. );
#1925 = VECTOR( '', #3348, 1000.00000000000 );
#1926 = SURFACE_SIDE_STYLE( '', ( #3349 ) );
#1927 = EDGE_LOOP( '', ( #3350, #3351, #3352, #3353 ) );
#1928 = AXIS2_PLACEMENT_3D( '', #3354, #3355, #3356 );
#1929 = SURFACE_SIDE_STYLE( '', ( #3357 ) );
#1930 = EDGE_LOOP( '', ( #3358, #3359, #3360, #3361, #3362, #3363, #3364, #3365, #3366, #3367, #3368, #3369 ) );
#1931 = AXIS2_PLACEMENT_3D( '', #3370, #3371, #3372 );
#1932 = SURFACE_SIDE_STYLE( '', ( #3373 ) );
#1933 = EDGE_LOOP( '', ( #3374, #3375, #3376, #3377 ) );
#1934 = EDGE_LOOP( '', ( #3378 ) );
#1935 = AXIS2_PLACEMENT_3D( '', #3379, #3380, #3381 );
#1936 = SURFACE_SIDE_STYLE( '', ( #3382 ) );
#1937 = EDGE_LOOP( '', ( #3383, #3384, #3385, #3386 ) );
#1938 = EDGE_LOOP( '', ( #3387 ) );
#1939 = AXIS2_PLACEMENT_3D( '', #3388, #3389, #3390 );
#1940 = SURFACE_SIDE_STYLE( '', ( #3391 ) );
#1941 = EDGE_LOOP( '', ( #3392, #3393, #3394, #3395 ) );
#1942 = AXIS2_PLACEMENT_3D( '', #3396, #3397, #3398 );
#1943 = SURFACE_SIDE_STYLE( '', ( #3399 ) );
#1944 = EDGE_LOOP( '', ( #3400, #3401, #3402, #3403 ) );
#1945 = AXIS2_PLACEMENT_3D( '', #3404, #3405, #3406 );
#1946 = SURFACE_SIDE_STYLE( '', ( #3407 ) );
#1947 = EDGE_LOOP( '', ( #3408, #3409, #3410, #3411 ) );
#1948 = AXIS2_PLACEMENT_3D( '', #3412, #3413, #3414 );
#1949 = SURFACE_SIDE_STYLE( '', ( #3415 ) );
#1950 = EDGE_LOOP( '', ( #3416 ) );
#1951 = AXIS2_PLACEMENT_3D( '', #3417, #3418, #3419 );
#1952 = SURFACE_SIDE_STYLE( '', ( #3420 ) );
#1953 = EDGE_LOOP( '', ( #3421, #3422, #3423, #3424 ) );
#1954 = AXIS2_PLACEMENT_3D( '', #3425, #3426, #3427 );
#1955 = SURFACE_SIDE_STYLE( '', ( #3428 ) );
#1956 = EDGE_LOOP( '', ( #3429, #3430, #3431, #3432 ) );
#1957 = AXIS2_PLACEMENT_3D( '', #3433, #3434, #3435 );
#1958 = SURFACE_SIDE_STYLE( '', ( #3436 ) );
#1959 = EDGE_LOOP( '', ( #3437 ) );
#1960 = EDGE_LOOP( '', ( #3438 ) );
#1961 = AXIS2_PLACEMENT_3D( '', #3439, #3440, #3441 );
#1962 = SURFACE_SIDE_STYLE( '', ( #3442 ) );
#1963 = EDGE_LOOP( '', ( #3443, #3444, #3445, #3446 ) );
#1964 = AXIS2_PLACEMENT_3D( '', #3447, #3448, #3449 );
#1965 = SURFACE_SIDE_STYLE( '', ( #3450 ) );
#1966 = EDGE_LOOP( '', ( #3451, #3452, #3453, #3454 ) );
#1967 = AXIS2_PLACEMENT_3D( '', #3455, #3456, #3457 );
#1968 = SURFACE_SIDE_STYLE( '', ( #3458 ) );
#1969 = EDGE_LOOP( '', ( #3459, #3460, #3461, #3462, #3463, #3464, #3465 ) );
#1970 = AXIS2_PLACEMENT_3D( '', #3466, #3467, #3468 );
#1971 = SURFACE_SIDE_STYLE( '', ( #3469 ) );
#1972 = EDGE_LOOP( '', ( #3470, #3471, #3472, #3473 ) );
#1973 = AXIS2_PLACEMENT_3D( '', #3474, #3475, #3476 );
#1974 = SURFACE_SIDE_STYLE( '', ( #3477 ) );
#1975 = EDGE_LOOP( '', ( #3478, #3479, #3480, #3481, #3482, #3483, #3484, #3485 ) );
#1976 = B_SPLINE_CURVE_WITH_KNOTS( '', 3, ( #3486, #3487, #3488, #3489, #3490, #3491, #3492, #3493, #3494, #3495, #3496, #3497, #3498, #3499, #3500, #3501, #3502, #3503, #3504, #3505, #3506, #3507, #3508, #3509, #3510, #3511, #3512, #3513, #3514 ), .UNSPECIFIED., .F., .F., ( 4, 3, 3, 2, 3, 2, 3, 3, 3, 3, 4 ), ( 0.552821966117895, 0.591195853023447, 0.628362709588093, 0.673645756531012, 0.718447068931985, 0.745729185612108, 0.773011302292232, 0.805021387191843, 0.851113267633909, 0.912015902936809, 0.937811771499920 ), .UNSPECIFIED. );
#1977 = VECTOR( '', #3515, 1000.00000000000 );
#1978 = SURFACE_SIDE_STYLE( '', ( #3516 ) );
#1979 = EDGE_LOOP( '', ( #3517, #3518, #3519, #3520 ) );
#1980 = AXIS2_PLACEMENT_3D( '', #3521, #3522, #3523 );
#1981 = SURFACE_SIDE_STYLE( '', ( #3524 ) );
#1982 = EDGE_LOOP( '', ( #3525, #3526, #3527, #3528 ) );
#1983 = AXIS2_PLACEMENT_3D( '', #3529, #3530, #3531 );
#1984 = SURFACE_SIDE_STYLE( '', ( #3532 ) );
#1985 = EDGE_LOOP( '', ( #3533, #3534, #3535, #3536 ) );
#1986 = AXIS2_PLACEMENT_3D( '', #3537, #3538, #3539 );
#1987 = SURFACE_SIDE_STYLE( '', ( #3540 ) );
#1988 = EDGE_LOOP( '', ( #3541, #3542, #3543, #3544 ) );
#1989 = AXIS2_PLACEMENT_3D( '', #3545, #3546, #3547 );
#1990 = SURFACE_SIDE_STYLE( '', ( #3548 ) );
#1991 = EDGE_LOOP( '', ( #3549, #3550, #3551, #3552 ) );
#1992 = AXIS2_PLACEMENT_3D( '', #3553, #3554, #3555 );
#1993 = SURFACE_SIDE_STYLE( '', ( #3556 ) );
#1994 = EDGE_LOOP( '', ( #3557, #3558, #3559, #3560, #3561, #3562, #3563, #3564 ) );
#1995 = AXIS2_PLACEMENT_3D( '', #3565, #3566, #3567 );
#1996 = SURFACE_SIDE_STYLE( '', ( #3568 ) );
#1997 = EDGE_LOOP( '', ( #3569, #3570, #3571, #3572, #3573, #3574, #3575, #3576 ) );
#1998 = AXIS2_PLACEMENT_3D( '', #3577, #3578, #3579 );
#1999 = SURFACE_SIDE_STYLE( '', ( #3580 ) );
#2000 = EDGE_LOOP( '', ( #3581, #3582, #3583, #3584 ) );
#2001 = B_SPLINE_CURVE_WITH_KNOTS( '', 3, ( #3585, #3586, #3587, #3588, #3589, #3590, #3591, #3592, #3593 ), .UNSPECIFIED., .F., .F., ( 4, 3, 2, 4 ), ( 0.409688211292897, 0.465068850248148, 0.502714729188323, 0.558287217147629 ), .UNSPECIFIED. );
#2002 = VECTOR( '', #3594, 1000.00000000000 );
#2003 = SURFACE_SIDE_STYLE( '', ( #3595 ) );
#2004 = EDGE_LOOP( '', ( #3596, #3597, #3598, #3599 ) );
#2005 = AXIS2_PLACEMENT_3D( '', #3600, #3601, #3602 );
#2006 = SURFACE_SIDE_STYLE( '', ( #3603 ) );
#2007 = EDGE_LOOP( '', ( #3604, #3605, #3606, #3607 ) );
#2008 = AXIS2_PLACEMENT_3D( '', #3608, #3609, #3610 );
#2009 = SURFACE_SIDE_STYLE( '', ( #3611 ) );
#2010 = EDGE_LOOP( '', ( #3612, #3613, #3614, #3615 ) );
#2011 = AXIS2_PLACEMENT_3D( '', #3616, #3617, #3618 );
#2012 = SURFACE_SIDE_STYLE( '', ( #3619 ) );
#2013 = EDGE_LOOP( '', ( #3620, #3621, #3622, #3623 ) );
#2014 = AXIS2_PLACEMENT_3D( '', #3624, #3625, #3626 );
#2015 = SURFACE_SIDE_STYLE( '', ( #3627 ) );
#2016 = EDGE_LOOP( '', ( #3628 ) );
#2017 = EDGE_LOOP( '', ( #3629, #3630 ) );
#2018 = AXIS2_PLACEMENT_3D( '', #3631, #3632, #3633 );
#2019 = SURFACE_SIDE_STYLE( '', ( #3634 ) );
#2020 = EDGE_LOOP( '', ( #3635, #3636, #3637, #3638 ) );
#2021 = AXIS2_PLACEMENT_3D( '', #3639, #3640, #3641 );
#2022 = SURFACE_SIDE_STYLE( '', ( #3642 ) );
#2023 = EDGE_LOOP( '', ( #3643, #3644, #3645, #3646 ) );
#2024 = AXIS2_PLACEMENT_3D( '', #3647, #3648, #3649 );
#2025 = SURFACE_SIDE_STYLE( '', ( #3650 ) );
#2026 = EDGE_LOOP( '', ( #3651, #3652, #3653, #3654 ) );
#2027 = AXIS2_PLACEMENT_3D( '', #3655, #3656, #3657 );
#2028 = SURFACE_SIDE_STYLE( '', ( #3658 ) );
#2029 = EDGE_LOOP( '', ( #3659, #3660, #3661, #3662, #3663, #3664, #3665, #3666 ) );
#2030 = AXIS2_PLACEMENT_3D( '', #3667, #3668, #3669 );
#2031 = SURFACE_SIDE_STYLE( '', ( #3670 ) );
#2032 = EDGE_LOOP( '', ( #3671, #3672, #3673, #3674, #3675, #3676, #3677 ) );
#2033 = AXIS2_PLACEMENT_3D( '', #3678, #3679, #3680 );
#2034 = SURFACE_SIDE_STYLE( '', ( #3681 ) );
#2035 = EDGE_LOOP( '', ( #3682, #3683, #3684, #3685, #3686, #3687 ) );
#2036 = AXIS2_PLACEMENT_3D( '', #3688, #3689, #3690 );
#2037 = SURFACE_SIDE_STYLE( '', ( #3691 ) );
#2038 = EDGE_LOOP( '', ( #3692, #3693, #3694, #3695, #3696, #3697 ) );
#2039 = AXIS2_PLACEMENT_3D( '', #3698, #3699, #3700 );
#2040 = SURFACE_SIDE_STYLE( '', ( #3701 ) );
#2041 = EDGE_LOOP( '', ( #3702 ) );
#2042 = EDGE_LOOP( '', ( #3703 ) );
#2043 = AXIS2_PLACEMENT_3D( '', #3704, #3705, #3706 );
#2044 = SURFACE_SIDE_STYLE( '', ( #3707 ) );
#2045 = EDGE_LOOP( '', ( #3708 ) );
#2046 = EDGE_LOOP( '', ( #3709 ) );
#2047 = AXIS2_PLACEMENT_3D( '', #3710, #3711, #3712 );
#2048 = SURFACE_SIDE_STYLE( '', ( #3713 ) );
#2049 = EDGE_LOOP( '', ( #3714, #3715, #3716, #3717 ) );
#2050 = AXIS2_PLACEMENT_3D( '', #3718, #3719, #3720 );
#2051 = SURFACE_SIDE_STYLE( '', ( #3721 ) );
#2052 = EDGE_LOOP( '', ( #3722, #3723, #3724, #3725 ) );
#2053 = AXIS2_PLACEMENT_3D( '', #3726, #3727, #3728 );
#2054 = SURFACE_SIDE_STYLE( '', ( #3729 ) );
#2055 = EDGE_LOOP( '', ( #3730 ) );
#2056 = EDGE_LOOP( '', ( #3731 ) );
#2057 = AXIS2_PLACEMENT_3D( '', #3732, #3733, #3734 );
#2058 = SURFACE_SIDE_STYLE( '', ( #3735 ) );
#2059 = EDGE_LOOP( '', ( #3736, #3737, #3738, #3739 ) );
#2060 = AXIS2_PLACEMENT_3D( '', #3740, #3741, #3742 );
#2061 = SURFACE_SIDE_STYLE( '', ( #3743 ) );
#2062 = EDGE_LOOP( '', ( #3744, #3745, #3746, #3747 ) );
#2063 = AXIS2_PLACEMENT_3D( '', #3748, #3749, #3750 );
#2064 = SURFACE_SIDE_STYLE( '', ( #3751 ) );
#2065 = EDGE_LOOP( '', ( #3752, #3753, #3754, #3755 ) );
#2066 = AXIS2_PLACEMENT_3D( '', #3756, #3757, #3758 );
#2067 = SURFACE_SIDE_STYLE( '', ( #3759 ) );
#2068 = EDGE_LOOP( '', ( #3760, #3761, #3762, #3763 ) );
#2069 = AXIS2_PLACEMENT_3D( '', #3764, #3765, #3766 );
#2070 = SURFACE_SIDE_STYLE( '', ( #3767 ) );
#2071 = EDGE_LOOP( '', ( #3768, #3769, #3770, #3771 ) );
#2072 = B_SPLINE_CURVE_WITH_KNOTS( '', 3, ( #3772, #3773, #3774, #3775, #3776, #3777, #3778, #3779, #3780, #3781, #3782, #3783, #3784, #3785, #3786 ), .UNSPECIFIED., .F., .F., ( 4, 2, 3, 3, 3, 4 ), ( 0.610658117094134, 0.649580036061722, 0.684079009692085, 0.719729512721673, 0.782879952987661, 0.947239308468262 ), .UNSPECIFIED. );
#2073 = VECTOR( '', #3787, 1000.00000000000 );
#2074 = SURFACE_SIDE_STYLE( '', ( #3788 ) );
#2075 = EDGE_LOOP( '', ( #3789, #3790, #3791, #3792 ) );
#2076 = AXIS2_PLACEMENT_3D( '', #3793, #3794, #3795 );
#2077 = SURFACE_SIDE_STYLE( '', ( #3796 ) );
#2078 = EDGE_LOOP( '', ( #3797 ) );
#2079 = EDGE_LOOP( '', ( #3798 ) );
#2080 = AXIS2_PLACEMENT_3D( '', #3799, #3800, #3801 );
#2081 = SURFACE_SIDE_STYLE( '', ( #3802 ) );
#2082 = EDGE_LOOP( '', ( #3803, #3804, #3805, #3806 ) );
#2083 = AXIS2_PLACEMENT_3D( '', #3807, #3808, #3809 );
#2084 = SURFACE_SIDE_STYLE( '', ( #3810 ) );
#2085 = EDGE_LOOP( '', ( #3811, #3812, #3813, #3814 ) );
#2086 = AXIS2_PLACEMENT_3D( '', #3815, #3816, #3817 );
#2087 = SURFACE_SIDE_STYLE( '', ( #3818 ) );
#2088 = EDGE_LOOP( '', ( #3819 ) );
#2089 = EDGE_LOOP( '', ( #3820 ) );
#2090 = AXIS2_PLACEMENT_3D( '', #3821, #3822, #3823 );
#2091 = SURFACE_SIDE_STYLE( '', ( #3824 ) );
#2092 = EDGE_LOOP( '', ( #3825, #3826, #3827, #3828 ) );
#2093 = AXIS2_PLACEMENT_3D( '', #3829, #3830, #3831 );
#2094 = SURFACE_SIDE_STYLE( '', ( #3832 ) );
#2095 = EDGE_LOOP( '', ( #3833, #3834, #3835, #3836 ) );
#2096 = AXIS2_PLACEMENT_3D( '', #3837, #3838, #3839 );
#2097 = SURFACE_SIDE_STYLE( '', ( #3840 ) );
#2098 = EDGE_LOOP( '', ( #3841 ) );
#2099 = EDGE_LOOP( '', ( #3842 ) );
#2100 = AXIS2_PLACEMENT_3D( '', #3843, #3844, #3845 );
#2101 = SURFACE_SIDE_STYLE( '', ( #3846 ) );
#2102 = EDGE_LOOP( '', ( #3847, #3848, #3849, #3850 ) );
#2103 = AXIS2_PLACEMENT_3D( '', #3851, #3852, #3853 );
#2104 = SURFACE_SIDE_STYLE( '', ( #3854 ) );
#2105 = EDGE_LOOP( '', ( #3855, #3856, #3857, #3858 ) );
#2106 = AXIS2_PLACEMENT_3D( '', #3859, #3860, #3861 );
#2107 = SURFACE_SIDE_STYLE( '', ( #3862 ) );
#2108 = EDGE_LOOP( '', ( #3863, #3864, #3865, #3866 ) );
#2109 = AXIS2_PLACEMENT_3D( '', #3867, #3868, #3869 );
#2110 = SURFACE_SIDE_STYLE( '', ( #3870 ) );
#2111 = EDGE_LOOP( '', ( #3871, #3872, #3873, #3874 ) );
#2112 = AXIS2_PLACEMENT_3D( '', #3875, #3876, #3877 );
#2113 = SURFACE_SIDE_STYLE( '', ( #3878 ) );
#2114 = EDGE_LOOP( '', ( #3879 ) );
#2115 = EDGE_LOOP( '', ( #3880, #3881, #3882, #3883 ) );
#2116 = AXIS2_PLACEMENT_3D( '', #3884, #3885, #3886 );
#2117 = SURFACE_SIDE_STYLE( '', ( #3887 ) );
#2118 = EDGE_LOOP( '', ( #3888, #3889, #3890, #3891 ) );
#2119 = AXIS2_PLACEMENT_3D( '', #3892, #3893, #3894 );
#2120 = SURFACE_SIDE_STYLE( '', ( #3895 ) );
#2121 = EDGE_LOOP( '', ( #3896, #3897, #3898, #3899 ) );
#2122 = AXIS2_PLACEMENT_3D( '', #3900, #3901, #3902 );
#2123 = SURFACE_SIDE_STYLE( '', ( #3903 ) );
#2124 = EDGE_LOOP( '', ( #3904, #3905, #3906, #3907 ) );
#2125 = AXIS2_PLACEMENT_3D( '', #3908, #3909, #3910 );
#2126 = SURFACE_SIDE_STYLE( '', ( #3911 ) );
#2127 = EDGE_LOOP( '', ( #3912, #3913, #3914, #3915 ) );
#2128 = AXIS2_PLACEMENT_3D( '', #3916, #3917, #3918 );
#2129 = SURFACE_SIDE_STYLE( '', ( #3919 ) );
#2130 = EDGE_LOOP( '', ( #3920, #3921, #3922, #3923 ) );
#2131 = AXIS2_PLACEMENT_3D( '', #3924, #3925, #3926 );
#2132 = SURFACE_SIDE_STYLE( '', ( #3927 ) );
#2133 = EDGE_LOOP( '', ( #3928, #3929, #3930, #3931 ) );
#2134 = B_SPLINE_CURVE_WITH_KNOTS( '', 3, ( #3932, #3933, #3934, #3935, #3936, #3937, #3938, #3939, #3940, #3941, #3942, #3943, #3944, #3945, #3946, #3947, #3948 ), .UNSPECIFIED., .F., .F., ( 4, 2, 3, 2, 2, 2, 2, 4 ), ( 0.182860790289622, 0.235547193108223, 0.301844249988295, 0.367171546661368, 0.411439385854306, 0.455707225047244, 0.499975064240182, 0.558846726672027 ), .UNSPECIFIED. );
#2135 = VECTOR( '', #3949, 1000.00000000000 );
#2136 = SURFACE_SIDE_STYLE( '', ( #3950 ) );
#2137 = EDGE_LOOP( '', ( #3951, #3952, #3953, #3954 ) );
#2138 = AXIS2_PLACEMENT_3D( '', #3955, #3956, #3957 );
#2139 = SURFACE_SIDE_STYLE( '', ( #3958 ) );
#2140 = EDGE_LOOP( '', ( #3959, #3960, #3961, #3962 ) );
#2141 = AXIS2_PLACEMENT_3D( '', #3963, #3964, #3965 );
#2142 = SURFACE_SIDE_STYLE( '', ( #3966 ) );
#2143 = EDGE_LOOP( '', ( #3967, #3968, #3969, #3970 ) );
#2144 = AXIS2_PLACEMENT_3D( '', #3971, #3972, #3973 );
#2145 = SURFACE_SIDE_STYLE( '', ( #3974 ) );
#2146 = EDGE_LOOP( '', ( #3975, #3976, #3977, #3978 ) );
#2147 = AXIS2_PLACEMENT_3D( '', #3979, #3980, #3981 );
#2148 = SURFACE_SIDE_STYLE( '', ( #3982 ) );
#2149 = EDGE_LOOP( '', ( #3983, #3984, #3985, #3986 ) );
#2150 = AXIS2_PLACEMENT_3D( '', #3987, #3988, #3989 );
#2151 = SURFACE_SIDE_STYLE( '', ( #3990 ) );
#2152 = EDGE_LOOP( '', ( #3991, #3992, #3993, #3994 ) );
#2153 = AXIS2_PLACEMENT_3D( '', #3995, #3996, #3997 );
#2154 = SURFACE_SIDE_STYLE( '', ( #3998 ) );
#2155 = EDGE_LOOP( '', ( #3999, #4000, #4001, #4002 ) );
#2156 = AXIS2_PLACEMENT_3D( '', #4003, #4004, #4005 );
#2157 = SURFACE_SIDE_STYLE( '', ( #4006 ) );
#2158 = EDGE_LOOP( '', ( #4007 ) );
#2159 = EDGE_LOOP( '', ( #4008 ) );
#2160 = AXIS2_PLACEMENT_3D( '', #4009, #4010, #4011 );
#2161 = SURFACE_SIDE_STYLE( '', ( #4012 ) );
#2162 = EDGE_LOOP( '', ( #4013 ) );
#2163 = EDGE_LOOP( '', ( #4014 ) );
#2164 = AXIS2_PLACEMENT_3D( '', #4015, #4016, #4017 );
#2165 = SURFACE_SIDE_STYLE( '', ( #4018 ) );
#2166 = EDGE_LOOP( '', ( #4019, #4020, #4021, #4022 ) );
#2167 = AXIS2_PLACEMENT_3D( '', #4023, #4024, #4025 );
#2168 = SURFACE_SIDE_STYLE( '', ( #4026 ) );
#2169 = EDGE_LOOP( '', ( #4027 ) );
#2170 = AXIS2_PLACEMENT_3D( '', #4028, #4029, #4030 );
#2171 = SURFACE_SIDE_STYLE( '', ( #4031 ) );
#2172 = EDGE_LOOP( '', ( #4032, #4033, #4034, #4035 ) );
#2173 = AXIS2_PLACEMENT_3D( '', #4036, #4037, #4038 );
#2174 = SURFACE_SIDE_STYLE( '', ( #4039 ) );
#2175 = EDGE_LOOP( '', ( #4040, #4041, #4042 ) );
#2176 = AXIS2_PLACEMENT_3D( '', #4043, #4044, #4045 );
#2177 = SURFACE_SIDE_STYLE( '', ( #4046 ) );
#2178 = EDGE_LOOP( '', ( #4047, #4048, #4049, #4050 ) );
#2179 = AXIS2_PLACEMENT_3D( '', #4051, #4052, #4053 );
#2180 = SURFACE_SIDE_STYLE( '', ( #4054 ) );
#2181 = EDGE_LOOP( '', ( #4055, #4056, #4057, #4058 ) );
#2182 = B_SPLINE_CURVE_WITH_KNOTS( '', 3, ( #4059, #4060, #4061, #4062, #4063, #4064, #4065, #4066, #4067, #4068, #4069, #4070, #4071, #4072 ), .UNSPECIFIED., .F., .F., ( 4, 3, 2, 2, 3, 4 ), ( 0.0289434027834783, 0.0517568870854070, 0.0811100186776973, 0.113031549284314, 0.144953079890931, 0.182860790289622 ), .UNSPECIFIED. );
#2183 = VECTOR( '', #4073, 1000.00000000000 );
#2184 = SURFACE_SIDE_STYLE( '', ( #4074 ) );
#2185 = EDGE_LOOP( '', ( #4075, #4076, #4077, #4078 ) );
#2186 = AXIS2_PLACEMENT_3D( '', #4079, #4080, #4081 );
#2187 = SURFACE_SIDE_STYLE( '', ( #4082 ) );
#2188 = EDGE_LOOP( '', ( #4083, #4084, #4085, #4086 ) );
#2189 = AXIS2_PLACEMENT_3D( '', #4087, #4088, #4089 );
#2190 = SURFACE_SIDE_STYLE( '', ( #4090 ) );
#2191 = EDGE_LOOP( '', ( #4091, #4092, #4093, #4094, #4095, #4096, #4097, #4098 ) );
#2192 = AXIS2_PLACEMENT_3D( '', #4099, #4100, #4101 );
#2193 = SURFACE_SIDE_STYLE( '', ( #4102 ) );
#2194 = EDGE_LOOP( '', ( #4103, #4104, #4105, #4106, #4107, #4108, #4109, #4110 ) );
#2195 = AXIS2_PLACEMENT_3D( '', #4111, #4112, #4113 );
#2196 = SURFACE_SIDE_STYLE( '', ( #4114 ) );
#2197 = EDGE_LOOP( '', ( #4115, #4116, #4117, #4118 ) );
#2198 = AXIS2_PLACEMENT_3D( '', #4119, #4120, #4121 );
#2199 = SURFACE_SIDE_STYLE( '', ( #4122 ) );
#2200 = EDGE_LOOP( '', ( #4123, #4124, #4125, #4126 ) );
#2201 = AXIS2_PLACEMENT_3D( '', #4127, #4128, #4129 );
#2202 = SURFACE_SIDE_STYLE( '', ( #4130 ) );
#2203 = EDGE_LOOP( '', ( #4131, #4132, #4133, #4134 ) );
#2204 = AXIS2_PLACEMENT_3D( '', #4135, #4136, #4137 );
#2205 = SURFACE_SIDE_STYLE( '', ( #4138 ) );
#2206 = EDGE_LOOP( '', ( #4139 ) );
#2207 = AXIS2_PLACEMENT_3D( '', #4140, #4141, #4142 );
#2208 = SURFACE_SIDE_STYLE( '', ( #4143 ) );
#2209 = EDGE_LOOP( '', ( #4144, #4145, #4146, #4147 ) );
#2210 = AXIS2_PLACEMENT_3D( '', #4148, #4149, #4150 );
#2211 = SURFACE_SIDE_STYLE( '', ( #4151 ) );
#2212 = EDGE_LOOP( '', ( #4152, #4153, #4154, #4155 ) );
#2213 = EDGE_LOOP( '', ( #4156 ) );
#2214 = AXIS2_PLACEMENT_3D( '', #4157, #4158, #4159 );
#2215 = SURFACE_SIDE_STYLE( '', ( #4160 ) );
#2216 = EDGE_LOOP( '', ( #4161, #4162, #4163, #4164 ) );
#2217 = AXIS2_PLACEMENT_3D( '', #4165, #4166, #4167 );
#2218 = SURFACE_SIDE_STYLE( '', ( #4168 ) );
#2219 = EDGE_LOOP( '', ( #4169 ) );
#2220 = EDGE_LOOP( '', ( #4170 ) );
#2221 = AXIS2_PLACEMENT_3D( '', #4171, #4172, #4173 );
#2222 = SURFACE_SIDE_STYLE( '', ( #4174 ) );
#2223 = EDGE_LOOP( '', ( #4175, #4176, #4177, #4178 ) );
#2224 = EDGE_LOOP( '', ( #4179 ) );
#2225 = AXIS2_PLACEMENT_3D( '', #4180, #4181, #4182 );
#2226 = SURFACE_SIDE_STYLE( '', ( #4183 ) );
#2227 = EDGE_LOOP( '', ( #4184, #4185, #4186, #4187 ) );
#2228 = AXIS2_PLACEMENT_3D( '', #4188, #4189, #4190 );
#2229 = SURFACE_SIDE_STYLE( '', ( #4191 ) );
#2230 = EDGE_LOOP( '', ( #4192, #4193, #4194, #4195 ) );
#2231 = AXIS2_PLACEMENT_3D( '', #4196, #4197, #4198 );
#2232 = SURFACE_SIDE_STYLE( '', ( #4199 ) );
#2233 = EDGE_LOOP( '', ( #4200, #4201, #4202, #4203 ) );
#2234 = AXIS2_PLACEMENT_3D( '', #4204, #4205, #4206 );
#2235 = SURFACE_SIDE_STYLE( '', ( #4207 ) );
#2236 = EDGE_LOOP( '', ( #4208 ) );
#2237 = EDGE_LOOP( '', ( #4209 ) );
#2238 = AXIS2_PLACEMENT_3D( '', #4210, #4211, #4212 );
#2239 = SURFACE_SIDE_STYLE( '', ( #4213 ) );
#2240 = EDGE_LOOP( '', ( #4214, #4215, #4216, #4217, #4218, #4219, #4220, #4221 ) );
#2241 = B_SPLINE_CURVE_WITH_KNOTS( '', 3, ( #4222, #4223, #4224, #4225, #4226, #4227, #4228, #4229, #4230, #4231, #4232, #4233, #4234, #4235, #4236 ), .UNSPECIFIED., .F., .F., ( 4, 2, 3, 3, 3, 4 ), ( 0.361857452813977, 0.365353287071812, 0.403308059014016, 0.445301318245177, 0.482732751851467, 0.518355841223786 ), .UNSPECIFIED. );
#2242 = VECTOR( '', #4237, 1000.00000000000 );
#2243 = SURFACE_SIDE_STYLE( '', ( #4238 ) );
#2244 = EDGE_LOOP( '', ( #4239 ) );
#2245 = AXIS2_PLACEMENT_3D( '', #4240, #4241, #4242 );
#2246 = SURFACE_SIDE_STYLE( '', ( #4243 ) );
#2247 = EDGE_LOOP( '', ( #4244, #4245, #4246, #4247 ) );
#2248 = AXIS2_PLACEMENT_3D( '', #4248, #4249, #4250 );
#2249 = SURFACE_SIDE_STYLE( '', ( #4251 ) );
#2250 = EDGE_LOOP( '', ( #4252, #4253, #4254, #4255, #4256, #4257, #4258, #4259, #4260, #4261, #4262, #4263 ) );
#2251 = AXIS2_PLACEMENT_3D( '', #4264, #4265, #4266 );
#2252 = SURFACE_SIDE_STYLE( '', ( #4267 ) );
#2253 = EDGE_LOOP( '', ( #4268, #4269, #4270, #4271 ) );
#2254 = AXIS2_PLACEMENT_3D( '', #4272, #4273, #4274 );
#2255 = SURFACE_SIDE_STYLE( '', ( #4275 ) );
#2256 = EDGE_LOOP( '', ( #4276, #4277, #4278 ) );
#2257 = AXIS2_PLACEMENT_3D( '', #4279, #4280, #4281 );
#2258 = SURFACE_SIDE_STYLE( '', ( #4282 ) );
#2259 = EDGE_LOOP( '', ( #4283, #4284, #4285, #4286 ) );
#2260 = AXIS2_PLACEMENT_3D( '', #4287, #4288, #4289 );
#2261 = SURFACE_SIDE_STYLE( '', ( #4290 ) );
#2262 = EDGE_LOOP( '', ( #4291, #4292, #4293, #4294, #4295, #4296, #4297, #4298, #4299, #4300, #4301, #4302, #4303, #4304, #4305, #4306 ) );
#2263 = EDGE_LOOP( '', ( #4307 ) );
#2264 = AXIS2_PLACEMENT_3D( '', #4308, #4309, #4310 );
#2265 = SURFACE_SIDE_STYLE( '', ( #4311 ) );
#2266 = EDGE_LOOP( '', ( #4312, #4313, #4314, #4315 ) );
#2267 = AXIS2_PLACEMENT_3D( '', #4316, #4317, #4318 );
#2268 = SURFACE_SIDE_STYLE( '', ( #4319 ) );
#2269 = EDGE_LOOP( '', ( #4320, #4321, #4322, #4323, #4324, #4325, #4326 ) );
#2270 = AXIS2_PLACEMENT_3D( '', #4327, #4328, #4329 );
#2271 = SURFACE_SIDE_STYLE( '', ( #4330 ) );
#2272 = EDGE_LOOP( '', ( #4331 ) );
#2273 = EDGE_LOOP( '', ( #4332 ) );
#2274 = AXIS2_PLACEMENT_3D( '', #4333, #4334, #4335 );
#2275 = SURFACE_SIDE_STYLE( '', ( #4336 ) );
#2276 = EDGE_LOOP( '', ( #4337, #4338, #4339, #4340 ) );
#2277 = AXIS2_PLACEMENT_3D( '', #4341, #4342, #4343 );
#2278 = SURFACE_SIDE_STYLE( '', ( #4344 ) );
#2279 = EDGE_LOOP( '', ( #4345, #4346, #4347, #4348 ) );
#2280 = AXIS2_PLACEMENT_3D( '', #4349, #4350, #4351 );
#2281 = SURFACE_SIDE_STYLE( '', ( #4352 ) );
#2282 = EDGE_LOOP( '', ( #4353 ) );
#2283 = EDGE_LOOP( '', ( #4354 ) );
#2284 = AXIS2_PLACEMENT_3D( '', #4355, #4356, #4357 );
#2285 = SURFACE_SIDE_STYLE( '', ( #4358 ) );
#2286 = EDGE_LOOP( '', ( #4359, #4360, #4361, #4362, #4363, #4364 ) );
#2287 = AXIS2_PLACEMENT_3D( '', #4365, #4366, #4367 );
#2288 = SURFACE_SIDE_STYLE( '', ( #4368 ) );
#2289 = EDGE_LOOP( '', ( #4369, #4370, #4371, #4372 ) );
#2290 = AXIS2_PLACEMENT_3D( '', #4373, #4374, #4375 );
#2291 = SURFACE_SIDE_STYLE( '', ( #4376 ) );
#2292 = EDGE_LOOP( '', ( #4377, #4378, #4379, #4380 ) );
#2293 = AXIS2_PLACEMENT_3D( '', #4381, #4382, #4383 );
#2294 = SURFACE_SIDE_STYLE( '', ( #4384 ) );
#2295 = EDGE_LOOP( '', ( #4385 ) );
#2296 = EDGE_LOOP( '', ( #4386 ) );
#2297 = AXIS2_PLACEMENT_3D( '', #4387, #4388, #4389 );
#2298 = SURFACE_SIDE_STYLE( '', ( #4390 ) );
#2299 = EDGE_LOOP( '', ( #4391, #4392, #4393, #4394 ) );
#2300 = AXIS2_PLACEMENT_3D( '', #4395, #4396, #4397 );
#2301 = SURFACE_SIDE_STYLE( '', ( #4398 ) );
#2302 = EDGE_LOOP( '', ( #4399, #4400, #4401, #4402 ) );
#2303 = AXIS2_PLACEMENT_3D( '', #4403, #4404, #4405 );
#2304 = SURFACE_SIDE_STYLE( '', ( #4406 ) );
#2305 = EDGE_LOOP( '', ( #4407 ) );
#2306 = EDGE_LOOP( '', ( #4408 ) );
#2307 = AXIS2_PLACEMENT_3D( '', #4409, #4410, #4411 );
#2308 = SURFACE_SIDE_STYLE( '', ( #4412 ) );
#2309 = EDGE_LOOP( '', ( #4413, #4414, #4415, #4416 ) );
#2310 = AXIS2_PLACEMENT_3D( '', #4417, #4418, #4419 );
#2311 = SURFACE_SIDE_STYLE( '', ( #4420 ) );
#2312 = EDGE_LOOP( '', ( #4421, #4422 ) );
#2313 = AXIS2_PLACEMENT_3D( '', #4423, #4424, #4425 );
#2314 = SURFACE_SIDE_STYLE( '', ( #4426 ) );
#2315 = EDGE_LOOP( '', ( #4427, #4428, #4429, #4430, #4431, #4432, #4433, #4434, #4435, #4436, #4437, #4438, #4439 ) );
#2316 = AXIS2_PLACEMENT_3D( '', #4440, #4441, #4442 );
#2317 = SURFACE_SIDE_STYLE( '', ( #4443 ) );
#2318 = EDGE_LOOP( '', ( #4444, #4445, #4446, #4447 ) );
#2319 = AXIS2_PLACEMENT_3D( '', #4448, #4449, #4450 );
#2320 = SURFACE_SIDE_STYLE( '', ( #4451 ) );
#2321 = EDGE_LOOP( '', ( #4452, #4453, #4454, #4455 ) );
#2322 = AXIS2_PLACEMENT_3D( '', #4456, #4457, #4458 );
#2323 = SURFACE_SIDE_STYLE( '', ( #4459 ) );
#2324 = EDGE_LOOP( '', ( #4460, #4461, #4462, #4463, #4464, #4465, #4466, #4467 ) );
#2325 = B_SPLINE_CURVE_WITH_KNOTS( '', 3, ( #4468, #4469, #4470, #4471, #4472, #4473, #4474, #4475, #4476, #4477, #4478, #4479, #4480, #4481, #4482 ), .UNSPECIFIED., .F., .F., ( 4, 2, 3, 3, 3, 4 ), ( 0.499173000348934, 0.614831299932541, 0.730489599516147, 0.841701158441076, 0.958540723515277, 1.00000000000000 ), .UNSPECIFIED. );
#2326 = VECTOR( '', #4483, 1000.00000000000 );
#2327 = SURFACE_SIDE_STYLE( '', ( #4484 ) );
#2328 = EDGE_LOOP( '', ( #4485, #4486, #4487, #4488, #4489, #4490, #4491 ) );
#2329 = EDGE_LOOP( '', ( #4492, #4493, #4494, #4495 ) );
#2330 = EDGE_LOOP( '', ( #4496, #4497, #4498, #4499, #4500, #4501, #4502 ) );
#2331 = EDGE_LOOP( '', ( #4503, #4504, #4505, #4506, #4507, #4508, #4509, #4510, #4511, #4512, #4513, #4514, #4515 ) );
#2332 = EDGE_LOOP( '', ( #4516, #4517, #4518, #4519, #4520, #4521, #4522, #4523, #4524, #4525, #4526, #4527 ) );
#2333 = EDGE_LOOP( '', ( #4528, #4529, #4530, #4531, #4532, #4533, #4534, #4535, #4536, #4537, #4538, #4539, #4540, #4541, #4542, #4543, #4544, #4545, #4546, #4547, #4548, #4549, #4550, #4551, #4552 ) );
#2334 = EDGE_LOOP( '', ( #4553, #4554, #4555, #4556, #4557, #4558, #4559, #4560, #4561, #4562, #4563, #4564 ) );
#2335 = EDGE_LOOP( '', ( #4565, #4566, #4567, #4568 ) );
#2336 = EDGE_LOOP( '', ( #4569, #4570, #4571, #4572, #4573, #4574 ) );
#2337 = AXIS2_PLACEMENT_3D( '', #4575, #4576, #4577 );
#2338 = SURFACE_SIDE_STYLE( '', ( #4578 ) );
#2339 = EDGE_LOOP( '', ( #4579, #4580, #4581, #4582 ) );
#2340 = AXIS2_PLACEMENT_3D( '', #4583, #4584, #4585 );
#2341 = SURFACE_SIDE_STYLE( '', ( #4586 ) );
#2342 = EDGE_LOOP( '', ( #4587, #4588, #4589, #4590 ) );
#2343 = B_SPLINE_CURVE_WITH_KNOTS( '', 3, ( #4591, #4592, #4593, #4594, #4595, #4596, #4597 ), .UNSPECIFIED., .F., .F., ( 4, 3, 4 ), ( 0.149069852529666, 0.242039240282829, 0.261468230552944 ), .UNSPECIFIED. );
#2344 = VECTOR( '', #4598, 1000.00000000000 );
#2345 = SURFACE_SIDE_STYLE( '', ( #4599 ) );
#2346 = EDGE_LOOP( '', ( #4600, #4601, #4602, #4603 ) );
#2347 = AXIS2_PLACEMENT_3D( '', #4604, #4605, #4606 );
#2348 = SURFACE_SIDE_STYLE( '', ( #4607 ) );
#2349 = EDGE_LOOP( '', ( #4608, #4609, #4610, #4611 ) );
#2350 = B_SPLINE_CURVE_WITH_KNOTS( '', 3, ( #4612, #4613, #4614, #4615, #4616, #4617, #4618, #4619, #4620, #4621, #4622, #4623, #4624, #4625, #4626, #4627, #4628, #4629, #4630, #4631 ), .UNSPECIFIED., .F., .F., ( 4, 3, 3, 2, 3, 2, 3, 4 ), ( 0.582301816735135, 0.697897258735781, 0.727682193021292, 0.749965873996904, 0.772249554972515, 0.818209178399425, 0.864168801826336, 0.967967528120303 ), .UNSPECIFIED. );
#2351 = VECTOR( '', #4632, 1000.00000000000 );
#2352 = SURFACE_SIDE_STYLE( '', ( #4633 ) );
#2353 = EDGE_LOOP( '', ( #4634, #4635, #4636, #4637 ) );
#2354 = AXIS2_PLACEMENT_3D( '', #4638, #4639, #4640 );
#2355 = SURFACE_SIDE_STYLE( '', ( #4641 ) );
#2356 = EDGE_LOOP( '', ( #4642 ) );
#2357 = EDGE_LOOP( '', ( #4643, #4644, #4645, #4646, #4647, #4648 ) );
#2358 = AXIS2_PLACEMENT_3D( '', #4649, #4650, #4651 );
#2359 = SURFACE_SIDE_STYLE( '', ( #4652 ) );
#2360 = EDGE_LOOP( '', ( #4653, #4654, #4655, #4656, #4657, #4658, #4659, #4660, #4661, #4662, #4663, #4664, #4665 ) );
#2361 = AXIS2_PLACEMENT_3D( '', #4666, #4667, #4668 );
#2362 = SURFACE_SIDE_STYLE( '', ( #4669 ) );
#2363 = EDGE_LOOP( '', ( #4670, #4671, #4672, #4673 ) );
#2364 = AXIS2_PLACEMENT_3D( '', #4674, #4675, #4676 );
#2365 = SURFACE_SIDE_STYLE( '', ( #4677 ) );
#2366 = EDGE_LOOP( '', ( #4678, #4679, #4680, #4681 ) );
#2367 = AXIS2_PLACEMENT_3D( '', #4682, #4683, #4684 );
#2368 = SURFACE_SIDE_STYLE( '', ( #4685 ) );
#2369 = EDGE_LOOP( '', ( #4686 ) );
#2370 = AXIS2_PLACEMENT_3D( '', #4687, #4688, #4689 );
#2371 = SURFACE_SIDE_STYLE( '', ( #4690 ) );
#2372 = EDGE_LOOP( '', ( #4691 ) );
#2373 = EDGE_LOOP( '', ( #4692 ) );
#2374 = AXIS2_PLACEMENT_3D( '', #4693, #4694, #4695 );
#2375 = SURFACE_SIDE_STYLE( '', ( #4696 ) );
#2376 = EDGE_LOOP( '', ( #4697, #4698, #4699, #4700 ) );
#2377 = AXIS2_PLACEMENT_3D( '', #4701, #4702, #4703 );
#2378 = SURFACE_SIDE_STYLE( '', ( #4704 ) );
#2379 = EDGE_LOOP( '', ( #4705, #4706, #4707, #4708 ) );
#2380 = AXIS2_PLACEMENT_3D( '', #4709, #4710, #4711 );
#2381 = SURFACE_SIDE_STYLE( '', ( #4712 ) );
#2382 = EDGE_LOOP( '', ( #4713, #4714, #4715, #4716, #4717, #4718 ) );
#2383 = AXIS2_PLACEMENT_3D( '', #4719, #4720, #4721 );
#2384 = SURFACE_SIDE_STYLE( '', ( #4722 ) );
#2385 = EDGE_LOOP( '', ( #4723, #4724, #4725, #4726 ) );
#2386 = AXIS2_PLACEMENT_3D( '', #4727, #4728, #4729 );
#2387 = SURFACE_SIDE_STYLE( '', ( #4730 ) );
#2388 = EDGE_LOOP( '', ( #4731, #4732, #4733, #4734, #4735, #4736, #4737, #4738, #4739, #4740, #4741, #4742, #4743, #4744, #4745 ) );
#2389 = AXIS2_PLACEMENT_3D( '', #4746, #4747, #4748 );
#2390 = SURFACE_SIDE_STYLE( '', ( #4749 ) );
#2391 = EDGE_LOOP( '', ( #4750, #4751, #4752, #4753 ) );
#2392 = AXIS2_PLACEMENT_3D( '', #4754, #4755, #4756 );
#2393 = SURFACE_SIDE_STYLE( '', ( #4757 ) );
#2394 = EDGE_LOOP( '', ( #4758 ) );
#2395 = EDGE_LOOP( '', ( #4759, #4760, #4761, #4762 ) );
#2396 = AXIS2_PLACEMENT_3D( '', #4763, #4764, #4765 );
#2397 = SURFACE_SIDE_STYLE( '', ( #4766 ) );
#2398 = EDGE_LOOP( '', ( #4767 ) );
#2399 = EDGE_LOOP( '', ( #4768 ) );
#2400 = AXIS2_PLACEMENT_3D( '', #4769, #4770, #4771 );
#2401 = SURFACE_SIDE_STYLE( '', ( #4772 ) );
#2402 = EDGE_LOOP( '', ( #4773, #4774, #4775, #4776 ) );
#2403 = AXIS2_PLACEMENT_3D( '', #4777, #4778, #4779 );
#2404 = SURFACE_SIDE_STYLE( '', ( #4780 ) );
#2405 = EDGE_LOOP( '', ( #4781 ) );
#2406 = EDGE_LOOP( '', ( #4782 ) );
#2407 = AXIS2_PLACEMENT_3D( '', #4783, #4784, #4785 );
#2408 = SURFACE_SIDE_STYLE( '', ( #4786 ) );
#2409 = EDGE_LOOP( '', ( #4787, #4788, #4789, #4790 ) );
#2410 = AXIS2_PLACEMENT_3D( '', #4791, #4792, #4793 );
#2411 = SURFACE_SIDE_STYLE( '', ( #4794 ) );
#2412 = EDGE_LOOP( '', ( #4795, #4796, #4797, #4798 ) );
#2413 = AXIS2_PLACEMENT_3D( '', #4799, #4800, #4801 );
#2414 = SURFACE_SIDE_STYLE( '', ( #4802 ) );
#2415 = EDGE_LOOP( '', ( #4803, #4804, #4805, #4806 ) );
#2416 = AXIS2_PLACEMENT_3D( '', #4807, #4808, #4809 );
#2418 =  ( LENGTH_UNIT(  )NAMED_UNIT( #1613 )SI_UNIT( .MILLI., .METRE. ) );
#2419 = SURFACE_STYLE_FILL_AREA( #4811 );
#2420 = ORIENTED_EDGE( '', *, *, #4812, .F. );
#2421 = ORIENTED_EDGE( '', *, *, #4813, .F. );
#2422 = ORIENTED_EDGE( '', *, *, #4814, .T. );
#2423 = ORIENTED_EDGE( '', *, *, #4815, .T. );
#2424 = CARTESIAN_POINT( '', ( -5.15000000000000, -3.15000000000000, 0.600000000000000 ) );
#2425 = DIRECTION( '', ( -0.707106781186548, -0.707106781186547, 0.000000000000000 ) );
#2426 = DIRECTION( '', ( 0.707106781186547, -0.707106781186548, 0.000000000000000 ) );
#2427 = SURFACE_STYLE_FILL_AREA( #4816 );
#2428 = ORIENTED_EDGE( '', *, *, #4817, .F. );
#2429 = ORIENTED_EDGE( '', *, *, #4818, .F. );
#2430 = ORIENTED_EDGE( '', *, *, #4819, .T. );
#2431 = ORIENTED_EDGE( '', *, *, #4820, .T. );
#2432 = CARTESIAN_POINT( '', ( -1.33545768708479, -0.352303505636688, 9.74000000000000 ) );
#2433 = DIRECTION( '', ( 0.000000000000000, 1.00000000000000, 2.19030741916264E-017 ) );
#2434 = DIRECTION( '', ( 0.000000000000000, -2.19030741916264E-017, 1.00000000000000 ) );
#2435 = SURFACE_STYLE_FILL_AREA( #4821 );
#2436 = ORIENTED_EDGE( '', *, *, #4822, .T. );
#2437 = CARTESIAN_POINT( '', ( 3.50000000000000, -3.50000000000000, -0.0500000000000000 ) );
#2438 = DIRECTION( '', ( 0.000000000000000, 0.000000000000000, -1.00000000000000 ) );
#2439 = DIRECTION( '', ( -1.00000000000000, 0.000000000000000, 0.000000000000000 ) );
#2440 = SURFACE_STYLE_FILL_AREA( #4823 );
#2441 = ORIENTED_EDGE( '', *, *, #4824, .F. );
#2442 = ORIENTED_EDGE( '', *, *, #4825, .F. );
#2443 = ORIENTED_EDGE( '', *, *, #4826, .F. );
#2444 = ORIENTED_EDGE( '', *, *, #4827, .F. );
#2445 = CARTESIAN_POINT( '', ( 4.35000000000000, 4.35000000000000, 0.600000000000000 ) );
#2446 = DIRECTION( '', ( -0.000000000000000, -0.000000000000000, 1.00000000000000 ) );
#2447 = DIRECTION( '', ( -1.00000000000000, 0.000000000000000, 0.000000000000000 ) );
#2448 = SURFACE_STYLE_FILL_AREA( #4828 );
#2449 = ORIENTED_EDGE( '', *, *, #4829, .F. );
#2450 = ORIENTED_EDGE( '', *, *, #4830, .F. );
#2451 = ORIENTED_EDGE( '', *, *, #4831, .T. );
#2452 = ORIENTED_EDGE( '', *, *, #4832, .T. );
#2453 = ORIENTED_EDGE( '', *, *, #4833, .F. );
#2454 = ORIENTED_EDGE( '', *, *, #4834, .F. );
#2455 = ORIENTED_EDGE( '', *, *, #4835, .T. );
#2456 = ORIENTED_EDGE( '', *, *, #4836, .F. );
#2457 = CARTESIAN_POINT( '', ( 0.393159676259257, 0.0690469766784248, 9.74000000000000 ) );
#2458 = CARTESIAN_POINT( '', ( 0.341455496194948, 0.0482109638166888, 9.74000000000000 ) );
#2459 = CARTESIAN_POINT( '', ( 0.263513374008452, 0.0296900634951456, 9.74000000000000 ) );
#2460 = CARTESIAN_POINT( '', ( 0.159333309699771, 0.0150276840739234, 9.74000000000000 ) );
#2461 = CARTESIAN_POINT( '', ( 0.100651447370728, 0.00676875530168805, 9.74000000000000 ) );
#2462 = CARTESIAN_POINT( '', ( 0.0590117662914104, -0.00272151206755558, 9.74000000000000 ) );
#2463 = CARTESIAN_POINT( '', ( 0.0343172325293528, -0.0135253705884564, 9.74000000000000 ) );
#2464 = CARTESIAN_POINT( '', ( 0.00990607866292476, -0.0242052504050178, 9.74000000000000 ) );
#2465 = CARTESIAN_POINT( '', ( -0.00889820155424836, -0.0389916085305784, 9.74000000000000 ) );
#2466 = CARTESIAN_POINT( '', ( -0.0220171726153413, -0.0598276213923144, 9.74000000000000 ) );
#2467 = CARTESIAN_POINT( '', ( -0.0350072736267188, -0.0804589582927373, 9.74000000000000 ) );
#2468 = CARTESIAN_POINT( '', ( -0.0420814812970142, -0.102271351295851, 9.74000000000000 ) );
#2469 = CARTESIAN_POINT( '', ( -0.0420814812970138, -0.165551094061126, 9.74000000000000 ) );
#2470 = CARTESIAN_POINT( '', ( -0.0274191018757913, -0.197190965443761, 9.74000000000000 ) );
#2471 = CARTESIAN_POINT( '', ( 0.00113395278658786, -0.222657203385884, 9.74000000000000 ) );
#2472 = DIRECTION( '', ( -2.19030741916264E-017, -2.19030741916264E-017, 1.00000000000000 ) );
#2473 = SURFACE_STYLE_FILL_AREA( #4837 );
#2474 = ORIENTED_EDGE( '', *, *, #4838, .F. );
#2475 = ORIENTED_EDGE( '', *, *, #4839, .F. );
#2476 = ORIENTED_EDGE( '', *, *, #4840, .T. );
#2477 = ORIENTED_EDGE( '', *, *, #4841, .T. );
#2478 = ORIENTED_EDGE( '', *, *, #4842, .T. );
#2479 = ORIENTED_EDGE( '', *, *, #4843, .T. );
#2480 = ORIENTED_EDGE( '', *, *, #4844, .F. );
#2481 = ORIENTED_EDGE( '', *, *, #4845, .F. );
#2482 = CARTESIAN_POINT( '', ( 2.90000000000000, -0.475000000000000, 0.700000000000000 ) );
#2483 = DIRECTION( '', ( -1.80700362080917E-016, 1.00000000000000, -7.12420818680175E-032 ) );
#2484 = DIRECTION( '', ( -1.00000000000000, -1.80700362080917E-016, 0.000000000000000 ) );
#2485 = SURFACE_STYLE_FILL_AREA( #4846 );
#2486 = ORIENTED_EDGE( '', *, *, #4847, .F. );
#2487 = ORIENTED_EDGE( '', *, *, #4848, .T. );
#2488 = CARTESIAN_POINT( '', ( -2.00039576577539E-017, 0.000000000000000, 0.200000000000000 ) );
#2489 = DIRECTION( '', ( 1.00019788288769E-016, -0.000000000000000, -1.00000000000000 ) );
#2490 = DIRECTION( '', ( 1.00000000000000, 0.000000000000000, 1.00019788288769E-016 ) );
#2491 = SURFACE_STYLE_FILL_AREA( #4849 );
#2492 = ORIENTED_EDGE( '', *, *, #4850, .F. );
#2493 = ORIENTED_EDGE( '', *, *, #4851, .T. );
#2494 = ORIENTED_EDGE( '', *, *, #4852, .T. );
#2495 = ORIENTED_EDGE( '', *, *, #4853, .T. );
#2496 = CARTESIAN_POINT( '', ( -1.12753521446622E-014, 0.0707106781186577, 9.74200000000000 ) );
#2497 = DIRECTION( '', ( 0.707106781186545, -0.707106781186550, 3.09756245794619E-017 ) );
#2498 = DIRECTION( '', ( 0.707106781186550, 0.707106781186545, 0.000000000000000 ) );
#2499 = SURFACE_STYLE_FILL_AREA( #4854 );
#2500 = ORIENTED_EDGE( '', *, *, #4855, .F. );
#2501 = ORIENTED_EDGE( '', *, *, #4856, .F. );
#2502 = ORIENTED_EDGE( '', *, *, #4857, .T. );
#2503 = ORIENTED_EDGE( '', *, *, #4858, .T. );
#2504 = CARTESIAN_POINT( '', ( 0.000000000000000, 0.000000000000000, 1.10000000000000 ) );
#2505 = DIRECTION( '', ( -0.000000000000000, -0.000000000000000, 1.00000000000000 ) );
#2506 = DIRECTION( '', ( -1.00000000000000, 0.000000000000000, 0.000000000000000 ) );
#2507 = SURFACE_STYLE_FILL_AREA( #4859 );
#2508 = ORIENTED_EDGE( '', *, *, #4860, .F. );
#2509 = ORIENTED_EDGE( '', *, *, #4861, .T. );
#2510 = ORIENTED_EDGE( '', *, *, #4862, .T. );
#2511 = ORIENTED_EDGE( '', *, *, #4863, .T. );
#2512 = ORIENTED_EDGE( '', *, *, #4864, .F. );
#2513 = ORIENTED_EDGE( '', *, *, #4865, .T. );
#2514 = ORIENTED_EDGE( '', *, *, #4866, .T. );
#2515 = ORIENTED_EDGE( '', *, *, #4867, .T. );
#2516 = ORIENTED_EDGE( '', *, *, #4868, .F. );
#2517 = ORIENTED_EDGE( '', *, *, #4869, .T. );
#2518 = ORIENTED_EDGE( '', *, *, #4870, .T. );
#2519 = ORIENTED_EDGE( '', *, *, #4871, .T. );
#2520 = ORIENTED_EDGE( '', *, *, #4872, .F. );
#2521 = ORIENTED_EDGE( '', *, *, #4873, .T. );
#2522 = ORIENTED_EDGE( '', *, *, #4855, .T. );
#2523 = ORIENTED_EDGE( '', *, *, #4874, .T. );
#2524 = ORIENTED_EDGE( '', *, *, #4875, .T. );
#2525 = ORIENTED_EDGE( '', *, *, #4876, .F. );
#2526 = CARTESIAN_POINT( '', ( 0.000000000000000, 0.000000000000000, 0.600000000000000 ) );
#2527 = DIRECTION( '', ( 0.000000000000000, 0.000000000000000, -1.00000000000000 ) );
#2528 = DIRECTION( '', ( -1.00000000000000, 0.000000000000000, 0.000000000000000 ) );
#2529 = SURFACE_STYLE_FILL_AREA( #4877 );
#2530 = ORIENTED_EDGE( '', *, *, #4878, .T. );
#2531 = ORIENTED_EDGE( '', *, *, #4879, .T. );
#2532 = CARTESIAN_POINT( '', ( -3.50000000000000, -3.50000000000000, -0.0500000000000000 ) );
#2533 = DIRECTION( '', ( -0.000000000000000, -0.000000000000000, -1.00000000000000 ) );
#2534 = DIRECTION( '', ( 1.00000000000000, 0.000000000000000, 0.000000000000000 ) );
#2535 = SURFACE_STYLE_FILL_AREA( #4880 );
#2536 = ORIENTED_EDGE( '', *, *, #4881, .F. );
#2537 = ORIENTED_EDGE( '', *, *, #4882, .F. );
#2538 = ORIENTED_EDGE( '', *, *, #4883, .T. );
#2539 = ORIENTED_EDGE( '', *, *, #4884, .F. );
#2540 = ORIENTED_EDGE( '', *, *, #4885, .F. );
#2541 = ORIENTED_EDGE( '', *, *, #4886, .F. );
#2542 = ORIENTED_EDGE( '', *, *, #4887, .T. );
#2543 = ORIENTED_EDGE( '', *, *, #4888, .F. );
#2544 = ORIENTED_EDGE( '', *, *, #4889, .F. );
#2545 = ORIENTED_EDGE( '', *, *, #4890, .F. );
#2546 = ORIENTED_EDGE( '', *, *, #4891, .T. );
#2547 = ORIENTED_EDGE( '', *, *, #4892, .T. );
#2548 = ORIENTED_EDGE( '', *, *, #4893, .F. );
#2549 = ORIENTED_EDGE( '', *, *, #4894, .F. );
#2550 = ORIENTED_EDGE( '', *, *, #4895, .T. );
#2551 = ORIENTED_EDGE( '', *, *, #4896, .F. );
#2552 = ORIENTED_EDGE( '', *, *, #4897, .F. );
#2553 = ORIENTED_EDGE( '', *, *, #4898, .F. );
#2554 = ORIENTED_EDGE( '', *, *, #4899, .T. );
#2555 = ORIENTED_EDGE( '', *, *, #4900, .F. );
#2556 = CARTESIAN_POINT( '', ( 0.401648422239964, -0.246580032967878, 9.74000000000000 ) );
#2557 = CARTESIAN_POINT( '', ( 0.350715946355719, -0.292110579591672, 9.74000000000000 ) );
#2558 = CARTESIAN_POINT( '', ( 0.300555174651539, -0.325293859334437, 9.74000000000000 ) );
#2559 = CARTESIAN_POINT( '', ( 0.251166107127424, -0.343814759655980, 9.74000000000000 ) );
#2560 = CARTESIAN_POINT( '', ( 0.202453602172132, -0.362081949014215, 9.74000000000000 ) );
#2561 = CARTESIAN_POINT( '', ( 0.150072859538999, -0.371596110138295, 9.74000000000000 ) );
#2562 = CARTESIAN_POINT( '', ( 0.00113395278658807, -0.371596110138296, 9.74000000000000 ) );
#2563 = CARTESIAN_POINT( '', ( -0.0698628317793294, -0.349216688916430, 9.74000000000000 ) );
#2564 = CARTESIAN_POINT( '', ( -0.120023603483508, -0.304457846472701, 9.74000000000000 ) );
#2565 = CARTESIAN_POINT( '', ( -0.170138107510533, -0.259740289033201, 9.74000000000000 ) );
#2566 = CARTESIAN_POINT( '', ( -0.194878908949747, -0.201821190524148, 9.74000000000000 ) );
#2567 = CARTESIAN_POINT( '', ( -0.194878908949746, -0.0899240844148230, 9.74000000000000 ) );
#2568 = CARTESIAN_POINT( '', ( -0.184846754608911, -0.0528822837717362, 9.74000000000000 ) );
#2569 = CARTESIAN_POINT( '', ( -0.166325854287368, -0.0181555956688420, 9.74000000000000 ) );
#2570 = CARTESIAN_POINT( '', ( -0.148125384767235, 0.0159702846814067, 9.74000000000000 ) );
#2571 = CARTESIAN_POINT( '', ( -0.123110420203765, 0.0428090345562380, 9.74000000000000 ) );
#2572 = CARTESIAN_POINT( '', ( -0.0922422530011940, 0.0636450474179747, 9.74000000000000 ) );
#2573 = CARTESIAN_POINT( '', ( -0.0622620923261324, 0.0838816558736409, 9.74000000000000 ) );
#2574 = CARTESIAN_POINT( '', ( -0.0274191018757919, 0.0999151438809974, 9.74000000000000 ) );
#2575 = CARTESIAN_POINT( '', ( 0.0103944029473590, 0.109947298221833, 9.74000000000000 ) );
#2576 = CARTESIAN_POINT( '', ( 0.0382616317936811, 0.117340644650449, 9.74000000000000 ) );
#2577 = CARTESIAN_POINT( '', ( 0.0806194833332117, 0.124609677643055, 9.74000000000000 ) );
#2578 = CARTESIAN_POINT( '', ( 0.137725592657970, 0.131555015263634, 9.74000000000000 ) );
#2579 = CARTESIAN_POINT( '', ( 0.252698266965222, 0.145538178355057, 9.74000000000000 ) );
#2580 = CARTESIAN_POINT( '', ( 0.338368679474691, 0.161651478286142, 9.74000000000000 ) );
#2581 = CARTESIAN_POINT( '', ( 0.392387972079192, 0.180944082787750, 9.74000000000000 ) );
#2582 = DIRECTION( '', ( -2.19030741916264E-017, -2.19030741916264E-017, 1.00000000000000 ) );
#2583 = SURFACE_STYLE_FILL_AREA( #4901 );
#2584 = ORIENTED_EDGE( '', *, *, #4902, .T. );
#2585 = ORIENTED_EDGE( '', *, *, #4848, .F. );
#2586 = CARTESIAN_POINT( '', ( -3.00059364866309E-017, 0.000000000000000, 0.300000000000000 ) );
#2587 = DIRECTION( '', ( -1.00019788288769E-016, 0.000000000000000, 1.00000000000000 ) );
#2588 = DIRECTION( '', ( 1.00000000000000, 0.000000000000000, 1.00019788288769E-016 ) );
#2589 = SURFACE_STYLE_FILL_AREA( #4903 );
#2590 = ORIENTED_EDGE( '', *, *, #4904, .T. );
#2591 = ORIENTED_EDGE( '', *, *, #4827, .T. );
#2592 = ORIENTED_EDGE( '', *, *, #4905, .F. );
#2593 = ORIENTED_EDGE( '', *, *, #4906, .F. );
#2594 = ORIENTED_EDGE( '', *, *, #4907, .F. );
#2595 = ORIENTED_EDGE( '', *, *, #4908, .T. );
#2596 = ORIENTED_EDGE( '', *, *, #4909, .F. );
#2597 = ORIENTED_EDGE( '', *, *, #4910, .T. );
#2598 = ORIENTED_EDGE( '', *, *, #4911, .T. );
#2599 = ORIENTED_EDGE( '', *, *, #4912, .T. );
#2600 = ORIENTED_EDGE( '', *, *, #4868, .T. );
#2601 = ORIENTED_EDGE( '', *, *, #4913, .F. );
#2602 = CARTESIAN_POINT( '', ( -5.15000000000000, 5.15000000000000, 0.600000000000000 ) );
#2603 = DIRECTION( '', ( 0.000000000000000, 1.00000000000000, 0.000000000000000 ) );
#2604 = DIRECTION( '', ( 0.000000000000000, 0.000000000000000, 1.00000000000000 ) );
#2605 = SURFACE_STYLE_FILL_AREA( #4914 );
#2606 = ORIENTED_EDGE( '', *, *, #4915, .F. );
#2607 = ORIENTED_EDGE( '', *, *, #4916, .F. );
#2608 = ORIENTED_EDGE( '', *, *, #4917, .T. );
#2609 = ORIENTED_EDGE( '', *, *, #4918, .T. );
#2610 = CARTESIAN_POINT( '', ( 2.60409215214350, -0.352303505636687, 9.74000000000000 ) );
#2611 = DIRECTION( '', ( -3.81778618255202E-016, 1.00000000000000, 2.19030741916264E-017 ) );
#2612 = DIRECTION( '', ( -1.00000000000000, -3.81778618255202E-016, 0.000000000000000 ) );
#2613 = SURFACE_STYLE_FILL_AREA( #4919 );
#2614 = ORIENTED_EDGE( '', *, *, #4920, .F. );
#2615 = ORIENTED_EDGE( '', *, *, #4921, .F. );
#2616 = ORIENTED_EDGE( '', *, *, #4922, .F. );
#2617 = ORIENTED_EDGE( '', *, *, #4923, .F. );
#2618 = CARTESIAN_POINT( '', ( 2.17656803638788, 0.643966590826336, 9.74000000000000 ) );
#2619 = DIRECTION( '', ( 0.000000000000000, 0.000000000000000, 1.00000000000000 ) );
#2620 = DIRECTION( '', ( 1.00000000000000, 0.000000000000000, 0.000000000000000 ) );
#2621 = SURFACE_STYLE_FILL_AREA( #4924 );
#2622 = ORIENTED_EDGE( '', *, *, #4925, .T. );
#2623 = ORIENTED_EDGE( '', *, *, #4926, .F. );
#2624 = CARTESIAN_POINT( '', ( -2.00039576577539E-017, 0.000000000000000, 0.200000000000000 ) );
#2625 = DIRECTION( '', ( 1.00019788288769E-016, -0.000000000000000, -1.00000000000000 ) );
#2626 = DIRECTION( '', ( 1.00000000000000, 0.000000000000000, 1.00019788288769E-016 ) );
#2627 = SURFACE_STYLE_FILL_AREA( #4927 );
#2628 = ORIENTED_EDGE( '', *, *, #4928, .T. );
#2629 = ORIENTED_EDGE( '', *, *, #4929, .T. );
#2630 = ORIENTED_EDGE( '', *, *, #4930, .F. );
#2631 = ORIENTED_EDGE( '', *, *, #4931, .F. );
#2632 = ORIENTED_EDGE( '', *, *, #4932, .T. );
#2633 = ORIENTED_EDGE( '', *, *, #4933, .T. );
#2634 = ORIENTED_EDGE( '', *, *, #4934, .F. );
#2635 = ORIENTED_EDGE( '', *, *, #4935, .F. );
#2636 = ORIENTED_EDGE( '', *, *, #4936, .T. );
#2637 = ORIENTED_EDGE( '', *, *, #4937, .F. );
#2638 = ORIENTED_EDGE( '', *, *, #4938, .F. );
#2639 = ORIENTED_EDGE( '', *, *, #4939, .T. );
#2640 = ORIENTED_EDGE( '', *, *, #4940, .T. );
#2641 = ORIENTED_EDGE( '', *, *, #4941, .F. );
#2642 = ORIENTED_EDGE( '', *, *, #4942, .F. );
#2643 = ORIENTED_EDGE( '', *, *, #4943, .T. );
#2644 = ORIENTED_EDGE( '', *, *, #4944, .T. );
#2645 = CARTESIAN_POINT( '', ( -2.75000000000000, 0.000000000000000, 0.700000000000000 ) );
#2646 = DIRECTION( '', ( -1.03636972369937E-016, -0.000000000000000, 1.00000000000000 ) );
#2647 = DIRECTION( '', ( -1.00000000000000, 0.000000000000000, -1.03636972369937E-016 ) );
#2648 = SURFACE_STYLE_FILL_AREA( #4945 );
#2649 = ORIENTED_EDGE( '', *, *, #4946, .T. );
#2650 = ORIENTED_EDGE( '', *, *, #4947, .F. );
#2651 = ORIENTED_EDGE( '', *, *, #4948, .F. );
#2652 = ORIENTED_EDGE( '', *, *, #4949, .T. );
#2653 = CARTESIAN_POINT( '', ( -0.0431019878146684, 1.75634749060501, 9.74000000000000 ) );
#2654 = DIRECTION( '', ( -2.22044604925032E-016, -1.00000000000000, -2.19030741916264E-017 ) );
#2655 = DIRECTION( '', ( 1.00000000000000, -2.22044604925032E-016, 0.000000000000000 ) );
#2656 = SURFACE_STYLE_FILL_AREA( #4950 );
#2657 = ORIENTED_EDGE( '', *, *, #4951, .F. );
#2658 = ORIENTED_EDGE( '', *, *, #4825, .T. );
#2659 = ORIENTED_EDGE( '', *, *, #4952, .T. );
#2660 = ORIENTED_EDGE( '', *, *, #4953, .T. );
#2661 = ORIENTED_EDGE( '', *, *, #4864, .T. );
#2662 = ORIENTED_EDGE( '', *, *, #4954, .F. );
#2663 = ORIENTED_EDGE( '', *, *, #4955, .T. );
#2664 = ORIENTED_EDGE( '', *, *, #4956, .T. );
#2665 = CARTESIAN_POINT( '', ( 5.15000000000000, 5.15000000000000, 0.600000000000000 ) );
#2666 = DIRECTION( '', ( 1.00000000000000, 0.000000000000000, 0.000000000000000 ) );
#2667 = DIRECTION( '', ( 0.000000000000000, 0.000000000000000, -1.00000000000000 ) );
#2668 = SURFACE_STYLE_FILL_AREA( #4957 );
#2669 = ORIENTED_EDGE( '', *, *, #4958, .F. );
#2670 = ORIENTED_EDGE( '', *, *, #4959, .F. );
#2671 = ORIENTED_EDGE( '', *, *, #4960, .T. );
#2672 = ORIENTED_EDGE( '', *, *, #4942, .T. );
#2673 = CARTESIAN_POINT( '', ( -2.00039576577539E-017, 0.000000000000000, 0.200000000000000 ) );
#2674 = DIRECTION( '', ( -1.03636972369937E-016, 0.000000000000000, 1.00000000000000 ) );
#2675 = DIRECTION( '', ( 1.00000000000000, 0.000000000000000, 1.03636972369937E-016 ) );
#2676 = SURFACE_STYLE_FILL_AREA( #4961 );
#2677 = ORIENTED_EDGE( '', *, *, #4960, .F. );
#2678 = ORIENTED_EDGE( '', *, *, #4962, .T. );
#2679 = ORIENTED_EDGE( '', *, *, #4963, .T. );
#2680 = ORIENTED_EDGE( '', *, *, #4943, .F. );
#2681 = CARTESIAN_POINT( '', ( -2.00039576577539E-017, 0.000000000000000, 0.200000000000000 ) );
#2682 = DIRECTION( '', ( 1.00019788288769E-016, -0.000000000000000, -1.00000000000000 ) );
#2683 = DIRECTION( '', ( 1.00000000000000, 0.000000000000000, 1.00019788288769E-016 ) );
#2684 = SURFACE_STYLE_FILL_AREA( #4964 );
#2685 = ORIENTED_EDGE( '', *, *, #4965, .F. );
#2686 = ORIENTED_EDGE( '', *, *, #4966, .F. );
#2687 = ORIENTED_EDGE( '', *, *, #4967, .T. );
#2688 = ORIENTED_EDGE( '', *, *, #4968, .T. );
#2689 = CARTESIAN_POINT( '', ( 0.362961405928889, 3.52179173964186, 9.74000000000000 ) );
#2690 = DIRECTION( '', ( 8.32667268468867E-016, -1.00000000000000, -2.19030741916264E-017 ) );
#2691 = DIRECTION( '', ( 1.00000000000000, 8.32667268468867E-016, -2.15980986674117E-047 ) );
#2692 = SURFACE_STYLE_FILL_AREA( #4969 );
#2693 = ORIENTED_EDGE( '', *, *, #4970, .F. );
#2694 = ORIENTED_EDGE( '', *, *, #4971, .F. );
#2695 = ORIENTED_EDGE( '', *, *, #4972, .T. );
#2696 = ORIENTED_EDGE( '', *, *, #4973, .T. );
#2697 = ORIENTED_EDGE( '', *, *, #4974, .F. );
#2698 = ORIENTED_EDGE( '', *, *, #4975, .F. );
#2699 = ORIENTED_EDGE( '', *, *, #4976, .T. );
#2700 = ORIENTED_EDGE( '', *, *, #4977, .F. );
#2701 = CARTESIAN_POINT( '', ( -0.922595950750390, -0.185615402742797, 9.74000000000000 ) );
#2702 = CARTESIAN_POINT( '', ( -0.909476979689297, -0.143171672839260, 9.74000000000000 ) );
#2703 = CARTESIAN_POINT( '', ( -0.888640966827560, -0.0814353384341157, 9.74000000000000 ) );
#2704 = CARTESIAN_POINT( '', ( -0.860859616345245, 0.000365304652700858, 9.74000000000000 ) );
#2705 = CARTESIAN_POINT( '', ( -0.769350230212971, 0.269809608264393, 9.74000000000000 ) );
#2706 = CARTESIAN_POINT( '', ( -0.674107204769683, 0.537985883430836, 9.74000000000000 ) );
#2707 = CARTESIAN_POINT( '', ( -0.580730998981901, 0.806796172819904, 9.74000000000000 ) );
#2708 = DIRECTION( '', ( -2.19030741916264E-017, -2.19030741916264E-017, 1.00000000000000 ) );
#2709 = SURFACE_STYLE_FILL_AREA( #4978 );
#2710 = ORIENTED_EDGE( '', *, *, #4979, .T. );
#2711 = ORIENTED_EDGE( '', *, *, #4886, .T. );
#2712 = ORIENTED_EDGE( '', *, *, #4980, .F. );
#2713 = ORIENTED_EDGE( '', *, *, #4981, .F. );
#2714 = CARTESIAN_POINT( '', ( 2.43951839509359, -2.51022907321225, 9.74200000000000 ) );
#2715 = DIRECTION( '', ( 0.707106781186547, 0.707106781186548, 3.09756245794621E-017 ) );
#2716 = DIRECTION( '', ( -0.707106781186548, 0.707106781186547, 0.000000000000000 ) );
#2717 = SURFACE_STYLE_FILL_AREA( #4982 );
#2718 = ORIENTED_EDGE( '', *, *, #4865, .F. );
#2719 = ORIENTED_EDGE( '', *, *, #4953, .F. );
#2720 = ORIENTED_EDGE( '', *, *, #4983, .T. );
#2721 = ORIENTED_EDGE( '', *, *, #4984, .T. );
#2722 = CARTESIAN_POINT( '', ( 5.15000000000000, 1.75000000000000, 1.90000000000000 ) );
#2723 = DIRECTION( '', ( 0.000000000000000, -1.00000000000000, 0.000000000000000 ) );
#2724 = DIRECTION( '', ( 0.000000000000000, 0.000000000000000, -1.00000000000000 ) );
#2725 = SURFACE_STYLE_FILL_AREA( #4985 );
#2726 = ORIENTED_EDGE( '', *, *, #4986, .F. );
#2727 = ORIENTED_EDGE( '', *, *, #4831, .F. );
#2728 = ORIENTED_EDGE( '', *, *, #4987, .F. );
#2729 = ORIENTED_EDGE( '', *, *, #4988, .F. );
#2730 = ORIENTED_EDGE( '', *, *, #4989, .F. );
#2731 = ORIENTED_EDGE( '', *, *, #4990, .F. );
#2732 = ORIENTED_EDGE( '', *, *, #4991, .F. );
#2733 = ORIENTED_EDGE( '', *, *, #4891, .F. );
#2734 = CARTESIAN_POINT( '', ( 0.412645206805880, -0.303782605315144, 9.74000000000000 ) );
#2735 = DIRECTION( '', ( 0.000000000000000, 0.000000000000000, 1.00000000000000 ) );
#2736 = DIRECTION( '', ( 1.00000000000000, 0.000000000000000, 0.000000000000000 ) );
#2737 = SURFACE_STYLE_FILL_AREA( #4992 );
#2738 = ORIENTED_EDGE( '', *, *, #4993, .F. );
#2739 = ORIENTED_EDGE( '', *, *, #4994, .T. );
#2740 = ORIENTED_EDGE( '', *, *, #4937, .T. );
#2741 = ORIENTED_EDGE( '', *, *, #4995, .F. );
#2742 = CARTESIAN_POINT( '', ( -2.00039576577539E-017, 0.000000000000000, 0.200000000000000 ) );
#2743 = DIRECTION( '', ( 1.00019788288769E-016, -0.000000000000000, -1.00000000000000 ) );
#2744 = DIRECTION( '', ( 1.00000000000000, 0.000000000000000, 1.00019788288769E-016 ) );
#2745 = SURFACE_STYLE_FILL_AREA( #4996 );
#2746 = ORIENTED_EDGE( '', *, *, #4997, .F. );
#2747 = ORIENTED_EDGE( '', *, *, #4998, .F. );
#2748 = ORIENTED_EDGE( '', *, *, #4999, .T. );
#2749 = ORIENTED_EDGE( '', *, *, #5000, .T. );
#2750 = ORIENTED_EDGE( '', *, *, #5001, .F. );
#2751 = ORIENTED_EDGE( '', *, *, #5002, .F. );
#2752 = ORIENTED_EDGE( '', *, *, #5003, .T. );
#2753 = ORIENTED_EDGE( '', *, *, #5004, .F. );
#2754 = CARTESIAN_POINT( '', ( -0.524396593837207, -0.352303505636688, 9.74000000000000 ) );
#2755 = DIRECTION( '', ( 1.00000000000000, 2.23184323300895E-016, 2.19030741916264E-017 ) );
#2756 = DIRECTION( '', ( -2.23184323300895E-016, 1.00000000000000, 0.000000000000000 ) );
#2757 = SURFACE_STYLE_FILL_AREA( #5005 );
#2758 = ORIENTED_EDGE( '', *, *, #4874, .F. );
#2759 = ORIENTED_EDGE( '', *, *, #4858, .F. );
#2760 = ORIENTED_EDGE( '', *, *, #5006, .T. );
#2761 = ORIENTED_EDGE( '', *, *, #5007, .T. );
#2762 = CARTESIAN_POINT( '', ( -1.75000000000000, -5.15000000000000, 1.10000000000000 ) );
#2763 = DIRECTION( '', ( 1.00000000000000, -9.30143641096945E-016, 0.000000000000000 ) );
#2764 = DIRECTION( '', ( 9.30143641096945E-016, 1.00000000000000, 0.000000000000000 ) );
#2765 = SURFACE_STYLE_FILL_AREA( #5008 );
#2766 = ORIENTED_EDGE( '', *, *, #5009, .T. );
#2767 = ORIENTED_EDGE( '', *, *, #4841, .F. );
#2768 = ORIENTED_EDGE( '', *, *, #5010, .F. );
#2769 = ORIENTED_EDGE( '', *, *, #5011, .T. );
#2770 = CARTESIAN_POINT( '', ( 2.95000000000000, 0.000000000000000, -0.400000000000000 ) );
#2771 = DIRECTION( '', ( -0.000000000000000, 1.00000000000000, -0.000000000000000 ) );
#2772 = DIRECTION( '', ( 0.000000000000000, 0.000000000000000, -1.00000000000000 ) );
#2773 = SURFACE_STYLE_FILL_AREA( #5012 );
#2774 = ORIENTED_EDGE( '', *, *, #5013, .F. );
#2775 = ORIENTED_EDGE( '', *, *, #5014, .F. );
#2776 = ORIENTED_EDGE( '', *, *, #5015, .T. );
#2777 = ORIENTED_EDGE( '', *, *, #5016, .T. );
#2778 = CARTESIAN_POINT( '', ( 1.77373845439431, 0.488854050633410, 9.74000000000000 ) );
#2779 = DIRECTION( '', ( 0.000000000000000, -1.00000000000000, -2.19030741916264E-017 ) );
#2780 = DIRECTION( '', ( 0.000000000000000, 2.19030741916264E-017, -1.00000000000000 ) );
#2781 = SURFACE_STYLE_FILL_AREA( #5017 );
#2782 = ORIENTED_EDGE( '', *, *, #5018, .F. );
#2783 = ORIENTED_EDGE( '', *, *, #5019, .F. );
#2784 = ORIENTED_EDGE( '', *, *, #5020, .T. );
#2785 = ORIENTED_EDGE( '', *, *, #5021, .T. );
#2786 = CARTESIAN_POINT( '', ( 0.880876718059899, 0.488854050633409, 9.74000000000000 ) );
#2787 = DIRECTION( '', ( -1.00000000000000, -3.40592803679790E-015, -2.19030741916264E-017 ) );
#2788 = DIRECTION( '', ( 3.40592803679790E-015, -1.00000000000000, 0.000000000000000 ) );
#2789 = SURFACE_STYLE_FILL_AREA( #5022 );
#2790 = ORIENTED_EDGE( '', *, *, #5023, .T. );
#2791 = ORIENTED_EDGE( '', *, *, #5024, .T. );
#2792 = ORIENTED_EDGE( '', *, *, #5025, .T. );
#2793 = ORIENTED_EDGE( '', *, *, #4833, .T. );
#2794 = CARTESIAN_POINT( '', ( 5.00000000000000, 0.000000000000000, 9.75000000000000 ) );
#2795 = DIRECTION( '', ( 4.38061483832527E-017, 0.000000000000000, -1.00000000000000 ) );
#2796 = DIRECTION( '', ( -1.00000000000000, 0.000000000000000, -4.38061483832527E-017 ) );
#2797 = SURFACE_STYLE_FILL_AREA( #5026 );
#2798 = ORIENTED_EDGE( '', *, *, #5027, .F. );
#2799 = ORIENTED_EDGE( '', *, *, #5028, .F. );
#2800 = ORIENTED_EDGE( '', *, *, #5029, .T. );
#2801 = ORIENTED_EDGE( '', *, *, #5030, .T. );
#2802 = CARTESIAN_POINT( '', ( -0.650000000000000, -2.40000000000000, 0.300000000000000 ) );
#2803 = DIRECTION( '', ( 1.00000000000000, 3.94255335449275E-017, 0.000000000000000 ) );
#2804 = DIRECTION( '', ( -3.94255335449275E-017, 1.00000000000000, 0.000000000000000 ) );
#2805 = SURFACE_STYLE_FILL_AREA( #5031 );
#2806 = ORIENTED_EDGE( '', *, *, #5032, .F. );
#2807 = ORIENTED_EDGE( '', *, *, #5033, .F. );
#2808 = ORIENTED_EDGE( '', *, *, #5034, .F. );
#2809 = ORIENTED_EDGE( '', *, *, #5035, .F. );
#2810 = CARTESIAN_POINT( '', ( -5.50000000000000, -0.237500000000000, -0.675000000000000 ) );
#2811 = DIRECTION( '', ( -1.00000000000000, 0.000000000000000, -5.64326264466610E-016 ) );
#2812 = DIRECTION( '', ( -5.64326264466610E-016, 0.000000000000000, 1.00000000000000 ) );
#2813 = SURFACE_STYLE_FILL_AREA( #5036 );
#2814 = ORIENTED_EDGE( '', *, *, #5037, .F. );
#2815 = ORIENTED_EDGE( '', *, *, #5038, .F. );
#2816 = ORIENTED_EDGE( '', *, *, #4922, .T. );
#2817 = ORIENTED_EDGE( '', *, *, #5039, .T. );
#2818 = CARTESIAN_POINT( '', ( 2.10557125182195, 0.806796172819904, 9.74000000000000 ) );
#2819 = DIRECTION( '', ( 3.81778618255199E-015, -1.00000000000000, -2.19030741916262E-017 ) );
#2820 = DIRECTION( '', ( 1.00000000000000, 3.81778618255199E-015, 0.000000000000000 ) );
#2821 = SURFACE_STYLE_FILL_AREA( #5040 );
#2822 = ORIENTED_EDGE( '', *, *, #5041, .F. );
#2823 = ORIENTED_EDGE( '', *, *, #5042, .T. );
#2824 = ORIENTED_EDGE( '', *, *, #5043, .T. );
#2825 = ORIENTED_EDGE( '', *, *, #4940, .F. );
#2826 = CARTESIAN_POINT( '', ( -3.00059364866309E-017, 0.000000000000000, 0.300000000000000 ) );
#2827 = DIRECTION( '', ( -1.00019788288769E-016, 0.000000000000000, 1.00000000000000 ) );
#2828 = DIRECTION( '', ( 1.00000000000000, 0.000000000000000, 1.00019788288769E-016 ) );
#2829 = SURFACE_STYLE_FILL_AREA( #5044 );
#2830 = ORIENTED_EDGE( '', *, *, #4870, .F. );
#2831 = ORIENTED_EDGE( '', *, *, #5045, .F. );
#2832 = ORIENTED_EDGE( '', *, *, #5046, .T. );
#2833 = ORIENTED_EDGE( '', *, *, #5047, .T. );
#2834 = CARTESIAN_POINT( '', ( 0.000000000000000, 0.000000000000000, 1.90000000000000 ) );
#2835 = DIRECTION( '', ( -0.000000000000000, -0.000000000000000, 1.00000000000000 ) );
#2836 = DIRECTION( '', ( -1.00000000000000, 0.000000000000000, 0.000000000000000 ) );
#2837 = SURFACE_STYLE_FILL_AREA( #5048 );
#2838 = ORIENTED_EDGE( '', *, *, #5049, .F. );
#2839 = ORIENTED_EDGE( '', *, *, #5050, .F. );
#2840 = ORIENTED_EDGE( '', *, *, #4935, .T. );
#2841 = ORIENTED_EDGE( '', *, *, #5051, .T. );
#2842 = CARTESIAN_POINT( '', ( -2.00039576577539E-017, 0.000000000000000, 0.200000000000000 ) );
#2843 = DIRECTION( '', ( 1.00019788288769E-016, -0.000000000000000, -1.00000000000000 ) );
#2844 = DIRECTION( '', ( 1.00000000000000, 0.000000000000000, 1.00019788288769E-016 ) );
#2845 = SURFACE_STYLE_FILL_AREA( #5052 );
#2846 = ORIENTED_EDGE( '', *, *, #5053, .F. );
#2847 = ORIENTED_EDGE( '', *, *, #5030, .F. );
#2848 = ORIENTED_EDGE( '', *, *, #5054, .T. );
#2849 = ORIENTED_EDGE( '', *, *, #5055, .T. );
#2850 = ORIENTED_EDGE( '', *, *, #5056, .F. );
#2851 = ORIENTED_EDGE( '', *, *, #5057, .F. );
#2852 = ORIENTED_EDGE( '', *, *, #5058, .T. );
#2853 = ORIENTED_EDGE( '', *, *, #5059, .T. );
#2854 = ORIENTED_EDGE( '', *, *, #4860, .T. );
#2855 = ORIENTED_EDGE( '', *, *, #5007, .F. );
#2856 = ORIENTED_EDGE( '', *, *, #5060, .T. );
#2857 = ORIENTED_EDGE( '', *, *, #4813, .T. );
#2858 = CARTESIAN_POINT( '', ( 3.15000000000000, -5.15000000000000, 0.600000000000000 ) );
#2859 = DIRECTION( '', ( 0.000000000000000, -1.00000000000000, 0.000000000000000 ) );
#2860 = DIRECTION( '', ( 0.000000000000000, 0.000000000000000, -1.00000000000000 ) );
#2861 = SURFACE_STYLE_FILL_AREA( #5061 );
#2862 = ORIENTED_EDGE( '', *, *, #5062, .F. );
#2863 = ORIENTED_EDGE( '', *, *, #5063, .T. );
#2864 = ORIENTED_EDGE( '', *, *, #5064, .F. );
#2865 = ORIENTED_EDGE( '', *, *, #5065, .T. );
#2866 = ORIENTED_EDGE( '', *, *, #5066, .F. );
#2867 = ORIENTED_EDGE( '', *, *, #5067, .F. );
#2868 = ORIENTED_EDGE( '', *, *, #5068, .T. );
#2869 = ORIENTED_EDGE( '', *, *, #5069, .T. );
#2870 = ORIENTED_EDGE( '', *, *, #5070, .F. );
#2871 = ORIENTED_EDGE( '', *, *, #5071, .T. );
#2872 = ORIENTED_EDGE( '', *, *, #5072, .F. );
#2873 = ORIENTED_EDGE( '', *, *, #5073, .T. );
#2874 = CARTESIAN_POINT( '', ( -1.80000000000000, 4.12431812546025, 9.74000000000000 ) );
#2875 = DIRECTION( '', ( -1.00000000000000, 0.000000000000000, -4.38061483832527E-017 ) );
#2876 = DIRECTION( '', ( -4.38061483832527E-017, 0.000000000000000, 1.00000000000000 ) );
#2877 = SURFACE_STYLE_FILL_AREA( #5074 );
#2878 = ORIENTED_EDGE( '', *, *, #5075, .T. );
#2879 = ORIENTED_EDGE( '', *, *, #4894, .T. );
#2880 = ORIENTED_EDGE( '', *, *, #5076, .F. );
#2881 = ORIENTED_EDGE( '', *, *, #5077, .T. );
#2882 = CARTESIAN_POINT( '', ( 0.0707106781186486, -1.87990943322127E-015, 9.74200000000000 ) );
#2883 = DIRECTION( '', ( -0.707106781186548, 0.707106781186547, -3.09756245794621E-017 ) );
#2884 = DIRECTION( '', ( -0.707106781186547, -0.707106781186548, 0.000000000000000 ) );
#2885 = SURFACE_STYLE_FILL_AREA( #5078 );
#2886 = ORIENTED_EDGE( '', *, *, #4893, .T. );
#2887 = ORIENTED_EDGE( '', *, *, #5079, .T. );
#2888 = ORIENTED_EDGE( '', *, *, #5076, .T. );
#2889 = CARTESIAN_POINT( '', ( 5.00000000000000, 0.000000000000000, 9.75000000000000 ) );
#2890 = DIRECTION( '', ( 4.38061483832527E-017, 0.000000000000000, -1.00000000000000 ) );
#2891 = DIRECTION( '', ( -1.00000000000000, 0.000000000000000, -4.38061483832527E-017 ) );
#2892 = SURFACE_STYLE_FILL_AREA( #5080 );
#2893 = ORIENTED_EDGE( '', *, *, #5003, .F. );
#2894 = ORIENTED_EDGE( '', *, *, #5081, .F. );
#2895 = ORIENTED_EDGE( '', *, *, #5082, .F. );
#2896 = ORIENTED_EDGE( '', *, *, #5083, .F. );
#2897 = CARTESIAN_POINT( '', ( -4.26759497549648E-016, 0.000000000000000, 9.74200000000000 ) );
#2898 = DIRECTION( '', ( 4.38061483832527E-017, 0.000000000000000, -1.00000000000000 ) );
#2899 = DIRECTION( '', ( -1.00000000000000, 0.000000000000000, -4.38061483832527E-017 ) );
#2900 = SURFACE_STYLE_FILL_AREA( #5084 );
#2901 = ORIENTED_EDGE( '', *, *, #5085, .F. );
#2902 = ORIENTED_EDGE( '', *, *, #5086, .F. );
#2903 = ORIENTED_EDGE( '', *, *, #4988, .T. );
#2904 = ORIENTED_EDGE( '', *, *, #5087, .T. );
#2905 = CARTESIAN_POINT( '', ( 0.578368679474691, -0.352303505636687, 9.74000000000000 ) );
#2906 = DIRECTION( '', ( 3.69722451362930E-016, 1.00000000000000, 2.19030741916264E-017 ) );
#2907 = DIRECTION( '', ( -1.00000000000000, 3.69722451362930E-016, 0.000000000000000 ) );
#2908 = SURFACE_STYLE_FILL_AREA( #5088 );
#2909 = ORIENTED_EDGE( '', *, *, #5089, .T. );
#2910 = ORIENTED_EDGE( '', *, *, #4975, .T. );
#2911 = ORIENTED_EDGE( '', *, *, #5090, .F. );
#2912 = ORIENTED_EDGE( '', *, *, #5065, .F. );
#2913 = CARTESIAN_POINT( '', ( -1.12753521446622E-014, 0.0707106781186577, 9.74200000000000 ) );
#2914 = DIRECTION( '', ( -0.707106781186547, -0.707106781186548, -3.09756245794621E-017 ) );
#2915 = DIRECTION( '', ( 0.707106781186548, -0.707106781186547, 0.000000000000000 ) );
#2916 = SURFACE_STYLE_FILL_AREA( #5091 );
#2917 = ORIENTED_EDGE( '', *, *, #5092, .T. );
#2918 = ORIENTED_EDGE( '', *, *, #5093, .T. );
#2919 = ORIENTED_EDGE( '', *, *, #5094, .F. );
#2920 = ORIENTED_EDGE( '', *, *, #4932, .F. );
#2921 = CARTESIAN_POINT( '', ( -3.00059364866309E-017, 0.000000000000000, 0.300000000000000 ) );
#2922 = DIRECTION( '', ( -1.00019788288769E-016, 0.000000000000000, 1.00000000000000 ) );
#2923 = DIRECTION( '', ( 1.00000000000000, 0.000000000000000, 1.00019788288769E-016 ) );
#2924 = SURFACE_STYLE_FILL_AREA( #5095 );
#2925 = ORIENTED_EDGE( '', *, *, #5096, .T. );
#2926 = ORIENTED_EDGE( '', *, *, #5097, .T. );
#2927 = CARTESIAN_POINT( '', ( -4.33680868994202E-016, 0.000000000000000, 9.90000000000000 ) );
#2928 = DIRECTION( '', ( 4.38061483832527E-017, -0.000000000000000, -1.00000000000000 ) );
#2929 = DIRECTION( '', ( 1.00000000000000, 0.000000000000000, 4.38061483832527E-017 ) );
#2930 = SURFACE_STYLE_FILL_AREA( #5098 );
#2931 = ORIENTED_EDGE( '', *, *, #5099, .T. );
#2932 = ORIENTED_EDGE( '', *, *, #5100, .F. );
#2933 = ORIENTED_EDGE( '', *, *, #5101, .T. );
#2934 = ORIENTED_EDGE( '', *, *, #4998, .T. );
#2935 = ORIENTED_EDGE( '', *, *, #5102, .F. );
#2936 = ORIENTED_EDGE( '', *, *, #5103, .F. );
#2937 = CARTESIAN_POINT( '', ( -0.377001095444924, -0.352303505636688, 9.74000000000000 ) );
#2938 = DIRECTION( '', ( 0.000000000000000, 1.00000000000000, 2.19030741916264E-017 ) );
#2939 = DIRECTION( '', ( 0.000000000000000, -2.19030741916264E-017, 1.00000000000000 ) );
#2940 = SURFACE_STYLE_FILL_AREA( #5104 );
#2941 = ORIENTED_EDGE( '', *, *, #5105, .F. );
#2942 = ORIENTED_EDGE( '', *, *, #5106, .F. );
#2943 = ORIENTED_EDGE( '', *, *, #5107, .T. );
#2944 = ORIENTED_EDGE( '', *, *, #5108, .T. );
#2945 = CARTESIAN_POINT( '', ( -0.238186408806639, 2.87733742673898, 9.74000000000000 ) );
#2946 = DIRECTION( '', ( -0.985344937398061, -0.170573603889969, -2.53181695693082E-017 ) );
#2947 = DIRECTION( '', ( 0.170573603889969, -0.985344937398061, 0.000000000000000 ) );
#2948 = SURFACE_STYLE_FILL_AREA( #5109 );
#2949 = ORIENTED_EDGE( '', *, *, #5110, .T. );
#2950 = ORIENTED_EDGE( '', *, *, #5111, .F. );
#2951 = ORIENTED_EDGE( '', *, *, #5112, .F. );
#2952 = ORIENTED_EDGE( '', *, *, #5034, .T. );
#2953 = CARTESIAN_POINT( '', ( -5.50000000000000, -0.475000000000000, -0.450000000000000 ) );
#2954 = DIRECTION( '', ( -1.70070929017335E-016, 0.000000000000000, 1.00000000000000 ) );
#2955 = DIRECTION( '', ( 1.00000000000000, 0.000000000000000, 1.70070929017335E-016 ) );
#2956 = SURFACE_STYLE_FILL_AREA( #5113 );
#2957 = ORIENTED_EDGE( '', *, *, #5114, .T. );
#2958 = ORIENTED_EDGE( '', *, *, #5115, .F. );
#2959 = CARTESIAN_POINT( '', ( -2.00039576577539E-017, 0.000000000000000, 0.200000000000000 ) );
#2960 = DIRECTION( '', ( 1.00019788288769E-016, -0.000000000000000, -1.00000000000000 ) );
#2961 = DIRECTION( '', ( 1.00000000000000, 0.000000000000000, 1.00019788288769E-016 ) );
#2962 = SURFACE_STYLE_FILL_AREA( #5116 );
#2963 = ORIENTED_EDGE( '', *, *, #5117, .T. );
#2964 = ORIENTED_EDGE( '', *, *, #5118, .F. );
#2965 = ORIENTED_EDGE( '', *, *, #5119, .F. );
#2966 = ORIENTED_EDGE( '', *, *, #5120, .T. );
#2967 = CARTESIAN_POINT( '', ( 1.60935689329387, 2.43869156975021, 9.74000000000000 ) );
#2968 = DIRECTION( '', ( 0.863126069470665, -0.504988503037566, 7.84431368839267E-018 ) );
#2969 = DIRECTION( '', ( 0.504988503037566, 0.863126069470665, 0.000000000000000 ) );
#2970 = SURFACE_STYLE_FILL_AREA( #5121 );
#2971 = ORIENTED_EDGE( '', *, *, #5122, .F. );
#2972 = ORIENTED_EDGE( '', *, *, #5004, .T. );
#2973 = ORIENTED_EDGE( '', *, *, #5083, .T. );
#2974 = ORIENTED_EDGE( '', *, *, #5123, .T. );
#2975 = CARTESIAN_POINT( '', ( -0.0707106781186618, 5.64279456466298E-015, 9.74200000000000 ) );
#2976 = DIRECTION( '', ( 0.707106781186547, 0.707106781186548, 3.09756245794621E-017 ) );
#2977 = DIRECTION( '', ( -0.707106781186548, 0.707106781186547, 0.000000000000000 ) );
#2978 = SURFACE_STYLE_FILL_AREA( #5124 );
#2979 = ORIENTED_EDGE( '', *, *, #5125, .F. );
#2980 = ORIENTED_EDGE( '', *, *, #5126, .F. );
#2981 = ORIENTED_EDGE( '', *, *, #4835, .F. );
#2982 = ORIENTED_EDGE( '', *, *, #5127, .F. );
#2983 = ORIENTED_EDGE( '', *, *, #5128, .F. );
#2984 = CARTESIAN_POINT( '', ( -4.26759497549648E-016, 0.000000000000000, 9.74200000000000 ) );
#2985 = DIRECTION( '', ( 4.38061483832527E-017, 0.000000000000000, -1.00000000000000 ) );
#2986 = DIRECTION( '', ( -1.00000000000000, 0.000000000000000, -4.38061483832527E-017 ) );
#2987 = SURFACE_STYLE_FILL_AREA( #5129 );
#2988 = ORIENTED_EDGE( '', *, *, #5130, .T. );
#2989 = ORIENTED_EDGE( '', *, *, #5131, .T. );
#2990 = CARTESIAN_POINT( '', ( 3.50000000000000, 3.50000000000000, -0.0500000000000000 ) );
#2991 = DIRECTION( '', ( -0.000000000000000, -0.000000000000000, -1.00000000000000 ) );
#2992 = DIRECTION( '', ( 1.00000000000000, 0.000000000000000, 0.000000000000000 ) );
#2993 = SURFACE_STYLE_FILL_AREA( #5132 );
#2994 = ORIENTED_EDGE( '', *, *, #4867, .F. );
#2995 = ORIENTED_EDGE( '', *, *, #5133, .F. );
#2996 = ORIENTED_EDGE( '', *, *, #5134, .T. );
#2997 = ORIENTED_EDGE( '', *, *, #4913, .T. );
#2998 = CARTESIAN_POINT( '', ( 1.75000000000000, 5.15000000000000, 1.90000000000000 ) );
#2999 = DIRECTION( '', ( -1.00000000000000, -4.65071820548472E-016, 0.000000000000000 ) );
#3000 = DIRECTION( '', ( 4.65071820548472E-016, -1.00000000000000, 0.000000000000000 ) );
#3001 = SURFACE_STYLE_FILL_AREA( #5135 );
#3002 = ORIENTED_EDGE( '', *, *, #5136, .F. );
#3003 = ORIENTED_EDGE( '', *, *, #5137, .F. );
#3004 = ORIENTED_EDGE( '', *, *, #4838, .T. );
#3005 = ORIENTED_EDGE( '', *, *, #5138, .T. );
#3006 = CARTESIAN_POINT( '', ( 2.90000000000000, 0.475000000000000, 0.700000000000000 ) );
#3007 = DIRECTION( '', ( -1.00000000000000, 0.000000000000000, -3.94255335449274E-016 ) );
#3008 = DIRECTION( '', ( -3.94255335449275E-016, 0.000000000000000, 1.00000000000000 ) );
#3009 = SURFACE_STYLE_FILL_AREA( #5139 );
#3010 = ORIENTED_EDGE( '', *, *, #4994, .F. );
#3011 = ORIENTED_EDGE( '', *, *, #5140, .F. );
#3012 = ORIENTED_EDGE( '', *, *, #5141, .T. );
#3013 = ORIENTED_EDGE( '', *, *, #4938, .T. );
#3014 = CARTESIAN_POINT( '', ( -2.00039576577539E-017, 0.000000000000000, 0.200000000000000 ) );
#3015 = DIRECTION( '', ( -1.03636972369937E-016, 0.000000000000000, 1.00000000000000 ) );
#3016 = DIRECTION( '', ( 1.00000000000000, 0.000000000000000, 1.03636972369937E-016 ) );
#3017 = SURFACE_STYLE_FILL_AREA( #5142 );
#3018 = ORIENTED_EDGE( '', *, *, #5143, .F. );
#3019 = ORIENTED_EDGE( '', *, *, #5144, .F. );
#3020 = ORIENTED_EDGE( '', *, *, #5145, .T. );
#3021 = ORIENTED_EDGE( '', *, *, #5146, .T. );
#3022 = CARTESIAN_POINT( '', ( 2.10557125182195, 0.488854050633409, 9.74000000000000 ) );
#3023 = DIRECTION( '', ( 1.52711447302080E-015, -1.00000000000000, -2.19030741916263E-017 ) );
#3024 = DIRECTION( '', ( 1.00000000000000, 1.52711447302080E-015, 0.000000000000000 ) );
#3025 = SURFACE_STYLE_FILL_AREA( #5147 );
#3026 = ORIENTED_EDGE( '', *, *, #5148, .T. );
#3027 = ORIENTED_EDGE( '', *, *, #4842, .F. );
#3028 = ORIENTED_EDGE( '', *, *, #5009, .F. );
#3029 = ORIENTED_EDGE( '', *, *, #5149, .T. );
#3030 = CARTESIAN_POINT( '', ( 2.95000000000000, -0.475000000000000, -0.750000000000000 ) );
#3031 = DIRECTION( '', ( 1.70070929017335E-016, 0.000000000000000, 1.00000000000000 ) );
#3032 = DIRECTION( '', ( 1.00000000000000, 0.000000000000000, -1.70070929017335E-016 ) );
#3033 = SURFACE_STYLE_FILL_AREA( #5150 );
#3034 = ORIENTED_EDGE( '', *, *, #5151, .F. );
#3035 = ORIENTED_EDGE( '', *, *, #5152, .F. );
#3036 = ORIENTED_EDGE( '', *, *, #5153, .T. );
#3037 = ORIENTED_EDGE( '', *, *, #5154, .T. );
#3038 = CARTESIAN_POINT( '', ( 2.59020147690235, 0.488854050633410, 9.74000000000000 ) );
#3039 = DIRECTION( '', ( -1.00000000000000, 0.000000000000000, -2.19030741916264E-017 ) );
#3040 = DIRECTION( '', ( -2.19030741916264E-017, 0.000000000000000, 1.00000000000000 ) );
#3041 = SURFACE_STYLE_FILL_AREA( #5155 );
#3042 = ORIENTED_EDGE( '', *, *, #5156, .T. );
#3043 = ORIENTED_EDGE( '', *, *, #5157, .F. );
#3044 = CARTESIAN_POINT( '', ( 3.45759697529462, 0.0829376519195829, 9.74000000000000 ) );
#3045 = CARTESIAN_POINT( '', ( 3.45759697529462, -0.0281877500096768, 9.74000000000000 ) );
#3046 = CARTESIAN_POINT( '', ( 3.47920469233642, -0.109216688916429, 9.74000000000000 ) );
#3047 = CARTESIAN_POINT( '', ( 3.52319183060010, -0.159377460620609, 9.74000000000000 ) );
#3048 = CARTESIAN_POINT( '', ( 3.56756151689522, -0.209974471308035, 9.74000000000000 ) );
#3049 = CARTESIAN_POINT( '', ( 3.62274166982839, -0.235776174446976, 9.74000000000000 ) );
#3050 = CARTESIAN_POINT( '', ( 3.75470308461939, -0.235776174446976, 9.74000000000000 ) );
#3051 = CARTESIAN_POINT( '', ( 3.80949408140395, -0.210309936504854, 9.74000000000000 ) );
#3052 = CARTESIAN_POINT( '', ( 3.85348121966762, -0.160149164800674, 9.74000000000000 ) );
#3053 = CARTESIAN_POINT( '', ( 3.89818637115956, -0.109169606081788, 9.74000000000000 ) );
#3054 = CARTESIAN_POINT( '', ( 3.92061948333321, -0.0297311583698056, 9.74000000000000 ) );
#3055 = CARTESIAN_POINT( '', ( 3.92061948333321, 0.180944082787751, 9.74000000000000 ) );
#3056 = CARTESIAN_POINT( '', ( 3.89746835793128, 0.258886204974246, 9.74000000000000 ) );
#3057 = CARTESIAN_POINT( '', ( 3.85193781130749, 0.312133793398683, 9.74000000000000 ) );
#3058 = CARTESIAN_POINT( '', ( 3.80716960579436, 0.364489830354718, 9.74000000000000 ) );
#3059 = CARTESIAN_POINT( '', ( 3.75084456371907, 0.390075915585179, 9.74000000000000 ) );
#3060 = CARTESIAN_POINT( '', ( 3.68602141259366, 0.390847619765243, 9.74000000000000 ) );
#3061 = CARTESIAN_POINT( '', ( 3.62275982242778, 0.391600733933884, 9.74000000000000 ) );
#3062 = CARTESIAN_POINT( '', ( 3.56872237722389, 0.364609677643057, 9.74000000000000 ) );
#3063 = CARTESIAN_POINT( '', ( 3.52396353478016, 0.312905497578748, 9.74000000000000 ) );
#3064 = CARTESIAN_POINT( '', ( 3.47953526827705, 0.261583189721712, 9.74000000000000 ) );
#3065 = CARTESIAN_POINT( '', ( 3.45759697529462, 0.184802603688072, 9.74000000000000 ) );
#3066 = CARTESIAN_POINT( '', ( 3.45759697529462, 0.0829376519195829, 9.74000000000000 ) );
#3067 = DIRECTION( '', ( -2.19030741916264E-017, -2.19030741916264E-017, 1.00000000000000 ) );
#3068 = SURFACE_STYLE_FILL_AREA( #5158 );
#3069 = ORIENTED_EDGE( '', *, *, #5159, .F. );
#3070 = ORIENTED_EDGE( '', *, *, #5160, .F. );
#3071 = ORIENTED_EDGE( '', *, *, #5161, .T. );
#3072 = ORIENTED_EDGE( '', *, *, #5162, .T. );
#3073 = CARTESIAN_POINT( '', ( 0.893995689120993, -0.352303505636687, 9.74000000000000 ) );
#3074 = DIRECTION( '', ( 2.30318904127726E-015, 1.00000000000000, 2.19030741916264E-017 ) );
#3075 = DIRECTION( '', ( -1.00000000000000, 2.30318904127726E-015, 0.000000000000000 ) );
#3076 = SURFACE_STYLE_FILL_AREA( #5163 );
#3077 = ORIENTED_EDGE( '', *, *, #5164, .T. );
#3078 = ORIENTED_EDGE( '', *, *, #5165, .T. );
#3079 = ORIENTED_EDGE( '', *, *, #5166, .F. );
#3080 = ORIENTED_EDGE( '', *, *, #5167, .F. );
#3081 = CARTESIAN_POINT( '', ( 0.0707106781186486, -1.87990943322127E-015, 9.74200000000000 ) );
#3082 = DIRECTION( '', ( -0.707106781186548, 0.707106781186547, -3.09756245794621E-017 ) );
#3083 = DIRECTION( '', ( -0.707106781186547, -0.707106781186548, 0.000000000000000 ) );
#3084 = SURFACE_STYLE_FILL_AREA( #5168 );
#3085 = ORIENTED_EDGE( '', *, *, #5169, .F. );
#3086 = ORIENTED_EDGE( '', *, *, #4973, .F. );
#3087 = ORIENTED_EDGE( '', *, *, #5170, .T. );
#3088 = ORIENTED_EDGE( '', *, *, #5171, .T. );
#3089 = CARTESIAN_POINT( '', ( -0.580730998981901, 0.806796172819904, 9.74000000000000 ) );
#3090 = DIRECTION( '', ( -5.32176255749672E-016, -1.00000000000000, -2.19030741916264E-017 ) );
#3091 = DIRECTION( '', ( 1.00000000000000, -5.32176255749672E-016, 0.000000000000000 ) );
#3092 = SURFACE_STYLE_FILL_AREA( #5172 );
#3093 = ORIENTED_EDGE( '', *, *, #4895, .F. );
#3094 = ORIENTED_EDGE( '', *, *, #5075, .F. );
#3095 = ORIENTED_EDGE( '', *, *, #5173, .F. );
#3096 = ORIENTED_EDGE( '', *, *, #5174, .F. );
#3097 = CARTESIAN_POINT( '', ( -4.26759497549648E-016, 0.000000000000000, 9.74200000000000 ) );
#3098 = DIRECTION( '', ( 4.38061483832527E-017, 0.000000000000000, -1.00000000000000 ) );
#3099 = DIRECTION( '', ( -1.00000000000000, 0.000000000000000, -4.38061483832527E-017 ) );
#3100 = SURFACE_STYLE_FILL_AREA( #5175 );
#3101 = ORIENTED_EDGE( '', *, *, #5176, .T. );
#3102 = ORIENTED_EDGE( '', *, *, #5177, .F. );
#3103 = ORIENTED_EDGE( '', *, *, #5178, .F. );
#3104 = ORIENTED_EDGE( '', *, *, #5179, .T. );
#3105 = CARTESIAN_POINT( '', ( 1.12190573451725, 2.87733742673898, 9.74000000000000 ) );
#3106 = DIRECTION( '', ( 0.854372242878022, -0.519661496168014, 7.33119431792395E-018 ) );
#3107 = DIRECTION( '', ( 0.519661496168014, 0.854372242878022, 0.000000000000000 ) );
#3108 = SURFACE_STYLE_FILL_AREA( #5180 );
#3109 = ORIENTED_EDGE( '', *, *, #5181, .F. );
#3110 = ORIENTED_EDGE( '', *, *, #5182, .F. );
#3111 = CARTESIAN_POINT( '', ( -2.19030741916264E-017, 0.000000000000000, 0.500000000000000 ) );
#3112 = DIRECTION( '', ( -4.38061483832527E-017, 0.000000000000000, 1.00000000000000 ) );
#3113 = DIRECTION( '', ( 1.00000000000000, 0.000000000000000, 4.38061483832527E-017 ) );
#3114 = SURFACE_STYLE_FILL_AREA( #5183 );
#3115 = ORIENTED_EDGE( '', *, *, #5184, .F. );
#3116 = ORIENTED_EDGE( '', *, *, #5185, .T. );
#3117 = CARTESIAN_POINT( '', ( -2.00039576577539E-017, 0.000000000000000, 0.200000000000000 ) );
#3118 = DIRECTION( '', ( 1.00019788288769E-016, -0.000000000000000, -1.00000000000000 ) );
#3119 = DIRECTION( '', ( 1.00000000000000, 0.000000000000000, 1.00019788288769E-016 ) );
#3120 = SURFACE_STYLE_FILL_AREA( #5186 );
#3121 = ORIENTED_EDGE( '', *, *, #5187, .F. );
#3122 = ORIENTED_EDGE( '', *, *, #5188, .F. );
#3123 = ORIENTED_EDGE( '', *, *, #4990, .T. );
#3124 = ORIENTED_EDGE( '', *, *, #5189, .T. );
#3125 = CARTESIAN_POINT( '', ( -0.0289625102359199, 0.229561446131801, 9.74000000000000 ) );
#3126 = DIRECTION( '', ( 0.135354807675374, 0.990797192183730, 2.46661908039623E-017 ) );
#3127 = DIRECTION( '', ( -0.990797192183730, 0.135354807675374, 0.000000000000000 ) );
#3128 = SURFACE_STYLE_FILL_AREA( #5190 );
#3129 = ORIENTED_EDGE( '', *, *, #5191, .T. );
#3130 = ORIENTED_EDGE( '', *, *, #4908, .F. );
#3131 = ORIENTED_EDGE( '', *, *, #5192, .F. );
#3132 = ORIENTED_EDGE( '', *, *, #5193, .T. );
#3133 = CARTESIAN_POINT( '', ( -0.650000000000000, 2.40000000000000, 0.300000000000000 ) );
#3134 = DIRECTION( '', ( -1.00000000000000, 3.94255335449275E-017, 0.000000000000000 ) );
#3135 = DIRECTION( '', ( -3.94255335449275E-017, -1.00000000000000, 0.000000000000000 ) );
#3136 = SURFACE_STYLE_FILL_AREA( #5194 );
#3137 = ORIENTED_EDGE( '', *, *, #5195, .F. );
#3138 = ORIENTED_EDGE( '', *, *, #5196, .F. );
#3139 = ORIENTED_EDGE( '', *, *, #5197, .T. );
#3140 = ORIENTED_EDGE( '', *, *, #5198, .T. );
#3141 = CARTESIAN_POINT( '', ( -2.95000000000000, 0.000000000000000, -0.400000000000000 ) );
#3142 = DIRECTION( '', ( -0.000000000000000, 1.00000000000000, -0.000000000000000 ) );
#3143 = DIRECTION( '', ( 0.000000000000000, 0.000000000000000, -1.00000000000000 ) );
#3144 = SURFACE_STYLE_FILL_AREA( #5199 );
#3145 = ORIENTED_EDGE( '', *, *, #5200, .F. );
#3146 = ORIENTED_EDGE( '', *, *, #5162, .F. );
#3147 = ORIENTED_EDGE( '', *, *, #5201, .T. );
#3148 = ORIENTED_EDGE( '', *, *, #5202, .T. );
#3149 = CARTESIAN_POINT( '', ( 0.752773824169224, -0.352303505636687, 9.74000000000000 ) );
#3150 = DIRECTION( '', ( 1.00000000000000, 5.15576262451058E-016, 2.19030741916264E-017 ) );
#3151 = DIRECTION( '', ( -5.15576262451058E-016, 1.00000000000000, 0.000000000000000 ) );
#3152 = SURFACE_STYLE_FILL_AREA( #5203 );
#3153 = ORIENTED_EDGE( '', *, *, #5204, .F. );
#3154 = ORIENTED_EDGE( '', *, *, #5205, .F. );
#3155 = ORIENTED_EDGE( '', *, *, #5145, .F. );
#3156 = ORIENTED_EDGE( '', *, *, #5206, .F. );
#3157 = CARTESIAN_POINT( '', ( 2.17656803638788, -0.352303505636687, 9.74000000000000 ) );
#3158 = DIRECTION( '', ( 0.000000000000000, 0.000000000000000, 1.00000000000000 ) );
#3159 = DIRECTION( '', ( 1.00000000000000, 0.000000000000000, 0.000000000000000 ) );
#3160 = SURFACE_STYLE_FILL_AREA( #5207 );
#3161 = ORIENTED_EDGE( '', *, *, #5208, .F. );
#3162 = ORIENTED_EDGE( '', *, *, #5209, .F. );
#3163 = ORIENTED_EDGE( '', *, *, #5210, .T. );
#3164 = ORIENTED_EDGE( '', *, *, #5211, .T. );
#3165 = CARTESIAN_POINT( '', ( 1.63637511034286, 0.175542153527300, 9.74000000000000 ) );
#3166 = DIRECTION( '', ( -0.829803825565357, -0.558055204327581, -3.03983792992636E-017 ) );
#3167 = DIRECTION( '', ( 0.558055204327581, -0.829803825565357, 0.000000000000000 ) );
#3168 = SURFACE_STYLE_FILL_AREA( #5212 );
#3169 = ORIENTED_EDGE( '', *, *, #5213, .F. );
#3170 = ORIENTED_EDGE( '', *, *, #4896, .T. );
#3171 = ORIENTED_EDGE( '', *, *, #5174, .T. );
#3172 = ORIENTED_EDGE( '', *, *, #5214, .T. );
#3173 = CARTESIAN_POINT( '', ( -1.12753521446622E-014, 0.0707106781186577, 9.74200000000000 ) );
#3174 = DIRECTION( '', ( 0.707106781186545, -0.707106781186550, 3.09756245794619E-017 ) );
#3175 = DIRECTION( '', ( 0.707106781186550, 0.707106781186545, 0.000000000000000 ) );
#3176 = SURFACE_STYLE_FILL_AREA( #5215 );
#3177 = ORIENTED_EDGE( '', *, *, #5216, .T. );
#3178 = ORIENTED_EDGE( '', *, *, #4902, .F. );
#3179 = CARTESIAN_POINT( '', ( -2.00039576577539E-017, 0.000000000000000, 0.200000000000000 ) );
#3180 = DIRECTION( '', ( 1.00019788288769E-016, -0.000000000000000, -1.00000000000000 ) );
#3181 = DIRECTION( '', ( 1.00000000000000, 0.000000000000000, 1.00019788288769E-016 ) );
#3182 = SURFACE_STYLE_FILL_AREA( #5217 );
#3183 = ORIENTED_EDGE( '', *, *, #5218, .F. );
#3184 = ORIENTED_EDGE( '', *, *, #5219, .F. );
#3185 = ORIENTED_EDGE( '', *, *, #5220, .T. );
#3186 = ORIENTED_EDGE( '', *, *, #5221, .T. );
#3187 = CARTESIAN_POINT( '', ( -0.628081678471359, 1.75634749060501, 9.74000000000000 ) );
#3188 = DIRECTION( '', ( 0.989944134660290, 0.141458864167963, 2.47812038239637E-017 ) );
#3189 = DIRECTION( '', ( -0.141458864167963, 0.989944134660290, 0.000000000000000 ) );
#3190 = SURFACE_STYLE_FILL_AREA( #5222 );
#3191 = ORIENTED_EDGE( '', *, *, #4905, .T. );
#3192 = ORIENTED_EDGE( '', *, *, #4826, .T. );
#3193 = ORIENTED_EDGE( '', *, *, #4951, .T. );
#3194 = ORIENTED_EDGE( '', *, *, #5223, .T. );
#3195 = ORIENTED_EDGE( '', *, *, #5056, .T. );
#3196 = ORIENTED_EDGE( '', *, *, #5224, .T. );
#3197 = ORIENTED_EDGE( '', *, *, #5225, .T. );
#3198 = ORIENTED_EDGE( '', *, *, #5027, .T. );
#3199 = ORIENTED_EDGE( '', *, *, #5053, .T. );
#3200 = ORIENTED_EDGE( '', *, *, #4812, .T. );
#3201 = ORIENTED_EDGE( '', *, *, #5226, .T. );
#3202 = ORIENTED_EDGE( '', *, *, #5227, .T. );
#3203 = ORIENTED_EDGE( '', *, *, #4909, .T. );
#3204 = ORIENTED_EDGE( '', *, *, #5191, .F. );
#3205 = ORIENTED_EDGE( '', *, *, #5228, .F. );
#3206 = ORIENTED_EDGE( '', *, *, #5229, .F. );
#3207 = ORIENTED_EDGE( '', *, *, #5230, .F. );
#3208 = ORIENTED_EDGE( '', *, *, #5231, .F. );
#3209 = ORIENTED_EDGE( '', *, *, #4879, .F. );
#3210 = ORIENTED_EDGE( '', *, *, #5131, .F. );
#3211 = CARTESIAN_POINT( '', ( 0.000000000000000, 0.000000000000000, 0.000000000000000 ) );
#3212 = DIRECTION( '', ( 0.000000000000000, 0.000000000000000, -1.00000000000000 ) );
#3213 = DIRECTION( '', ( -1.00000000000000, 0.000000000000000, 0.000000000000000 ) );
#3214 = SURFACE_STYLE_FILL_AREA( #5232 );
#3215 = ORIENTED_EDGE( '', *, *, #5233, .F. );
#3216 = ORIENTED_EDGE( '', *, *, #5138, .F. );
#3217 = ORIENTED_EDGE( '', *, *, #4845, .T. );
#3218 = ORIENTED_EDGE( '', *, *, #5234, .T. );
#3219 = CARTESIAN_POINT( '', ( 2.95000000000000, 0.000000000000000, -0.400000000000000 ) );
#3220 = DIRECTION( '', ( -0.000000000000000, 1.00000000000000, -0.000000000000000 ) );
#3221 = DIRECTION( '', ( 0.000000000000000, 0.000000000000000, -1.00000000000000 ) );
#3222 = SURFACE_STYLE_FILL_AREA( #5235 );
#3223 = ORIENTED_EDGE( '', *, *, #4899, .F. );
#3224 = ORIENTED_EDGE( '', *, *, #5236, .F. );
#3225 = ORIENTED_EDGE( '', *, *, #5237, .F. );
#3226 = ORIENTED_EDGE( '', *, *, #5238, .F. );
#3227 = CARTESIAN_POINT( '', ( -4.26759497549648E-016, 0.000000000000000, 9.74200000000000 ) );
#3228 = DIRECTION( '', ( 4.38061483832527E-017, 0.000000000000000, -1.00000000000000 ) );
#3229 = DIRECTION( '', ( -1.00000000000000, 0.000000000000000, -4.38061483832527E-017 ) );
#3230 = SURFACE_STYLE_FILL_AREA( #5239 );
#3231 = ORIENTED_EDGE( '', *, *, #5240, .F. );
#3232 = ORIENTED_EDGE( '', *, *, #5087, .F. );
#3233 = ORIENTED_EDGE( '', *, *, #4987, .T. );
#3234 = ORIENTED_EDGE( '', *, *, #4890, .T. );
#3235 = CARTESIAN_POINT( '', ( 0.431744885262473, -0.352303505636687, 9.74000000000000 ) );
#3236 = CARTESIAN_POINT( '', ( 0.416310801661186, -0.322978746794244, 9.74000000000000 ) );
#3237 = CARTESIAN_POINT( '', ( 0.406278647320350, -0.287480354511286, 9.74000000000000 ) );
#3238 = CARTESIAN_POINT( '', ( 0.401648422239964, -0.246580032967878, 9.74000000000000 ) );
#3239 = DIRECTION( '', ( -2.19030741916264E-017, -2.19030741916264E-017, 1.00000000000000 ) );
#3240 = SURFACE_STYLE_FILL_AREA( #5241 );
#3241 = ORIENTED_EDGE( '', *, *, #5010, .T. );
#3242 = ORIENTED_EDGE( '', *, *, #4840, .F. );
#3243 = ORIENTED_EDGE( '', *, *, #5242, .F. );
#3244 = ORIENTED_EDGE( '', *, *, #5243, .T. );
#3245 = CARTESIAN_POINT( '', ( 2.60000000000000, -0.475000000000000, 0.700000000000000 ) );
#3246 = DIRECTION( '', ( 1.00000000000000, 0.000000000000000, 3.94255335449274E-016 ) );
#3247 = DIRECTION( '', ( 3.94255335449275E-016, 0.000000000000000, -1.00000000000000 ) );
#3248 = SURFACE_STYLE_FILL_AREA( #5244 );
#3249 = ORIENTED_EDGE( '', *, *, #5236, .T. );
#3250 = ORIENTED_EDGE( '', *, *, #4898, .T. );
#3251 = ORIENTED_EDGE( '', *, *, #5245, .F. );
#3252 = ORIENTED_EDGE( '', *, *, #5246, .T. );
#3253 = CARTESIAN_POINT( '', ( -1.12753521446622E-014, 0.0707106781186577, 9.74200000000000 ) );
#3254 = DIRECTION( '', ( -0.707106781186547, -0.707106781186548, -3.09756245794621E-017 ) );
#3255 = DIRECTION( '', ( 0.707106781186548, -0.707106781186547, 0.000000000000000 ) );
#3256 = SURFACE_STYLE_FILL_AREA( #5247 );
#3257 = ORIENTED_EDGE( '', *, *, #5248, .F. );
#3258 = ORIENTED_EDGE( '', *, *, #5249, .F. );
#3259 = ORIENTED_EDGE( '', *, *, #5237, .T. );
#3260 = ORIENTED_EDGE( '', *, *, #5246, .F. );
#3261 = ORIENTED_EDGE( '', *, *, #5250, .F. );
#3262 = ORIENTED_EDGE( '', *, *, #5171, .F. );
#3263 = ORIENTED_EDGE( '', *, *, #5251, .T. );
#3264 = ORIENTED_EDGE( '', *, *, #5100, .T. );
#3265 = ORIENTED_EDGE( '', *, *, #5252, .T. );
#3266 = ORIENTED_EDGE( '', *, *, #5253, .F. );
#3267 = CARTESIAN_POINT( '', ( -0.377001095444924, 0.806796172819904, 9.74000000000000 ) );
#3268 = DIRECTION( '', ( -1.00000000000000, -1.87076606548486E-016, -2.19030741916264E-017 ) );
#3269 = DIRECTION( '', ( 1.87076606548486E-016, -1.00000000000000, 0.000000000000000 ) );
#3270 = SURFACE_STYLE_FILL_AREA( #5254 );
#3271 = ORIENTED_EDGE( '', *, *, #5255, .F. );
#3272 = ORIENTED_EDGE( '', *, *, #5256, .F. );
#3273 = ORIENTED_EDGE( '', *, *, #5257, .T. );
#3274 = ORIENTED_EDGE( '', *, *, #5106, .T. );
#3275 = CARTESIAN_POINT( '', ( -0.698499193495018, 2.87733742673898, 9.74000000000000 ) );
#3276 = DIRECTION( '', ( 1.11022302462516E-016, -1.00000000000000, -2.19030741916264E-017 ) );
#3277 = DIRECTION( '', ( 1.00000000000000, 1.11022302462516E-016, 0.000000000000000 ) );
#3278 = SURFACE_STYLE_FILL_AREA( #5258 );
#3279 = ORIENTED_EDGE( '', *, *, #5259, .F. );
#3280 = ORIENTED_EDGE( '', *, *, #5260, .F. );
#3281 = ORIENTED_EDGE( '', *, *, #5261, .T. );
#3282 = ORIENTED_EDGE( '', *, *, #5262, .T. );
#3283 = CARTESIAN_POINT( '', ( 1.43496031934607, -0.352303505636687, 9.74000000000000 ) );
#3284 = DIRECTION( '', ( -2.29067170953120E-015, 1.00000000000000, 2.19030741916263E-017 ) );
#3285 = DIRECTION( '', ( -1.00000000000000, -2.29067170953120E-015, 0.000000000000000 ) );
#3286 = SURFACE_STYLE_FILL_AREA( #5263 );
#3287 = ORIENTED_EDGE( '', *, *, #5264, .F. );
#3288 = ORIENTED_EDGE( '', *, *, #5265, .F. );
#3289 = ORIENTED_EDGE( '', *, *, #5266, .T. );
#3290 = ORIENTED_EDGE( '', *, *, #5267, .T. );
#3291 = CARTESIAN_POINT( '', ( 4.05103748976408, 0.488854050633410, 9.74000000000000 ) );
#3292 = CARTESIAN_POINT( '', ( 4.05103748976408, 0.246538938093217, 9.74000000000000 ) );
#3293 = CARTESIAN_POINT( '', ( 4.05103748976408, 0.00422382555302355, 9.74000000000000 ) );
#3294 = CARTESIAN_POINT( '', ( 4.05103748976408, -0.238091286987169, 9.74000000000000 ) );
#3295 = CARTESIAN_POINT( '', ( 4.05103748976408, -0.368509293418038, 9.74000000000000 ) );
#3296 = CARTESIAN_POINT( '', ( 4.03791851870299, -0.461885499205818, 9.74000000000000 ) );
#3297 = CARTESIAN_POINT( '', ( 4.01090887240073, -0.515904791810320, 9.74000000000000 ) );
#3298 = CARTESIAN_POINT( '', ( 3.98374488526247, -0.570232766086847, 9.74000000000000 ) );
#3299 = CARTESIAN_POINT( '', ( 3.94222720037501, -0.613911222678487, 9.74000000000000 ) );
#3300 = CARTESIAN_POINT( '', ( 3.82647157336536, -0.677190965443760, 9.74000000000000 ) );
#3301 = CARTESIAN_POINT( '', ( 3.75547478879945, -0.692625049045047, 9.74000000000000 ) );
#3302 = CARTESIAN_POINT( '', ( 3.57026578558401, -0.692625049045047, 9.74000000000000 ) );
#3303 = CARTESIAN_POINT( '', ( 3.48923684667726, -0.670245627823182, 9.74000000000000 ) );
#3304 = CARTESIAN_POINT( '', ( 3.42750051227212, -0.625486785379452, 9.74000000000000 ) );
#3305 = CARTESIAN_POINT( '', ( 3.36539745240656, -0.580462066976921, 9.74000000000000 ) );
#3306 = CARTESIAN_POINT( '', ( 3.33566771484446, -0.512046270909999, 9.74000000000000 ) );
#3307 = CARTESIAN_POINT( '', ( 3.33798282738466, -0.420985177662410, 9.74000000000000 ) );
#3308 = DIRECTION( '', ( -2.19030741916264E-017, -2.19030741916264E-017, 1.00000000000000 ) );
#3309 = SURFACE_STYLE_FILL_AREA( #5268 );
#3310 = ORIENTED_EDGE( '', *, *, #5269, .F. );
#3311 = ORIENTED_EDGE( '', *, *, #5016, .F. );
#3312 = ORIENTED_EDGE( '', *, *, #5270, .T. );
#3313 = ORIENTED_EDGE( '', *, *, #5209, .T. );
#3314 = CARTESIAN_POINT( '', ( 1.95894745760974, 0.488854050633410, 9.74000000000000 ) );
#3315 = DIRECTION( '', ( -0.696735230307811, 0.717328389824299, 4.51053500729650E-019 ) );
#3316 = DIRECTION( '', ( -0.717328389824299, -0.696735230307811, 0.000000000000000 ) );
#3317 = SURFACE_STYLE_FILL_AREA( #5271 );
#3318 = ORIENTED_EDGE( '', *, *, #5272, .T. );
#3319 = ORIENTED_EDGE( '', *, *, #5273, .F. );
#3320 = ORIENTED_EDGE( '', *, *, #5274, .F. );
#3321 = ORIENTED_EDGE( '', *, *, #5275, .T. );
#3322 = CARTESIAN_POINT( '', ( 0.713817905609782, 2.18692296417034, 9.74000000000000 ) );
#3323 = DIRECTION( '', ( 0.861792152832441, -0.507261555133471, 7.76530998460217E-018 ) );
#3324 = DIRECTION( '', ( 0.507261555133471, 0.861792152832441, 0.000000000000000 ) );
#3325 = SURFACE_STYLE_FILL_AREA( #5276 );
#3326 = ORIENTED_EDGE( '', *, *, #5277, .F. );
#3327 = ORIENTED_EDGE( '', *, *, #5154, .F. );
#3328 = ORIENTED_EDGE( '', *, *, #5278, .T. );
#3329 = ORIENTED_EDGE( '', *, *, #5279, .T. );
#3330 = CARTESIAN_POINT( '', ( 2.59020147690235, 0.369239902723442, 9.74000000000000 ) );
#3331 = CARTESIAN_POINT( '', ( 2.65193781130749, 0.461072700151094, 9.74000000000000 ) );
#3332 = CARTESIAN_POINT( '', ( 2.74145549619495, 0.507374950954954, 9.74000000000000 ) );
#3333 = CARTESIAN_POINT( '', ( 2.90891530326891, 0.507374950954953, 9.74000000000000 ) );
#3334 = CARTESIAN_POINT( '', ( 2.95521755407276, 0.498114500794181, 9.74000000000000 ) );
#3335 = CARTESIAN_POINT( '', ( 2.99766128397630, 0.480365304652702, 9.74000000000000 ) );
#3336 = CARTESIAN_POINT( '', ( 3.04037969192929, 0.462501243145085, 9.74000000000000 ) );
#3337 = CARTESIAN_POINT( '', ( 3.07251658944253, 0.437921574749165, 9.74000000000000 ) );
#3338 = CARTESIAN_POINT( '', ( 3.09335260230427, 0.408596815906722, 9.74000000000000 ) );
#3339 = CARTESIAN_POINT( '', ( 3.11455298170478, 0.378759244898602, 9.74000000000000 ) );
#3340 = CARTESIAN_POINT( '', ( 3.12962269876730, 0.343773664781320, 9.74000000000000 ) );
#3341 = CARTESIAN_POINT( '', ( 3.13733974056794, 0.302873343237911, 9.74000000000000 ) );
#3342 = CARTESIAN_POINT( '', ( 3.14230581215639, 0.276553163819121, 9.74000000000000 ) );
#3343 = CARTESIAN_POINT( '', ( 3.14582848654864, 0.230333150311866, 9.74000000000000 ) );
#3344 = CARTESIAN_POINT( '', ( 3.14582848654864, 0.164738295006400, 9.74000000000000 ) );
#3345 = CARTESIAN_POINT( '', ( 3.14582848654864, -0.00760897187462904, 9.74000000000000 ) );
#3346 = CARTESIAN_POINT( '', ( 3.14582848654864, -0.179956238755658, 9.74000000000000 ) );
#3347 = CARTESIAN_POINT( '', ( 3.14582848654864, -0.352303505636687, 9.74000000000000 ) );
#3348 = DIRECTION( '', ( -2.19030741916264E-017, -2.19030741916264E-017, 1.00000000000000 ) );
#3349 = SURFACE_STYLE_FILL_AREA( #5280 );
#3350 = ORIENTED_EDGE( '', *, *, #5281, .F. );
#3351 = ORIENTED_EDGE( '', *, *, #5262, .F. );
#3352 = ORIENTED_EDGE( '', *, *, #5282, .T. );
#3353 = ORIENTED_EDGE( '', *, *, #5283, .T. );
#3354 = CARTESIAN_POINT( '', ( 1.29296675021424, -0.352303505636687, 9.74000000000000 ) );
#3355 = DIRECTION( '', ( 1.00000000000000, 3.74153213096973E-016, 2.19030741916264E-017 ) );
#3356 = DIRECTION( '', ( -3.74153213096973E-016, 1.00000000000000, 0.000000000000000 ) );
#3357 = SURFACE_STYLE_FILL_AREA( #5284 );
#3358 = ORIENTED_EDGE( '', *, *, #5285, .T. );
#3359 = ORIENTED_EDGE( '', *, *, #5286, .T. );
#3360 = ORIENTED_EDGE( '', *, *, #4948, .T. );
#3361 = ORIENTED_EDGE( '', *, *, #5287, .T. );
#3362 = ORIENTED_EDGE( '', *, *, #5288, .T. );
#3363 = ORIENTED_EDGE( '', *, *, #5274, .T. );
#3364 = ORIENTED_EDGE( '', *, *, #5289, .T. );
#3365 = ORIENTED_EDGE( '', *, *, #5119, .T. );
#3366 = ORIENTED_EDGE( '', *, *, #5290, .T. );
#3367 = ORIENTED_EDGE( '', *, *, #5178, .T. );
#3368 = ORIENTED_EDGE( '', *, *, #5291, .T. );
#3369 = ORIENTED_EDGE( '', *, *, #5292, .T. );
#3370 = CARTESIAN_POINT( '', ( -2.13335942626441E-016, -2.13335942626441E-016, 9.74000000000000 ) );
#3371 = DIRECTION( '', ( -2.19030741916264E-017, -2.19030741916264E-017, 1.00000000000000 ) );
#3372 = DIRECTION( '', ( 0.000000000000000, -1.00000000000000, -2.19030741916264E-017 ) );
#3373 = SURFACE_STYLE_FILL_AREA( #5293 );
#3374 = ORIENTED_EDGE( '', *, *, #5050, .T. );
#3375 = ORIENTED_EDGE( '', *, *, #5294, .T. );
#3376 = ORIENTED_EDGE( '', *, *, #4995, .T. );
#3377 = ORIENTED_EDGE( '', *, *, #4936, .F. );
#3378 = ORIENTED_EDGE( '', *, *, #5295, .T. );
#3379 = CARTESIAN_POINT( '', ( -3.00059364866309E-017, 0.000000000000000, 0.300000000000000 ) );
#3380 = DIRECTION( '', ( -1.00019788288769E-016, 0.000000000000000, 1.00000000000000 ) );
#3381 = DIRECTION( '', ( 1.00000000000000, 0.000000000000000, 1.00019788288769E-016 ) );
#3382 = SURFACE_STYLE_FILL_AREA( #5296 );
#3383 = ORIENTED_EDGE( '', *, *, #4963, .F. );
#3384 = ORIENTED_EDGE( '', *, *, #5297, .T. );
#3385 = ORIENTED_EDGE( '', *, *, #5298, .F. );
#3386 = ORIENTED_EDGE( '', *, *, #4944, .F. );
#3387 = ORIENTED_EDGE( '', *, *, #4926, .T. );
#3388 = CARTESIAN_POINT( '', ( -3.00059364866309E-017, 0.000000000000000, 0.300000000000000 ) );
#3389 = DIRECTION( '', ( -1.00019788288769E-016, 0.000000000000000, 1.00000000000000 ) );
#3390 = DIRECTION( '', ( 1.00000000000000, 0.000000000000000, 1.00019788288769E-016 ) );
#3391 = SURFACE_STYLE_FILL_AREA( #5299 );
#3392 = ORIENTED_EDGE( '', *, *, #5197, .F. );
#3393 = ORIENTED_EDGE( '', *, *, #5300, .F. );
#3394 = ORIENTED_EDGE( '', *, *, #5032, .T. );
#3395 = ORIENTED_EDGE( '', *, *, #5301, .T. );
#3396 = CARTESIAN_POINT( '', ( -5.50000000000000, 0.475000000000000, -0.750000000000000 ) );
#3397 = DIRECTION( '', ( 1.70070929017335E-016, 0.000000000000000, -1.00000000000000 ) );
#3398 = DIRECTION( '', ( -1.00000000000000, 0.000000000000000, -1.70070929017335E-016 ) );
#3399 = SURFACE_STYLE_FILL_AREA( #5302 );
#3400 = ORIENTED_EDGE( '', *, *, #5303, .F. );
#3401 = ORIENTED_EDGE( '', *, *, #5304, .F. );
#3402 = ORIENTED_EDGE( '', *, *, #5305, .T. );
#3403 = ORIENTED_EDGE( '', *, *, #5306, .T. );
#3404 = CARTESIAN_POINT( '', ( -0.864718137245567, -0.352303505636687, 9.74000000000000 ) );
#3405 = DIRECTION( '', ( -1.59652876724902E-015, 1.00000000000000, 2.19030741916263E-017 ) );
#3406 = DIRECTION( '', ( -1.00000000000000, -1.59652876724902E-015, 0.000000000000000 ) );
#3407 = SURFACE_STYLE_FILL_AREA( #5307 );
#3408 = ORIENTED_EDGE( '', *, *, #5308, .F. );
#3409 = ORIENTED_EDGE( '', *, *, #5202, .F. );
#3410 = ORIENTED_EDGE( '', *, *, #5309, .T. );
#3411 = ORIENTED_EDGE( '', *, *, #5019, .T. );
#3412 = CARTESIAN_POINT( '', ( 0.752773824169224, 0.488854050633409, 9.74000000000000 ) );
#3413 = DIRECTION( '', ( 0.000000000000000, -1.00000000000000, -2.19030741916264E-017 ) );
#3414 = DIRECTION( '', ( 0.000000000000000, 2.19030741916264E-017, -1.00000000000000 ) );
#3415 = SURFACE_STYLE_FILL_AREA( #5310 );
#3416 = ORIENTED_EDGE( '', *, *, #5157, .T. );
#3417 = CARTESIAN_POINT( '', ( 5.00000000000000, 0.000000000000000, 9.75000000000000 ) );
#3418 = DIRECTION( '', ( 4.38061483832527E-017, 0.000000000000000, -1.00000000000000 ) );
#3419 = DIRECTION( '', ( -1.00000000000000, 0.000000000000000, -4.38061483832527E-017 ) );
#3420 = SURFACE_STYLE_FILL_AREA( #5311 );
#3421 = ORIENTED_EDGE( '', *, *, #5312, .F. );
#3422 = ORIENTED_EDGE( '', *, *, #4900, .T. );
#3423 = ORIENTED_EDGE( '', *, *, #5238, .T. );
#3424 = ORIENTED_EDGE( '', *, *, #5249, .T. );
#3425 = CARTESIAN_POINT( '', ( -0.0707106781186618, 5.64279456466298E-015, 9.74200000000000 ) );
#3426 = DIRECTION( '', ( 0.707106781186547, 0.707106781186548, 3.09756245794621E-017 ) );
#3427 = DIRECTION( '', ( -0.707106781186548, 0.707106781186547, 0.000000000000000 ) );
#3428 = SURFACE_STYLE_FILL_AREA( #5313 );
#3429 = ORIENTED_EDGE( '', *, *, #4862, .F. );
#3430 = ORIENTED_EDGE( '', *, *, #5314, .F. );
#3431 = ORIENTED_EDGE( '', *, *, #5315, .T. );
#3432 = ORIENTED_EDGE( '', *, *, #5316, .T. );
#3433 = CARTESIAN_POINT( '', ( 0.000000000000000, 0.000000000000000, 1.10000000000000 ) );
#3434 = DIRECTION( '', ( -0.000000000000000, -0.000000000000000, 1.00000000000000 ) );
#3435 = DIRECTION( '', ( -1.00000000000000, 0.000000000000000, 0.000000000000000 ) );
#3436 = SURFACE_STYLE_FILL_AREA( #5317 );
#3437 = ORIENTED_EDGE( '', *, *, #5184, .T. );
#3438 = ORIENTED_EDGE( '', *, *, #5114, .F. );
#3439 = CARTESIAN_POINT( '', ( -2.00039576577539E-017, 0.000000000000000, 0.200000000000000 ) );
#3440 = DIRECTION( '', ( -1.03636972369937E-016, 0.000000000000000, 1.00000000000000 ) );
#3441 = DIRECTION( '', ( 1.00000000000000, 0.000000000000000, 1.03636972369937E-016 ) );
#3442 = SURFACE_STYLE_FILL_AREA( #5318 );
#3443 = ORIENTED_EDGE( '', *, *, #5319, .F. );
#3444 = ORIENTED_EDGE( '', *, *, #5211, .F. );
#3445 = ORIENTED_EDGE( '', *, *, #5320, .T. );
#3446 = ORIENTED_EDGE( '', *, *, #5321, .T. );
#3447 = CARTESIAN_POINT( '', ( 1.99135903317244, -0.352303505636687, 9.74000000000000 ) );
#3448 = DIRECTION( '', ( -3.08102042802440E-016, 1.00000000000000, 2.19030741916264E-017 ) );
#3449 = DIRECTION( '', ( -1.00000000000000, -3.08102042802441E-016, 0.000000000000000 ) );
#3450 = SURFACE_STYLE_FILL_AREA( #5322 );
#3451 = ORIENTED_EDGE( '', *, *, #5141, .F. );
#3452 = ORIENTED_EDGE( '', *, *, #5323, .T. );
#3453 = ORIENTED_EDGE( '', *, *, #5041, .T. );
#3454 = ORIENTED_EDGE( '', *, *, #4939, .F. );
#3455 = CARTESIAN_POINT( '', ( -2.00039576577539E-017, 0.000000000000000, 0.200000000000000 ) );
#3456 = DIRECTION( '', ( 1.00019788288769E-016, -0.000000000000000, -1.00000000000000 ) );
#3457 = DIRECTION( '', ( 1.00000000000000, 0.000000000000000, 1.00019788288769E-016 ) );
#3458 = SURFACE_STYLE_FILL_AREA( #5324 );
#3459 = ORIENTED_EDGE( '', *, *, #5161, .F. );
#3460 = ORIENTED_EDGE( '', *, *, #5325, .F. );
#3461 = ORIENTED_EDGE( '', *, *, #5326, .F. );
#3462 = ORIENTED_EDGE( '', *, *, #5327, .F. );
#3463 = ORIENTED_EDGE( '', *, *, #5020, .F. );
#3464 = ORIENTED_EDGE( '', *, *, #5309, .F. );
#3465 = ORIENTED_EDGE( '', *, *, #5201, .F. );
#3466 = CARTESIAN_POINT( '', ( 1.01330337096220, 0.500343680274651, 9.74000000000000 ) );
#3467 = DIRECTION( '', ( 0.000000000000000, 0.000000000000000, 1.00000000000000 ) );
#3468 = DIRECTION( '', ( 1.00000000000000, 0.000000000000000, 0.000000000000000 ) );
#3469 = SURFACE_STYLE_FILL_AREA( #5328 );
#3470 = ORIENTED_EDGE( '', *, *, #5329, .F. );
#3471 = ORIENTED_EDGE( '', *, *, #5164, .F. );
#3472 = ORIENTED_EDGE( '', *, *, #5330, .F. );
#3473 = ORIENTED_EDGE( '', *, *, #4852, .F. );
#3474 = CARTESIAN_POINT( '', ( -4.26759497549648E-016, 0.000000000000000, 9.74200000000000 ) );
#3475 = DIRECTION( '', ( 4.38061483832527E-017, 0.000000000000000, -1.00000000000000 ) );
#3476 = DIRECTION( '', ( -1.00000000000000, 0.000000000000000, -4.38061483832527E-017 ) );
#3477 = SURFACE_STYLE_FILL_AREA( #5331 );
#3478 = ORIENTED_EDGE( '', *, *, #5332, .F. );
#3479 = ORIENTED_EDGE( '', *, *, #5189, .F. );
#3480 = ORIENTED_EDGE( '', *, *, #4989, .T. );
#3481 = ORIENTED_EDGE( '', *, *, #5086, .T. );
#3482 = ORIENTED_EDGE( '', *, *, #5333, .F. );
#3483 = ORIENTED_EDGE( '', *, *, #5165, .F. );
#3484 = ORIENTED_EDGE( '', *, *, #5329, .T. );
#3485 = ORIENTED_EDGE( '', *, *, #4851, .F. );
#3486 = CARTESIAN_POINT( '', ( -0.170184375187689, 0.248854050633409, 9.74000000000000 ) );
#3487 = CARTESIAN_POINT( '', ( -0.157837108306660, 0.308275272498361, 9.74000000000000 ) );
#3488 = CARTESIAN_POINT( '', ( -0.137001095444924, 0.356120931662347, 9.74000000000000 ) );
#3489 = CARTESIAN_POINT( '', ( -0.107676336602480, 0.393162732305435, 9.74000000000000 ) );
#3490 = CARTESIAN_POINT( '', ( -0.0787271349703979, 0.429730144893327, 9.74000000000000 ) );
#3491 = CARTESIAN_POINT( '', ( -0.0366795520365640, 0.457985883430837, 9.74000000000000 ) );
#3492 = CARTESIAN_POINT( '', ( 0.0181114447480026, 0.478050192112508, 9.74000000000000 ) );
#3493 = CARTESIAN_POINT( '', ( 0.0733337157769803, 0.498272432207627, 9.74000000000000 ) );
#3494 = CARTESIAN_POINT( '', ( 0.136953888477906, 0.507374950954952, 9.74000000000000 ) );
#3495 = CARTESIAN_POINT( '', ( 0.281262570149932, 0.507374950954952, 9.74000000000000 ) );
#3496 = CARTESIAN_POINT( '', ( 0.339140383654754, 0.498886204974245, 9.74000000000000 ) );
#3497 = CARTESIAN_POINT( '', ( 0.384670930278549, 0.481908713012830, 9.74000000000000 ) );
#3498 = CARTESIAN_POINT( '', ( 0.429523973182089, 0.465183849557272, 9.74000000000000 ) );
#3499 = CARTESIAN_POINT( '', ( 0.462613052465044, 0.444095208189679, 9.74000000000000 ) );
#3500 = CARTESIAN_POINT( '', ( 0.504285078188517, 0.393162732305435, 9.74000000000000 ) );
#3501 = CARTESIAN_POINT( '', ( 0.518947457609739, 0.360751156742734, 9.74000000000000 ) );
#3502 = CARTESIAN_POINT( '', ( 0.527436203590446, 0.322165947739519, 9.74000000000000 ) );
#3503 = CARTESIAN_POINT( '', ( 0.532867575971081, 0.297477891463901, 9.74000000000000 ) );
#3504 = CARTESIAN_POINT( '', ( 0.535153245391089, 0.253484275713795, 9.74000000000000 ) );
#3505 = CARTESIAN_POINT( '', ( 0.535153245391090, 0.190204532948521, 9.74000000000000 ) );
#3506 = CARTESIAN_POINT( '', ( 0.535153245391089, 0.126667555456560, 9.74000000000000 ) );
#3507 = CARTESIAN_POINT( '', ( 0.535153245391089, 0.0631305779645987, 9.74000000000000 ) );
#3508 = CARTESIAN_POINT( '', ( 0.535153245391089, -0.000406399527362575, 9.74000000000000 ) );
#3509 = CARTESIAN_POINT( '', ( 0.535153245391089, -0.133139518498424, 9.74000000000000 ) );
#3510 = CARTESIAN_POINT( '', ( 0.538240062111346, -0.217255274125434, 9.74000000000000 ) );
#3511 = CARTESIAN_POINT( '', ( 0.543641991371797, -0.251981962228327, 9.74000000000000 ) );
#3512 = CARTESIAN_POINT( '', ( 0.549179359552953, -0.287579329107186, 9.74000000000000 ) );
#3513 = CARTESIAN_POINT( '', ( 0.561391187513276, -0.320663634254051, 9.74000000000000 ) );
#3514 = CARTESIAN_POINT( '', ( 0.578368679474691, -0.352303505636687, 9.74000000000000 ) );
#3515 = DIRECTION( '', ( -2.19030741916264E-017, -2.19030741916264E-017, 1.00000000000000 ) );
#3516 = SURFACE_STYLE_FILL_AREA( #5334 );
#3517 = ORIENTED_EDGE( '', *, *, #4863, .F. );
#3518 = ORIENTED_EDGE( '', *, *, #5316, .F. );
#3519 = ORIENTED_EDGE( '', *, *, #5335, .T. );
#3520 = ORIENTED_EDGE( '', *, *, #4954, .T. );
#3521 = CARTESIAN_POINT( '', ( 5.15000000000000, -1.75000000000000, 1.10000000000000 ) );
#3522 = DIRECTION( '', ( 1.86028728219389E-015, 1.00000000000000, 0.000000000000000 ) );
#3523 = DIRECTION( '', ( -1.00000000000000, 1.86028728219389E-015, 0.000000000000000 ) );
#3524 = SURFACE_STYLE_FILL_AREA( #5336 );
#3525 = ORIENTED_EDGE( '', *, *, #5337, .F. );
#3526 = ORIENTED_EDGE( '', *, *, #5338, .F. );
#3527 = ORIENTED_EDGE( '', *, *, #5339, .T. );
#3528 = ORIENTED_EDGE( '', *, *, #5340, .T. );
#3529 = CARTESIAN_POINT( '', ( 1.53373845439430, 0.0759923142990039, 9.74000000000000 ) );
#3530 = DIRECTION( '', ( -0.695795215827011, 0.718240222789175, 4.91614652723858E-019 ) );
#3531 = DIRECTION( '', ( -0.718240222789175, -0.695795215827011, 0.000000000000000 ) );
#3532 = SURFACE_STYLE_FILL_AREA( #5341 );
#3533 = ORIENTED_EDGE( '', *, *, #5342, .F. );
#3534 = ORIENTED_EDGE( '', *, *, #5343, .F. );
#3535 = ORIENTED_EDGE( '', *, *, #5344, .T. );
#3536 = ORIENTED_EDGE( '', *, *, #5345, .T. );
#3537 = CARTESIAN_POINT( '', ( 1.43496031934607, 0.806796172819904, 9.74000000000000 ) );
#3538 = DIRECTION( '', ( -1.00000000000000, -3.29027005896753E-016, -2.19030741916264E-017 ) );
#3539 = DIRECTION( '', ( 3.29027005896753E-016, -1.00000000000000, 0.000000000000000 ) );
#3540 = SURFACE_STYLE_FILL_AREA( #5346 );
#3541 = ORIENTED_EDGE( '', *, *, #5347, .T. );
#3542 = ORIENTED_EDGE( '', *, *, #5348, .F. );
#3543 = ORIENTED_EDGE( '', *, *, #5349, .F. );
#3544 = ORIENTED_EDGE( '', *, *, #5111, .T. );
#3545 = CARTESIAN_POINT( '', ( -2.95000000000000, 0.000000000000000, -0.400000000000000 ) );
#3546 = DIRECTION( '', ( -0.000000000000000, 1.00000000000000, -0.000000000000000 ) );
#3547 = DIRECTION( '', ( 0.000000000000000, 0.000000000000000, -1.00000000000000 ) );
#3548 = SURFACE_STYLE_FILL_AREA( #5350 );
#3549 = ORIENTED_EDGE( '', *, *, #5351, .F. );
#3550 = ORIENTED_EDGE( '', *, *, #5340, .F. );
#3551 = ORIENTED_EDGE( '', *, *, #5352, .T. );
#3552 = ORIENTED_EDGE( '', *, *, #5260, .T. );
#3553 = CARTESIAN_POINT( '', ( 1.43496031934607, -0.0196990040289704, 9.74000000000000 ) );
#3554 = DIRECTION( '', ( -1.00000000000000, 0.000000000000000, -2.19030741916264E-017 ) );
#3555 = DIRECTION( '', ( -2.19030741916264E-017, 0.000000000000000, 1.00000000000000 ) );
#3556 = SURFACE_STYLE_FILL_AREA( #5353 );
#3557 = ORIENTED_EDGE( '', *, *, #5243, .F. );
#3558 = ORIENTED_EDGE( '', *, *, #5354, .F. );
#3559 = ORIENTED_EDGE( '', *, *, #5136, .T. );
#3560 = ORIENTED_EDGE( '', *, *, #5233, .T. );
#3561 = ORIENTED_EDGE( '', *, *, #5355, .T. );
#3562 = ORIENTED_EDGE( '', *, *, #5356, .T. );
#3563 = ORIENTED_EDGE( '', *, *, #5149, .F. );
#3564 = ORIENTED_EDGE( '', *, *, #5011, .F. );
#3565 = CARTESIAN_POINT( '', ( 2.60000000000000, 0.475000000000000, 0.700000000000000 ) );
#3566 = DIRECTION( '', ( 0.000000000000000, -1.00000000000000, 0.000000000000000 ) );
#3567 = DIRECTION( '', ( 0.000000000000000, 0.000000000000000, -1.00000000000000 ) );
#3568 = SURFACE_STYLE_FILL_AREA( #5357 );
#3569 = ORIENTED_EDGE( '', *, *, #5082, .T. );
#3570 = ORIENTED_EDGE( '', *, *, #5358, .F. );
#3571 = ORIENTED_EDGE( '', *, *, #5359, .F. );
#3572 = ORIENTED_EDGE( '', *, *, #5000, .F. );
#3573 = ORIENTED_EDGE( '', *, *, #5360, .T. );
#3574 = ORIENTED_EDGE( '', *, *, #5304, .T. );
#3575 = ORIENTED_EDGE( '', *, *, #5361, .F. );
#3576 = ORIENTED_EDGE( '', *, *, #5123, .F. );
#3577 = CARTESIAN_POINT( '', ( -0.524396593837207, 0.619272057064277, 9.74000000000000 ) );
#3578 = DIRECTION( '', ( -0.943776519914421, 0.330584150343335, -1.34307979644546E-017 ) );
#3579 = DIRECTION( '', ( -0.330584150343335, -0.943776519914421, 0.000000000000000 ) );
#3580 = SURFACE_STYLE_FILL_AREA( #5362 );
#3581 = ORIENTED_EDGE( '', *, *, #5363, .F. );
#3582 = ORIENTED_EDGE( '', *, *, #5021, .F. );
#3583 = ORIENTED_EDGE( '', *, *, #5327, .T. );
#3584 = ORIENTED_EDGE( '', *, *, #5364, .T. );
#3585 = CARTESIAN_POINT( '', ( 0.880876718059899, 0.361522860922798, 9.74000000000000 ) );
#3586 = CARTESIAN_POINT( '', ( 0.913288293622600, 0.420944082787750, 9.74000000000000 ) );
#3587 = CARTESIAN_POINT( '', ( 0.942613052465044, 0.460300995971030, 9.74000000000000 ) );
#3588 = CARTESIAN_POINT( '', ( 0.969622698767295, 0.478821896292573, 9.74000000000000 ) );
#3589 = CARTESIAN_POINT( '', ( 0.997517169684666, 0.497949533493057, 9.74000000000000 ) );
#3590 = CARTESIAN_POINT( '', ( 1.02750051227212, 0.507374950954953, 9.74000000000000 ) );
#3591 = CARTESIAN_POINT( '', ( 1.10775774699880, 0.507374950954953, 9.74000000000000 ) );
#3592 = CARTESIAN_POINT( '', ( 1.15560340616279, 0.491940867353667, 9.74000000000000 ) );
#3593 = CARTESIAN_POINT( '', ( 1.20422076950684, 0.461844404331158, 9.74000000000000 ) );
#3594 = DIRECTION( '', ( -2.19030741916264E-017, -2.19030741916264E-017, 1.00000000000000 ) );
#3595 = SURFACE_STYLE_FILL_AREA( #5365 );
#3596 = ORIENTED_EDGE( '', *, *, #4871, .F. );
#3597 = ORIENTED_EDGE( '', *, *, #5047, .F. );
#3598 = ORIENTED_EDGE( '', *, *, #5366, .T. );
#3599 = ORIENTED_EDGE( '', *, *, #5367, .T. );
#3600 = CARTESIAN_POINT( '', ( -5.15000000000000, 1.75000000000000, 1.90000000000000 ) );
#3601 = DIRECTION( '', ( 0.000000000000000, -1.00000000000000, 0.000000000000000 ) );
#3602 = DIRECTION( '', ( 0.000000000000000, 0.000000000000000, -1.00000000000000 ) );
#3603 = SURFACE_STYLE_FILL_AREA( #5368 );
#3604 = ORIENTED_EDGE( '', *, *, #5094, .T. );
#3605 = ORIENTED_EDGE( '', *, *, #5369, .T. );
#3606 = ORIENTED_EDGE( '', *, *, #5370, .F. );
#3607 = ORIENTED_EDGE( '', *, *, #4933, .F. );
#3608 = CARTESIAN_POINT( '', ( -2.00039576577539E-017, 0.000000000000000, 0.200000000000000 ) );
#3609 = DIRECTION( '', ( 1.00019788288769E-016, -0.000000000000000, -1.00000000000000 ) );
#3610 = DIRECTION( '', ( 1.00000000000000, 0.000000000000000, 1.00019788288769E-016 ) );
#3611 = SURFACE_STYLE_FILL_AREA( #5371 );
#3612 = ORIENTED_EDGE( '', *, *, #5372, .T. );
#3613 = ORIENTED_EDGE( '', *, *, #4882, .T. );
#3614 = ORIENTED_EDGE( '', *, *, #5373, .F. );
#3615 = ORIENTED_EDGE( '', *, *, #5253, .T. );
#3616 = CARTESIAN_POINT( '', ( -2.51022907321226, -2.43951839509357, 9.74200000000000 ) );
#3617 = DIRECTION( '', ( 0.707106781186546, -0.707106781186549, 3.09756245794620E-017 ) );
#3618 = DIRECTION( '', ( 0.707106781186549, 0.707106781186545, 0.000000000000000 ) );
#3619 = SURFACE_STYLE_FILL_AREA( #5374 );
#3620 = ORIENTED_EDGE( '', *, *, #5375, .F. );
#3621 = ORIENTED_EDGE( '', *, *, #5069, .F. );
#3622 = ORIENTED_EDGE( '', *, *, #5376, .T. );
#3623 = ORIENTED_EDGE( '', *, *, #5067, .T. );
#3624 = CARTESIAN_POINT( '', ( -8.90358690733714E-016, 0.000000000000000, 9.74000000000000 ) );
#3625 = DIRECTION( '', ( 4.38061483832527E-017, -0.000000000000000, -1.00000000000000 ) );
#3626 = DIRECTION( '', ( 1.00000000000000, 0.000000000000000, 4.38061483832527E-017 ) );
#3627 = SURFACE_STYLE_FILL_AREA( #5377 );
#3628 = ORIENTED_EDGE( '', *, *, #5096, .F. );
#3629 = ORIENTED_EDGE( '', *, *, #5378, .F. );
#3630 = ORIENTED_EDGE( '', *, *, #5375, .T. );
#3631 = CARTESIAN_POINT( '', ( -4.05206872545088E-016, 0.000000000000000, 9.25000000000000 ) );
#3632 = DIRECTION( '', ( 4.38061483832527E-017, 0.000000000000000, -1.00000000000000 ) );
#3633 = DIRECTION( '', ( -1.00000000000000, 0.000000000000000, -4.38061483832527E-017 ) );
#3634 = SURFACE_STYLE_FILL_AREA( #5379 );
#3635 = ORIENTED_EDGE( '', *, *, #5380, .F. );
#3636 = ORIENTED_EDGE( '', *, *, #5381, .F. );
#3637 = ORIENTED_EDGE( '', *, *, #5206, .T. );
#3638 = ORIENTED_EDGE( '', *, *, #5144, .T. );
#3639 = CARTESIAN_POINT( '', ( 2.10557125182195, -0.352303505636687, 9.74000000000000 ) );
#3640 = DIRECTION( '', ( 1.00000000000000, 5.15576262451058E-016, 2.19030741916264E-017 ) );
#3641 = DIRECTION( '', ( -5.15576262451058E-016, 1.00000000000000, 0.000000000000000 ) );
#3642 = SURFACE_STYLE_FILL_AREA( #5382 );
#3643 = ORIENTED_EDGE( '', *, *, #5383, .T. );
#3644 = ORIENTED_EDGE( '', *, *, #5179, .F. );
#3645 = ORIENTED_EDGE( '', *, *, #5290, .F. );
#3646 = ORIENTED_EDGE( '', *, *, #5118, .T. );
#3647 = CARTESIAN_POINT( '', ( 1.86599508615976, 2.87733742673898, 9.74000000000000 ) );
#3648 = DIRECTION( '', ( -1.11022302462516E-016, 1.00000000000000, 2.19030741916264E-017 ) );
#3649 = DIRECTION( '', ( -1.00000000000000, -1.11022302462516E-016, 0.000000000000000 ) );
#3650 = SURFACE_STYLE_FILL_AREA( #5384 );
#3651 = ORIENTED_EDGE( '', *, *, #5355, .F. );
#3652 = ORIENTED_EDGE( '', *, *, #5234, .F. );
#3653 = ORIENTED_EDGE( '', *, *, #4844, .T. );
#3654 = ORIENTED_EDGE( '', *, *, #5385, .T. );
#3655 = CARTESIAN_POINT( '', ( 2.95000000000000, 0.475000000000000, -0.450000000000000 ) );
#3656 = DIRECTION( '', ( -1.70070929017335E-016, 0.000000000000000, -1.00000000000000 ) );
#3657 = DIRECTION( '', ( -1.00000000000000, 0.000000000000000, 1.70070929017335E-016 ) );
#3658 = SURFACE_STYLE_FILL_AREA( #5386 );
#3659 = ORIENTED_EDGE( '', *, *, #5300, .T. );
#3660 = ORIENTED_EDGE( '', *, *, #5196, .T. );
#3661 = ORIENTED_EDGE( '', *, *, #5387, .T. );
#3662 = ORIENTED_EDGE( '', *, *, #5388, .F. );
#3663 = ORIENTED_EDGE( '', *, *, #5389, .F. );
#3664 = ORIENTED_EDGE( '', *, *, #5347, .F. );
#3665 = ORIENTED_EDGE( '', *, *, #5110, .F. );
#3666 = ORIENTED_EDGE( '', *, *, #5033, .T. );
#3667 = CARTESIAN_POINT( '', ( -5.50000000000000, -0.475000000000000, -0.750000000000000 ) );
#3668 = DIRECTION( '', ( -3.07318784528704E-032, -1.00000000000000, 1.80700362080917E-016 ) );
#3669 = DIRECTION( '', ( 0.000000000000000, -1.80700362080917E-016, -1.00000000000000 ) );
#3670 = SURFACE_STYLE_FILL_AREA( #5390 );
#3671 = ORIENTED_EDGE( '', *, *, #4883, .F. );
#3672 = ORIENTED_EDGE( '', *, *, #5372, .F. );
#3673 = ORIENTED_EDGE( '', *, *, #5252, .F. );
#3674 = ORIENTED_EDGE( '', *, *, #5099, .F. );
#3675 = ORIENTED_EDGE( '', *, *, #5391, .F. );
#3676 = ORIENTED_EDGE( '', *, *, #5072, .T. );
#3677 = ORIENTED_EDGE( '', *, *, #5392, .F. );
#3678 = CARTESIAN_POINT( '', ( -4.26759497549648E-016, 0.000000000000000, 9.74200000000000 ) );
#3679 = DIRECTION( '', ( 4.38061483832527E-017, 0.000000000000000, -1.00000000000000 ) );
#3680 = DIRECTION( '', ( -1.00000000000000, 0.000000000000000, -4.38061483832527E-017 ) );
#3681 = SURFACE_STYLE_FILL_AREA( #5393 );
#3682 = ORIENTED_EDGE( '', *, *, #4911, .F. );
#3683 = ORIENTED_EDGE( '', *, *, #5394, .T. );
#3684 = ORIENTED_EDGE( '', *, *, #5395, .F. );
#3685 = ORIENTED_EDGE( '', *, *, #5366, .F. );
#3686 = ORIENTED_EDGE( '', *, *, #5046, .F. );
#3687 = ORIENTED_EDGE( '', *, *, #5396, .F. );
#3688 = CARTESIAN_POINT( '', ( 0.000000000000000, 0.000000000000000, 1.90000000000000 ) );
#3689 = DIRECTION( '', ( 0.000000000000000, 0.000000000000000, 1.00000000000000 ) );
#3690 = DIRECTION( '', ( 1.00000000000000, 0.000000000000000, 0.000000000000000 ) );
#3691 = SURFACE_STYLE_FILL_AREA( #5397 );
#3692 = ORIENTED_EDGE( '', *, *, #5398, .F. );
#3693 = ORIENTED_EDGE( '', *, *, #5058, .F. );
#3694 = ORIENTED_EDGE( '', *, *, #5399, .F. );
#3695 = ORIENTED_EDGE( '', *, *, #4955, .F. );
#3696 = ORIENTED_EDGE( '', *, *, #5335, .F. );
#3697 = ORIENTED_EDGE( '', *, *, #5315, .F. );
#3698 = CARTESIAN_POINT( '', ( 0.000000000000000, 0.000000000000000, 1.10000000000000 ) );
#3699 = DIRECTION( '', ( 0.000000000000000, 0.000000000000000, 1.00000000000000 ) );
#3700 = DIRECTION( '', ( 1.00000000000000, 0.000000000000000, 0.000000000000000 ) );
#3701 = SURFACE_STYLE_FILL_AREA( #5400 );
#3702 = ORIENTED_EDGE( '', *, *, #5401, .T. );
#3703 = ORIENTED_EDGE( '', *, *, #5181, .T. );
#3704 = CARTESIAN_POINT( '', ( -2.20260831098234E-032, 0.000000000000000, 5.02808028615545E-016 ) );
#3705 = DIRECTION( '', ( -4.38061483832527E-017, 0.000000000000000, 1.00000000000000 ) );
#3706 = DIRECTION( '', ( 1.00000000000000, 0.000000000000000, 4.38061483832527E-017 ) );
#3707 = SURFACE_STYLE_FILL_AREA( #5402 );
#3708 = ORIENTED_EDGE( '', *, *, #5403, .F. );
#3709 = ORIENTED_EDGE( '', *, *, #5404, .F. );
#3710 = CARTESIAN_POINT( '', ( -9.64649482472114E-017, 0.000000000000000, 2.20208696284493 ) );
#3711 = DIRECTION( '', ( -4.38061483832527E-017, 0.000000000000000, 1.00000000000000 ) );
#3712 = DIRECTION( '', ( 1.00000000000000, 0.000000000000000, 4.38061483832527E-017 ) );
#3713 = SURFACE_STYLE_FILL_AREA( #5405 );
#3714 = ORIENTED_EDGE( '', *, *, #5148, .F. );
#3715 = ORIENTED_EDGE( '', *, *, #5356, .F. );
#3716 = ORIENTED_EDGE( '', *, *, #5385, .F. );
#3717 = ORIENTED_EDGE( '', *, *, #4843, .F. );
#3718 = CARTESIAN_POINT( '', ( 5.50000000000000, 0.237500000000000, -0.675000000000000 ) );
#3719 = DIRECTION( '', ( 1.00000000000000, 0.000000000000000, -5.64326264466610E-016 ) );
#3720 = DIRECTION( '', ( -5.64326264466610E-016, 0.000000000000000, -1.00000000000000 ) );
#3721 = SURFACE_STYLE_FILL_AREA( #5406 );
#3722 = ORIENTED_EDGE( '', *, *, #5024, .F. );
#3723 = ORIENTED_EDGE( '', *, *, #5407, .T. );
#3724 = ORIENTED_EDGE( '', *, *, #5128, .T. );
#3725 = ORIENTED_EDGE( '', *, *, #5408, .T. );
#3726 = CARTESIAN_POINT( '', ( 2.43951839509359, -2.51022907321225, 9.74200000000000 ) );
#3727 = DIRECTION( '', ( 0.707106781186547, 0.707106781186548, 3.09756245794621E-017 ) );
#3728 = DIRECTION( '', ( -0.707106781186548, 0.707106781186547, 0.000000000000000 ) );
#3729 = SURFACE_STYLE_FILL_AREA( #5409 );
#3730 = ORIENTED_EDGE( '', *, *, #5410, .T. );
#3731 = ORIENTED_EDGE( '', *, *, #5411, .F. );
#3732 = CARTESIAN_POINT( '', ( -9.19929116048307E-017, 0.000000000000000, 2.10000000000000 ) );
#3733 = DIRECTION( '', ( 4.38061483832527E-017, 0.000000000000000, -1.00000000000000 ) );
#3734 = DIRECTION( '', ( -1.00000000000000, 0.000000000000000, -4.38061483832527E-017 ) );
#3735 = SURFACE_STYLE_FILL_AREA( #5412 );
#3736 = ORIENTED_EDGE( '', *, *, #5228, .T. );
#3737 = ORIENTED_EDGE( '', *, *, #5193, .F. );
#3738 = ORIENTED_EDGE( '', *, *, #5413, .F. );
#3739 = ORIENTED_EDGE( '', *, *, #5414, .T. );
#3740 = CARTESIAN_POINT( '', ( 5.57214293612046E-016, 2.40000000000000, 0.300000000000000 ) );
#3741 = DIRECTION( '', ( -0.000000000000000, -0.000000000000000, 1.00000000000000 ) );
#3742 = DIRECTION( '', ( -1.00000000000000, 0.000000000000000, 0.000000000000000 ) );
#3743 = SURFACE_STYLE_FILL_AREA( #5415 );
#3744 = ORIENTED_EDGE( '', *, *, #4861, .F. );
#3745 = ORIENTED_EDGE( '', *, *, #5059, .F. );
#3746 = ORIENTED_EDGE( '', *, *, #5398, .T. );
#3747 = ORIENTED_EDGE( '', *, *, #5314, .T. );
#3748 = CARTESIAN_POINT( '', ( 1.75000000000000, -5.15000000000000, 1.10000000000000 ) );
#3749 = DIRECTION( '', ( -1.00000000000000, -9.30143641096945E-016, 0.000000000000000 ) );
#3750 = DIRECTION( '', ( 9.30143641096945E-016, -1.00000000000000, 0.000000000000000 ) );
#3751 = SURFACE_STYLE_FILL_AREA( #5416 );
#3752 = ORIENTED_EDGE( '', *, *, #5417, .F. );
#3753 = ORIENTED_EDGE( '', *, *, #5418, .F. );
#3754 = ORIENTED_EDGE( '', *, *, #5204, .T. );
#3755 = ORIENTED_EDGE( '', *, *, #5381, .T. );
#3756 = CARTESIAN_POINT( '', ( 2.24756482095379, -0.352303505636687, 9.74000000000000 ) );
#3757 = DIRECTION( '', ( -2.29067170953120E-015, 1.00000000000000, 2.19030741916263E-017 ) );
#3758 = DIRECTION( '', ( -1.00000000000000, -2.29067170953120E-015, 0.000000000000000 ) );
#3759 = SURFACE_STYLE_FILL_AREA( #5419 );
#3760 = ORIENTED_EDGE( '', *, *, #5420, .F. );
#3761 = ORIENTED_EDGE( '', *, *, #5421, .F. );
#3762 = ORIENTED_EDGE( '', *, *, #5422, .T. );
#3763 = ORIENTED_EDGE( '', *, *, #4818, .T. );
#3764 = CARTESIAN_POINT( '', ( -1.33545768708479, 0.635477844845627, 9.74000000000000 ) );
#3765 = DIRECTION( '', ( -1.00000000000000, 0.000000000000000, -2.19030741916264E-017 ) );
#3766 = DIRECTION( '', ( -2.19030741916264E-017, 0.000000000000000, 1.00000000000000 ) );
#3767 = SURFACE_STYLE_FILL_AREA( #5423 );
#3768 = ORIENTED_EDGE( '', *, *, #5424, .F. );
#3769 = ORIENTED_EDGE( '', *, *, #5425, .F. );
#3770 = ORIENTED_EDGE( '', *, *, #5325, .T. );
#3771 = ORIENTED_EDGE( '', *, *, #5160, .T. );
#3772 = CARTESIAN_POINT( '', ( 1.15483170198273, 0.330654693720226, 9.74000000000000 ) );
#3773 = CARTESIAN_POINT( '', ( 1.12087671805990, 0.350719002401898, 9.74000000000000 ) );
#3774 = CARTESIAN_POINT( '', ( 1.08615002995701, 0.360751156742734, 9.74000000000000 ) );
#3775 = CARTESIAN_POINT( '', ( 1.02209858301167, 0.360751156742734, 9.74000000000000 ) );
#3776 = CARTESIAN_POINT( '', ( 0.994317232529353, 0.350719002401898, 9.74000000000000 ) );
#3777 = CARTESIAN_POINT( '', ( 0.970394402947359, 0.332198102080355, 9.74000000000000 ) );
#3778 = CARTESIAN_POINT( '', ( 0.945989069971063, 0.313303650743869, 9.74000000000000 ) );
#3779 = CARTESIAN_POINT( '', ( 0.928722377223886, 0.287439259636624, 9.74000000000000 ) );
#3780 = CARTESIAN_POINT( '', ( 0.917918518702986, 0.254255979893859, 9.74000000000000 ) );
#3781 = CARTESIAN_POINT( '', ( 0.901445936371364, 0.203661619875306, 9.74000000000000 ) );
#3782 = CARTESIAN_POINT( '', ( 0.893995689120993, 0.147760803044984, 9.74000000000000 ) );
#3783 = CARTESIAN_POINT( '', ( 0.893995689120993, 0.0875678769999685, 9.74000000000000 ) );
#3784 = CARTESIAN_POINT( '', ( 0.893995689120993, -0.0590559172122499, 9.74000000000000 ) );
#3785 = CARTESIAN_POINT( '', ( 0.893995689120993, -0.205679711424469, 9.74000000000000 ) );
#3786 = CARTESIAN_POINT( '', ( 0.893995689120993, -0.352303505636687, 9.74000000000000 ) );
#3787 = DIRECTION( '', ( -2.19030741916264E-017, -2.19030741916264E-017, 1.00000000000000 ) );
#3788 = SURFACE_STYLE_FILL_AREA( #5426 );
#3789 = ORIENTED_EDGE( '', *, *, #5427, .F. );
#3790 = ORIENTED_EDGE( '', *, *, #5428, .F. );
#3791 = ORIENTED_EDGE( '', *, *, #5429, .T. );
#3792 = ORIENTED_EDGE( '', *, *, #5430, .T. );
#3793 = CARTESIAN_POINT( '', ( -1.28878618714893, 1.75634749060501, 9.74000000000000 ) );
#3794 = DIRECTION( '', ( 0.998643274761987, 0.0520731194826534, 2.30139191374985E-017 ) );
#3795 = DIRECTION( '', ( -0.0520731194826534, 0.998643274761987, 0.000000000000000 ) );
#3796 = SURFACE_STYLE_FILL_AREA( #5431 );
#3797 = ORIENTED_EDGE( '', *, *, #5115, .T. );
#3798 = ORIENTED_EDGE( '', *, *, #5432, .F. );
#3799 = CARTESIAN_POINT( '', ( -3.00059364866309E-017, 0.000000000000000, 0.300000000000000 ) );
#3800 = DIRECTION( '', ( -1.00019788288769E-016, 0.000000000000000, 1.00000000000000 ) );
#3801 = DIRECTION( '', ( 1.00000000000000, 0.000000000000000, 1.00019788288769E-016 ) );
#3802 = SURFACE_STYLE_FILL_AREA( #5433 );
#3803 = ORIENTED_EDGE( '', *, *, #5434, .F. );
#3804 = ORIENTED_EDGE( '', *, *, #4958, .T. );
#3805 = ORIENTED_EDGE( '', *, *, #4941, .T. );
#3806 = ORIENTED_EDGE( '', *, *, #5043, .F. );
#3807 = CARTESIAN_POINT( '', ( -2.00039576577539E-017, 0.000000000000000, 0.200000000000000 ) );
#3808 = DIRECTION( '', ( 1.00019788288769E-016, -0.000000000000000, -1.00000000000000 ) );
#3809 = DIRECTION( '', ( 1.00000000000000, 0.000000000000000, 1.00019788288769E-016 ) );
#3810 = SURFACE_STYLE_FILL_AREA( #5435 );
#3811 = ORIENTED_EDGE( '', *, *, #5436, .F. );
#3812 = ORIENTED_EDGE( '', *, *, #5437, .F. );
#3813 = ORIENTED_EDGE( '', *, *, #5438, .T. );
#3814 = ORIENTED_EDGE( '', *, *, #5439, .T. );
#3815 = CARTESIAN_POINT( '', ( 3.92293459587340, 0.385445690504792, 9.74000000000000 ) );
#3816 = DIRECTION( '', ( 1.00000000000000, 0.000000000000000, 2.19030741916264E-017 ) );
#3817 = DIRECTION( '', ( 2.19030741916264E-017, 0.000000000000000, -1.00000000000000 ) );
#3818 = SURFACE_STYLE_FILL_AREA( #5440 );
#3819 = ORIENTED_EDGE( '', *, *, #5441, .T. );
#3820 = ORIENTED_EDGE( '', *, *, #5182, .T. );
#3821 = CARTESIAN_POINT( '', ( -4.33680868994202E-016, 0.000000000000000, 9.90000000000000 ) );
#3822 = DIRECTION( '', ( 4.38061483832527E-017, -0.000000000000000, -1.00000000000000 ) );
#3823 = DIRECTION( '', ( 1.00000000000000, 0.000000000000000, 4.38061483832527E-017 ) );
#3824 = SURFACE_STYLE_FILL_AREA( #5442 );
#3825 = ORIENTED_EDGE( '', *, *, #5443, .F. );
#3826 = ORIENTED_EDGE( '', *, *, #4918, .F. );
#3827 = ORIENTED_EDGE( '', *, *, #5444, .T. );
#3828 = ORIENTED_EDGE( '', *, *, #5445, .T. );
#3829 = CARTESIAN_POINT( '', ( 2.46209858301167, -0.352303505636687, 9.74000000000000 ) );
#3830 = DIRECTION( '', ( 1.00000000000000, 0.000000000000000, 2.19030741916264E-017 ) );
#3831 = DIRECTION( '', ( 2.19030741916264E-017, 0.000000000000000, -1.00000000000000 ) );
#3832 = SURFACE_STYLE_FILL_AREA( #5446 );
#3833 = ORIENTED_EDGE( '', *, *, #5447, .F. );
#3834 = ORIENTED_EDGE( '', *, *, #5221, .F. );
#3835 = ORIENTED_EDGE( '', *, *, #5448, .T. );
#3836 = ORIENTED_EDGE( '', *, *, #5449, .T. );
#3837 = CARTESIAN_POINT( '', ( -0.671415533870502, 2.05960240670318, 9.74000000000000 ) );
#3838 = DIRECTION( '', ( -0.834335938836838, 0.551256329818763, -6.20031367845947E-018 ) );
#3839 = DIRECTION( '', ( -0.551256329818763, -0.834335938836838, 0.000000000000000 ) );
#3840 = SURFACE_STYLE_FILL_AREA( #5450 );
#3841 = ORIENTED_EDGE( '', *, *, #5451, .F. );
#3842 = ORIENTED_EDGE( '', *, *, #5432, .T. );
#3843 = CARTESIAN_POINT( '', ( -2.00039576577539E-017, 0.000000000000000, 0.200000000000000 ) );
#3844 = DIRECTION( '', ( 1.00019788288769E-016, -0.000000000000000, -1.00000000000000 ) );
#3845 = DIRECTION( '', ( 1.00000000000000, 0.000000000000000, 1.00019788288769E-016 ) );
#3846 = SURFACE_STYLE_FILL_AREA( #5452 );
#3847 = ORIENTED_EDGE( '', *, *, #5453, .T. );
#3848 = ORIENTED_EDGE( '', *, *, #5275, .F. );
#3849 = ORIENTED_EDGE( '', *, *, #5288, .F. );
#3850 = ORIENTED_EDGE( '', *, *, #5454, .T. );
#3851 = CARTESIAN_POINT( '', ( 1.46149105463698, 2.18692296417034, 9.74000000000000 ) );
#3852 = DIRECTION( '', ( -2.77555756156289E-016, 1.00000000000000, 2.19030741916264E-017 ) );
#3853 = DIRECTION( '', ( -1.00000000000000, -2.77555756156289E-016, 0.000000000000000 ) );
#3854 = SURFACE_STYLE_FILL_AREA( #5455 );
#3855 = ORIENTED_EDGE( '', *, *, #5456, .F. );
#3856 = ORIENTED_EDGE( '', *, *, #4888, .T. );
#3857 = ORIENTED_EDGE( '', *, *, #5457, .T. );
#3858 = ORIENTED_EDGE( '', *, *, #5458, .T. );
#3859 = CARTESIAN_POINT( '', ( 2.51022907321224, -2.43951839509359, 9.74200000000000 ) );
#3860 = DIRECTION( '', ( -0.707106781186547, -0.707106781186548, -3.09756245794621E-017 ) );
#3861 = DIRECTION( '', ( 0.707106781186548, -0.707106781186547, 0.000000000000000 ) );
#3862 = SURFACE_STYLE_FILL_AREA( #5459 );
#3863 = ORIENTED_EDGE( '', *, *, #5460, .F. );
#3864 = ORIENTED_EDGE( '', *, *, #5439, .F. );
#3865 = ORIENTED_EDGE( '', *, *, #5461, .T. );
#3866 = ORIENTED_EDGE( '', *, *, #5265, .T. );
#3867 = CARTESIAN_POINT( '', ( 3.92293459587340, 0.488854050633410, 9.74000000000000 ) );
#3868 = DIRECTION( '', ( -3.38541039802202E-015, -1.00000000000000, -2.19030741916264E-017 ) );
#3869 = DIRECTION( '', ( 1.00000000000000, -3.38541039802202E-015, 0.000000000000000 ) );
#3870 = SURFACE_STYLE_FILL_AREA( #5462 );
#3871 = ORIENTED_EDGE( '', *, *, #5394, .F. );
#3872 = ORIENTED_EDGE( '', *, *, #4910, .F. );
#3873 = ORIENTED_EDGE( '', *, *, #5227, .F. );
#3874 = ORIENTED_EDGE( '', *, *, #5463, .F. );
#3875 = CARTESIAN_POINT( '', ( -4.35000000000000, 4.35000000000000, 0.600000000000000 ) );
#3876 = DIRECTION( '', ( -0.000000000000000, -0.000000000000000, 1.00000000000000 ) );
#3877 = DIRECTION( '', ( -1.00000000000000, 0.000000000000000, 0.000000000000000 ) );
#3878 = SURFACE_STYLE_FILL_AREA( #5464 );
#3879 = ORIENTED_EDGE( '', *, *, #5465, .T. );
#3880 = ORIENTED_EDGE( '', *, *, #5029, .F. );
#3881 = ORIENTED_EDGE( '', *, *, #5466, .F. );
#3882 = ORIENTED_EDGE( '', *, *, #5467, .F. );
#3883 = ORIENTED_EDGE( '', *, *, #5054, .F. );
#3884 = CARTESIAN_POINT( '', ( 5.57214293612046E-016, -2.40000000000000, 0.300000000000000 ) );
#3885 = DIRECTION( '', ( 0.000000000000000, 0.000000000000000, 1.00000000000000 ) );
#3886 = DIRECTION( '', ( 1.00000000000000, 0.000000000000000, 0.000000000000000 ) );
#3887 = SURFACE_STYLE_FILL_AREA( #5468 );
#3888 = ORIENTED_EDGE( '', *, *, #5469, .F. );
#3889 = ORIENTED_EDGE( '', *, *, #5039, .F. );
#3890 = ORIENTED_EDGE( '', *, *, #4921, .T. );
#3891 = ORIENTED_EDGE( '', *, *, #5470, .T. );
#3892 = CARTESIAN_POINT( '', ( 2.24756482095379, 0.806796172819905, 9.74000000000000 ) );
#3893 = DIRECTION( '', ( -1.00000000000000, 0.000000000000000, -2.19030741916264E-017 ) );
#3894 = DIRECTION( '', ( -2.19030741916264E-017, 0.000000000000000, 1.00000000000000 ) );
#3895 = SURFACE_STYLE_FILL_AREA( #5471 );
#3896 = ORIENTED_EDGE( '', *, *, #4887, .F. );
#3897 = ORIENTED_EDGE( '', *, *, #4979, .F. );
#3898 = ORIENTED_EDGE( '', *, *, #5472, .F. );
#3899 = ORIENTED_EDGE( '', *, *, #5457, .F. );
#3900 = CARTESIAN_POINT( '', ( -4.26759497549648E-016, 0.000000000000000, 9.74200000000000 ) );
#3901 = DIRECTION( '', ( 4.38061483832527E-017, 0.000000000000000, -1.00000000000000 ) );
#3902 = DIRECTION( '', ( -1.00000000000000, 0.000000000000000, -4.38061483832527E-017 ) );
#3903 = SURFACE_STYLE_FILL_AREA( #5473 );
#3904 = ORIENTED_EDGE( '', *, *, #5474, .F. );
#3905 = ORIENTED_EDGE( '', *, *, #5267, .F. );
#3906 = ORIENTED_EDGE( '', *, *, #5475, .T. );
#3907 = ORIENTED_EDGE( '', *, *, #5476, .T. );
#3908 = CARTESIAN_POINT( '', ( 3.33798282738466, -0.420985177662410, 9.74000000000000 ) );
#3909 = DIRECTION( '', ( -0.132163720091016, -0.991227900682635, -2.46057300160567E-017 ) );
#3910 = DIRECTION( '', ( 0.991227900682635, -0.132163720091016, 0.000000000000000 ) );
#3911 = SURFACE_STYLE_FILL_AREA( #5477 );
#3912 = ORIENTED_EDGE( '', *, *, #5478, .F. );
#3913 = ORIENTED_EDGE( '', *, *, #5479, .F. );
#3914 = ORIENTED_EDGE( '', *, *, #5480, .T. );
#3915 = ORIENTED_EDGE( '', *, *, #5481, .T. );
#3916 = CARTESIAN_POINT( '', ( -1.48208148129701, 0.806796172819904, 9.74000000000000 ) );
#3917 = DIRECTION( '', ( -4.74643687560517E-016, -1.00000000000000, -2.19030741916264E-017 ) );
#3918 = DIRECTION( '', ( 1.00000000000000, -4.74643687560517E-016, 0.000000000000000 ) );
#3919 = SURFACE_STYLE_FILL_AREA( #5482 );
#3920 = ORIENTED_EDGE( '', *, *, #5483, .F. );
#3921 = ORIENTED_EDGE( '', *, *, #5484, .F. );
#3922 = ORIENTED_EDGE( '', *, *, #5485, .T. );
#3923 = ORIENTED_EDGE( '', *, *, #5256, .T. );
#3924 = CARTESIAN_POINT( '', ( -0.893446828327367, 2.60584425692756, 9.74000000000000 ) );
#3925 = DIRECTION( '', ( 0.812281971897564, -0.583264946769653, 5.01617689252218E-018 ) );
#3926 = DIRECTION( '', ( 0.583264946769653, 0.812281971897564, 0.000000000000000 ) );
#3927 = SURFACE_STYLE_FILL_AREA( #5486 );
#3928 = ORIENTED_EDGE( '', *, *, #5487, .F. );
#3929 = ORIENTED_EDGE( '', *, *, #5488, .F. );
#3930 = ORIENTED_EDGE( '', *, *, #5489, .T. );
#3931 = ORIENTED_EDGE( '', *, *, #5437, .T. );
#3932 = CARTESIAN_POINT( '', ( 3.90981562481231, -0.243493216247618, 9.74000000000000 ) );
#3933 = CARTESIAN_POINT( '', ( 3.84653588204704, -0.316805113353729, 9.74000000000000 ) );
#3934 = CARTESIAN_POINT( '', ( 3.76859375986054, -0.352303505636687, 9.74000000000000 ) );
#3935 = CARTESIAN_POINT( '', ( 3.55946192706311, -0.352303505636687, 9.74000000000000 ) );
#3936 = CARTESIAN_POINT( '', ( 3.46994424217566, -0.311403184093278, 9.74000000000000 ) );
#3937 = CARTESIAN_POINT( '', ( 3.40589279523032, -0.227287428466269, 9.74000000000000 ) );
#3938 = CARTESIAN_POINT( '', ( 3.34249653623456, -0.144032100387496, 9.74000000000000 ) );
#3939 = CARTESIAN_POINT( '', ( 3.31097318108241, -0.0443935377910269, 9.74000000000000 ) );
#3940 = CARTESIAN_POINT( '', ( 3.31097318108241, 0.152391028125371, 9.74000000000000 ) );
#3941 = CARTESIAN_POINT( '', ( 3.32486385632357, 0.226474629411545, 9.74000000000000 ) );
#3942 = CARTESIAN_POINT( '', ( 3.38351337400846, 0.362294565102863, 9.74000000000000 ) );
#3943 = CARTESIAN_POINT( '', ( 3.42595710391199, 0.414770449347236, 9.74000000000000 ) );
#3944 = CARTESIAN_POINT( '', ( 3.53708250584125, 0.488854050633410, 9.74000000000000 ) );
#3945 = CARTESIAN_POINT( '', ( 3.60190565696665, 0.507374950954954, 9.74000000000000 ) );
#3946 = CARTESIAN_POINT( '', ( 3.77631080166119, 0.507374950954954, 9.74000000000000 ) );
#3947 = CARTESIAN_POINT( '', ( 3.85811144474800, 0.466474629411545, 9.74000000000000 ) );
#3948 = CARTESIAN_POINT( '', ( 3.92293459587340, 0.385445690504792, 9.74000000000000 ) );
#3949 = DIRECTION( '', ( -2.19030741916264E-017, -2.19030741916264E-017, 1.00000000000000 ) );
#3950 = SURFACE_STYLE_FILL_AREA( #5490 );
#3951 = ORIENTED_EDGE( '', *, *, #5491, .F. );
#3952 = ORIENTED_EDGE( '', *, *, #5279, .F. );
#3953 = ORIENTED_EDGE( '', *, *, #5492, .T. );
#3954 = ORIENTED_EDGE( '', *, *, #5493, .T. );
#3955 = CARTESIAN_POINT( '', ( 3.14582848654864, -0.352303505636687, 9.74000000000000 ) );
#3956 = DIRECTION( '', ( 0.000000000000000, 1.00000000000000, 2.19030741916264E-017 ) );
#3957 = DIRECTION( '', ( 0.000000000000000, -2.19030741916264E-017, 1.00000000000000 ) );
#3958 = SURFACE_STYLE_FILL_AREA( #5494 );
#3959 = ORIENTED_EDGE( '', *, *, #5495, .F. );
#3960 = ORIENTED_EDGE( '', *, *, #5449, .F. );
#3961 = ORIENTED_EDGE( '', *, *, #5496, .T. );
#3962 = ORIENTED_EDGE( '', *, *, #5428, .T. );
#3963 = CARTESIAN_POINT( '', ( -0.871779900627659, 1.75634749060501, 9.74000000000000 ) );
#3964 = DIRECTION( '', ( -2.22044604925032E-016, 1.00000000000000, 2.19030741916264E-017 ) );
#3965 = DIRECTION( '', ( -1.00000000000000, -2.22044604925032E-016, 0.000000000000000 ) );
#3966 = SURFACE_STYLE_FILL_AREA( #5497 );
#3967 = ORIENTED_EDGE( '', *, *, #5389, .T. );
#3968 = ORIENTED_EDGE( '', *, *, #5498, .F. );
#3969 = ORIENTED_EDGE( '', *, *, #5499, .F. );
#3970 = ORIENTED_EDGE( '', *, *, #5348, .T. );
#3971 = CARTESIAN_POINT( '', ( -2.90000000000000, -0.475000000000000, -0.400000000000000 ) );
#3972 = DIRECTION( '', ( -1.00000000000000, 0.000000000000000, 3.94255335449274E-016 ) );
#3973 = DIRECTION( '', ( 3.94255335449275E-016, 0.000000000000000, 1.00000000000000 ) );
#3974 = SURFACE_STYLE_FILL_AREA( #5500 );
#3975 = ORIENTED_EDGE( '', *, *, #5501, .F. );
#3976 = ORIENTED_EDGE( '', *, *, #5502, .F. );
#3977 = ORIENTED_EDGE( '', *, *, #4923, .T. );
#3978 = ORIENTED_EDGE( '', *, *, #5038, .T. );
#3979 = CARTESIAN_POINT( '', ( 2.10557125182195, 0.643966590826335, 9.74000000000000 ) );
#3980 = DIRECTION( '', ( 1.00000000000000, 0.000000000000000, 2.19030741916264E-017 ) );
#3981 = DIRECTION( '', ( 2.19030741916264E-017, 0.000000000000000, -1.00000000000000 ) );
#3982 = SURFACE_STYLE_FILL_AREA( #5503 );
#3983 = ORIENTED_EDGE( '', *, *, #4869, .F. );
#3984 = ORIENTED_EDGE( '', *, *, #4912, .F. );
#3985 = ORIENTED_EDGE( '', *, *, #5396, .T. );
#3986 = ORIENTED_EDGE( '', *, *, #5045, .T. );
#3987 = CARTESIAN_POINT( '', ( -1.75000000000000, 4.68374849879880, 1.90000000000000 ) );
#3988 = DIRECTION( '', ( 1.00000000000000, -4.65071820548472E-016, 0.000000000000000 ) );
#3989 = DIRECTION( '', ( 4.65071820548472E-016, 1.00000000000000, 0.000000000000000 ) );
#3990 = SURFACE_STYLE_FILL_AREA( #5504 );
#3991 = ORIENTED_EDGE( '', *, *, #5505, .T. );
#3992 = ORIENTED_EDGE( '', *, *, #4949, .F. );
#3993 = ORIENTED_EDGE( '', *, *, #5286, .F. );
#3994 = ORIENTED_EDGE( '', *, *, #5506, .T. );
#3995 = CARTESIAN_POINT( '', ( 0.985858220059971, 3.52179173964186, 9.74000000000000 ) );
#3996 = DIRECTION( '', ( -0.863966758174713, 0.503548846457895, -7.89426026032448E-018 ) );
#3997 = DIRECTION( '', ( -0.503548846457895, -0.863966758174713, 0.000000000000000 ) );
#3998 = SURFACE_STYLE_FILL_AREA( #5507 );
#3999 = ORIENTED_EDGE( '', *, *, #5508, .F. );
#4000 = ORIENTED_EDGE( '', *, *, #4884, .T. );
#4001 = ORIENTED_EDGE( '', *, *, #5392, .T. );
#4002 = ORIENTED_EDGE( '', *, *, #5071, .F. );
#4003 = CARTESIAN_POINT( '', ( -2.43951839509359, -2.51022907321225, 9.74200000000000 ) );
#4004 = DIRECTION( '', ( -0.707106781186548, 0.707106781186547, -3.09756245794621E-017 ) );
#4005 = DIRECTION( '', ( -0.707106781186547, -0.707106781186548, 0.000000000000000 ) );
#4006 = SURFACE_STYLE_FILL_AREA( #5509 );
#4007 = ORIENTED_EDGE( '', *, *, #5510, .T. );
#4008 = ORIENTED_EDGE( '', *, *, #5401, .F. );
#4009 = CARTESIAN_POINT( '', ( -3.00059364866309E-017, 0.000000000000000, 0.300000000000000 ) );
#4010 = DIRECTION( '', ( -1.00019788288769E-016, -0.000000000000000, 1.00000000000000 ) );
#4011 = DIRECTION( '', ( -1.00000000000000, 0.000000000000000, -1.00019788288769E-016 ) );
#4012 = SURFACE_STYLE_FILL_AREA( #5511 );
#4013 = ORIENTED_EDGE( '', *, *, #5295, .F. );
#4014 = ORIENTED_EDGE( '', *, *, #5510, .F. );
#4015 = CARTESIAN_POINT( '', ( -2.00039576577539E-017, 0.000000000000000, 0.200000000000000 ) );
#4016 = DIRECTION( '', ( -1.00019788288769E-016, 0.000000000000000, 1.00000000000000 ) );
#4017 = DIRECTION( '', ( 1.00000000000000, 0.000000000000000, 1.00019788288769E-016 ) );
#4018 = SURFACE_STYLE_FILL_AREA( #5512 );
#4019 = ORIENTED_EDGE( '', *, *, #5513, .T. );
#4020 = ORIENTED_EDGE( '', *, *, #5514, .F. );
#4021 = ORIENTED_EDGE( '', *, *, #5291, .F. );
#4022 = ORIENTED_EDGE( '', *, *, #5177, .T. );
#4023 = CARTESIAN_POINT( '', ( 1.24673678387734, 3.08257138078225, 9.74000000000000 ) );
#4024 = DIRECTION( '', ( -2.22044604925032E-016, -1.00000000000000, -2.19030741916264E-017 ) );
#4025 = DIRECTION( '', ( 1.00000000000000, -2.22044604925032E-016, 0.000000000000000 ) );
#4026 = SURFACE_STYLE_FILL_AREA( #5515 );
#4027 = ORIENTED_EDGE( '', *, *, #5516, .T. );
#4028 = CARTESIAN_POINT( '', ( -3.50000000000000, 3.50000000000000, -0.0500000000000000 ) );
#4029 = DIRECTION( '', ( 0.000000000000000, 0.000000000000000, -1.00000000000000 ) );
#4030 = DIRECTION( '', ( -1.00000000000000, 0.000000000000000, 0.000000000000000 ) );
#4031 = SURFACE_STYLE_FILL_AREA( #5517 );
#4032 = ORIENTED_EDGE( '', *, *, #5126, .T. );
#4033 = ORIENTED_EDGE( '', *, *, #5518, .T. );
#4034 = ORIENTED_EDGE( '', *, *, #5519, .F. );
#4035 = ORIENTED_EDGE( '', *, *, #4836, .T. );
#4036 = CARTESIAN_POINT( '', ( 2.51022907321224, -2.43951839509359, 9.74200000000000 ) );
#4037 = DIRECTION( '', ( -0.707106781186547, -0.707106781186548, -3.09756245794621E-017 ) );
#4038 = DIRECTION( '', ( 0.707106781186548, -0.707106781186547, 0.000000000000000 ) );
#4039 = SURFACE_STYLE_FILL_AREA( #5520 );
#4040 = ORIENTED_EDGE( '', *, *, #5001, .T. );
#4041 = ORIENTED_EDGE( '', *, *, #5359, .T. );
#4042 = ORIENTED_EDGE( '', *, *, #5521, .T. );
#4043 = CARTESIAN_POINT( '', ( 5.00000000000000, 0.000000000000000, 9.75000000000000 ) );
#4044 = DIRECTION( '', ( 4.38061483832527E-017, 0.000000000000000, -1.00000000000000 ) );
#4045 = DIRECTION( '', ( -1.00000000000000, 0.000000000000000, -4.38061483832527E-017 ) );
#4046 = SURFACE_STYLE_FILL_AREA( #5522 );
#4047 = ORIENTED_EDGE( '', *, *, #5523, .F. );
#4048 = ORIENTED_EDGE( '', *, *, #4820, .F. );
#4049 = ORIENTED_EDGE( '', *, *, #5524, .T. );
#4050 = ORIENTED_EDGE( '', *, *, #5479, .T. );
#4051 = CARTESIAN_POINT( '', ( -1.48208148129701, -0.352303505636688, 9.74000000000000 ) );
#4052 = DIRECTION( '', ( 1.00000000000000, 0.000000000000000, 2.19030741916264E-017 ) );
#4053 = DIRECTION( '', ( 2.19030741916264E-017, 0.000000000000000, -1.00000000000000 ) );
#4054 = SURFACE_STYLE_FILL_AREA( #5525 );
#4055 = ORIENTED_EDGE( '', *, *, #5526, .F. );
#4056 = ORIENTED_EDGE( '', *, *, #5476, .F. );
#4057 = ORIENTED_EDGE( '', *, *, #5527, .T. );
#4058 = ORIENTED_EDGE( '', *, *, #5488, .T. );
#4059 = CARTESIAN_POINT( '', ( 3.47688957979623, -0.439506077983953, 9.74000000000000 ) );
#4060 = CARTESIAN_POINT( '', ( 3.48229150905668, -0.483493216247619, 9.74000000000000 ) );
#4061 = CARTESIAN_POINT( '', ( 3.49849729683803, -0.515133087630256, 9.74000000000000 ) );
#4062 = CARTESIAN_POINT( '', ( 3.52550694314029, -0.535197396311928, 9.74000000000000 ) );
#4063 = CARTESIAN_POINT( '', ( 3.56131141903806, -0.561795006978848, 9.74000000000000 ) );
#4064 = CARTESIAN_POINT( '', ( 3.60962269876730, -0.576097717855336, 9.74000000000000 ) );
#4065 = CARTESIAN_POINT( '', ( 3.73849729683803, -0.576097717855336, 9.74000000000000 ) );
#4066 = CARTESIAN_POINT( '', ( 3.78942977272228, -0.562978746794242, 9.74000000000000 ) );
#4067 = CARTESIAN_POINT( '', ( 3.86196996564833, -0.510502862549870, 9.74000000000000 ) );
#4068 = CARTESIAN_POINT( '', ( 3.88666449941038, -0.473461061906783, 9.74000000000000 ) );
#4069 = CARTESIAN_POINT( '', ( 3.89901176629141, -0.426387106922860, 9.74000000000000 ) );
#4070 = CARTESIAN_POINT( '', ( 3.90670513499425, -0.397056138743288, 9.74000000000000 ) );
#4071 = CARTESIAN_POINT( '', ( 3.90981562481231, -0.336869422035400, 9.74000000000000 ) );
#4072 = CARTESIAN_POINT( '', ( 3.90981562481231, -0.243493216247618, 9.74000000000000 ) );
#4073 = DIRECTION( '', ( -2.19030741916264E-017, -2.19030741916264E-017, 1.00000000000000 ) );
#4074 = SURFACE_STYLE_FILL_AREA( #5528 );
#4075 = ORIENTED_EDGE( '', *, *, #5529, .F. );
#4076 = ORIENTED_EDGE( '', *, *, #5430, .F. );
#4077 = ORIENTED_EDGE( '', *, *, #5530, .T. );
#4078 = ORIENTED_EDGE( '', *, *, #5531, .T. );
#4079 = CARTESIAN_POINT( '', ( -1.38084327264021, 3.52179173964186, 9.74000000000000 ) );
#4080 = DIRECTION( '', ( 5.55111512312578E-016, -1.00000000000000, -2.19030741916264E-017 ) );
#4081 = DIRECTION( '', ( 1.00000000000000, 5.55111512312578E-016, 0.000000000000000 ) );
#4082 = SURFACE_STYLE_FILL_AREA( #5532 );
#4083 = ORIENTED_EDGE( '', *, *, #5533, .F. );
#4084 = ORIENTED_EDGE( '', *, *, #5345, .F. );
#4085 = ORIENTED_EDGE( '', *, *, #5534, .T. );
#4086 = ORIENTED_EDGE( '', *, *, #5014, .T. );
#4087 = CARTESIAN_POINT( '', ( 1.43496031934607, 0.147760803044985, 9.74000000000000 ) );
#4088 = DIRECTION( '', ( 0.709510522722877, -0.704694840441953, 1.05478246282395E-019 ) );
#4089 = DIRECTION( '', ( 0.704694840441953, 0.709510522722877, 7.61178454528682E-035 ) );
#4090 = SURFACE_STYLE_FILL_AREA( #5535 );
#4091 = ORIENTED_EDGE( '', *, *, #5395, .T. );
#4092 = ORIENTED_EDGE( '', *, *, #5463, .T. );
#4093 = ORIENTED_EDGE( '', *, *, #5226, .F. );
#4094 = ORIENTED_EDGE( '', *, *, #4815, .F. );
#4095 = ORIENTED_EDGE( '', *, *, #5536, .T. );
#4096 = ORIENTED_EDGE( '', *, *, #5537, .T. );
#4097 = ORIENTED_EDGE( '', *, *, #4872, .T. );
#4098 = ORIENTED_EDGE( '', *, *, #5367, .F. );
#4099 = CARTESIAN_POINT( '', ( -5.15000000000000, -3.15000000000000, 0.600000000000000 ) );
#4100 = DIRECTION( '', ( -1.00000000000000, 0.000000000000000, 0.000000000000000 ) );
#4101 = DIRECTION( '', ( 0.000000000000000, 0.000000000000000, 1.00000000000000 ) );
#4102 = SURFACE_STYLE_FILL_AREA( #5538 );
#4103 = ORIENTED_EDGE( '', *, *, #5112, .T. );
#4104 = ORIENTED_EDGE( '', *, *, #5349, .T. );
#4105 = ORIENTED_EDGE( '', *, *, #5499, .T. );
#4106 = ORIENTED_EDGE( '', *, *, #5539, .F. );
#4107 = ORIENTED_EDGE( '', *, *, #5540, .F. );
#4108 = ORIENTED_EDGE( '', *, *, #5198, .F. );
#4109 = ORIENTED_EDGE( '', *, *, #5301, .F. );
#4110 = ORIENTED_EDGE( '', *, *, #5035, .T. );
#4111 = CARTESIAN_POINT( '', ( -5.50000000000000, 0.475000000000000, -0.450000000000000 ) );
#4112 = DIRECTION( '', ( 0.000000000000000, 1.00000000000000, 0.000000000000000 ) );
#4113 = DIRECTION( '', ( 0.000000000000000, 0.000000000000000, 1.00000000000000 ) );
#4114 = SURFACE_STYLE_FILL_AREA( #5541 );
#4115 = ORIENTED_EDGE( '', *, *, #5542, .F. );
#4116 = ORIENTED_EDGE( '', *, *, #4968, .F. );
#4117 = ORIENTED_EDGE( '', *, *, #5543, .T. );
#4118 = ORIENTED_EDGE( '', *, *, #5544, .T. );
#4119 = CARTESIAN_POINT( '', ( 0.861191314091614, 3.52179173964186, 9.74000000000000 ) );
#4120 = DIRECTION( '', ( -0.862812800576462, 0.505523561430525, -7.82573271288318E-018 ) );
#4121 = DIRECTION( '', ( -0.505523561430525, -0.862812800576462, 0.000000000000000 ) );
#4122 = SURFACE_STYLE_FILL_AREA( #5545 );
#4123 = ORIENTED_EDGE( '', *, *, #5546, .F. );
#4124 = ORIENTED_EDGE( '', *, *, #5108, .F. );
#4125 = ORIENTED_EDGE( '', *, *, #5547, .T. );
#4126 = ORIENTED_EDGE( '', *, *, #4966, .T. );
#4127 = CARTESIAN_POINT( '', ( -0.189435821482604, 2.59572208110845, 9.74000000000000 ) );
#4128 = DIRECTION( '', ( 0.858817546736231, -0.512281584109717, 7.59020289947519E-018 ) );
#4129 = DIRECTION( '', ( 0.512281584109717, 0.858817546736231, 0.000000000000000 ) );
#4130 = SURFACE_STYLE_FILL_AREA( #5548 );
#4131 = ORIENTED_EDGE( '', *, *, #5223, .F. );
#4132 = ORIENTED_EDGE( '', *, *, #4956, .F. );
#4133 = ORIENTED_EDGE( '', *, *, #5399, .T. );
#4134 = ORIENTED_EDGE( '', *, *, #5057, .T. );
#4135 = CARTESIAN_POINT( '', ( 5.15000000000000, -3.15000000000000, 0.600000000000000 ) );
#4136 = DIRECTION( '', ( 0.707106781186548, -0.707106781186547, 0.000000000000000 ) );
#4137 = DIRECTION( '', ( 0.707106781186547, 0.707106781186548, 0.000000000000000 ) );
#4138 = SURFACE_STYLE_FILL_AREA( #5549 );
#4139 = ORIENTED_EDGE( '', *, *, #5185, .F. );
#4140 = CARTESIAN_POINT( '', ( -3.00059364866309E-017, 0.000000000000000, 0.300000000000000 ) );
#4141 = DIRECTION( '', ( -1.00019788288769E-016, 0.000000000000000, 1.00000000000000 ) );
#4142 = DIRECTION( '', ( 1.00000000000000, 0.000000000000000, 1.00019788288769E-016 ) );
#4143 = SURFACE_STYLE_FILL_AREA( #5550 );
#4144 = ORIENTED_EDGE( '', *, *, #5229, .T. );
#4145 = ORIENTED_EDGE( '', *, *, #5414, .F. );
#4146 = ORIENTED_EDGE( '', *, *, #5551, .F. );
#4147 = ORIENTED_EDGE( '', *, *, #4906, .T. );
#4148 = CARTESIAN_POINT( '', ( 0.650000000000000, 5.15000000000000, 0.300000000000000 ) );
#4149 = DIRECTION( '', ( 1.00000000000000, -1.97127667724637E-016, 0.000000000000000 ) );
#4150 = DIRECTION( '', ( 1.97127667724637E-016, 1.00000000000000, 0.000000000000000 ) );
#4151 = SURFACE_STYLE_FILL_AREA( #5552 );
#4152 = ORIENTED_EDGE( '', *, *, #5539, .T. );
#4153 = ORIENTED_EDGE( '', *, *, #5498, .T. );
#4154 = ORIENTED_EDGE( '', *, *, #5388, .T. );
#4155 = ORIENTED_EDGE( '', *, *, #5553, .T. );
#4156 = ORIENTED_EDGE( '', *, *, #4928, .F. );
#4157 = CARTESIAN_POINT( '', ( -2.75000000000000, 0.000000000000000, 0.700000000000000 ) );
#4158 = DIRECTION( '', ( -1.01979412263490E-016, 0.000000000000000, 1.00000000000000 ) );
#4159 = DIRECTION( '', ( 1.00000000000000, 0.000000000000000, 1.01979412263490E-016 ) );
#4160 = SURFACE_STYLE_FILL_AREA( #5554 );
#4161 = ORIENTED_EDGE( '', *, *, #5555, .T. );
#4162 = ORIENTED_EDGE( '', *, *, #5556, .F. );
#4163 = ORIENTED_EDGE( '', *, *, #5292, .F. );
#4164 = ORIENTED_EDGE( '', *, *, #5514, .T. );
#4165 = CARTESIAN_POINT( '', ( 1.98844605634067, 3.08257138078225, 9.74000000000000 ) );
#4166 = DIRECTION( '', ( 0.861796194174881, -0.507254689190442, 7.76554888768501E-018 ) );
#4167 = DIRECTION( '', ( 0.507254689190442, 0.861796194174881, 0.000000000000000 ) );
#4168 = SURFACE_STYLE_FILL_AREA( #5557 );
#4169 = ORIENTED_EDGE( '', *, *, #5404, .T. );
#4170 = ORIENTED_EDGE( '', *, *, #5097, .F. );
#4171 = CARTESIAN_POINT( '', ( -1.22657215473108E-016, 0.000000000000000, 2.80000000000000 ) );
#4172 = DIRECTION( '', ( -4.38061483832527E-017, 0.000000000000000, 1.00000000000000 ) );
#4173 = DIRECTION( '', ( 1.00000000000000, 0.000000000000000, 4.38061483832527E-017 ) );
#4174 = SURFACE_STYLE_FILL_AREA( #5558 );
#4175 = ORIENTED_EDGE( '', *, *, #4907, .T. );
#4176 = ORIENTED_EDGE( '', *, *, #5551, .T. );
#4177 = ORIENTED_EDGE( '', *, *, #5413, .T. );
#4178 = ORIENTED_EDGE( '', *, *, #5192, .T. );
#4179 = ORIENTED_EDGE( '', *, *, #5559, .T. );
#4180 = CARTESIAN_POINT( '', ( 5.57214293612046E-016, 2.40000000000000, 0.300000000000000 ) );
#4181 = DIRECTION( '', ( 0.000000000000000, 0.000000000000000, -1.00000000000000 ) );
#4182 = DIRECTION( '', ( -1.00000000000000, 0.000000000000000, 0.000000000000000 ) );
#4183 = SURFACE_STYLE_FILL_AREA( #5560 );
#4184 = ORIENTED_EDGE( '', *, *, #5561, .F. );
#4185 = ORIENTED_EDGE( '', *, *, #5283, .F. );
#4186 = ORIENTED_EDGE( '', *, *, #5562, .T. );
#4187 = ORIENTED_EDGE( '', *, *, #5343, .T. );
#4188 = CARTESIAN_POINT( '', ( 1.29296675021424, 0.806796172819904, 9.74000000000000 ) );
#4189 = DIRECTION( '', ( 7.63557236510397E-016, -1.00000000000000, -2.19030741916264E-017 ) );
#4190 = DIRECTION( '', ( 1.00000000000000, 7.63557236510397E-016, 0.000000000000000 ) );
#4191 = SURFACE_STYLE_FILL_AREA( #5563 );
#4192 = ORIENTED_EDGE( '', *, *, #5564, .F. );
#4193 = ORIENTED_EDGE( '', *, *, #5306, .F. );
#4194 = ORIENTED_EDGE( '', *, *, #5565, .T. );
#4195 = ORIENTED_EDGE( '', *, *, #5421, .T. );
#4196 = CARTESIAN_POINT( '', ( -1.00053807293688, -0.352303505636687, 9.74000000000000 ) );
#4197 = DIRECTION( '', ( 0.947043000102940, 0.321106767222403, 2.77763784398207E-017 ) );
#4198 = DIRECTION( '', ( -0.321106767222403, 0.947043000102940, 0.000000000000000 ) );
#4199 = SURFACE_STYLE_FILL_AREA( #5566 );
#4200 = ORIENTED_EDGE( '', *, *, #5553, .F. );
#4201 = ORIENTED_EDGE( '', *, *, #5387, .F. );
#4202 = ORIENTED_EDGE( '', *, *, #5195, .T. );
#4203 = ORIENTED_EDGE( '', *, *, #5540, .T. );
#4204 = CARTESIAN_POINT( '', ( -2.60000000000000, 0.475000000000000, -0.400000000000000 ) );
#4205 = DIRECTION( '', ( 1.00000000000000, 0.000000000000000, -3.94255335449274E-016 ) );
#4206 = DIRECTION( '', ( -3.94255335449275E-016, 0.000000000000000, -1.00000000000000 ) );
#4207 = SURFACE_STYLE_FILL_AREA( #5567 );
#4208 = ORIENTED_EDGE( '', *, *, #4847, .T. );
#4209 = ORIENTED_EDGE( '', *, *, #4925, .F. );
#4210 = CARTESIAN_POINT( '', ( -2.00039576577539E-017, 0.000000000000000, 0.200000000000000 ) );
#4211 = DIRECTION( '', ( -1.03636972369937E-016, 0.000000000000000, 1.00000000000000 ) );
#4212 = DIRECTION( '', ( 1.00000000000000, 0.000000000000000, 1.03636972369937E-016 ) );
#4213 = SURFACE_STYLE_FILL_AREA( #5568 );
#4214 = ORIENTED_EDGE( '', *, *, #5173, .T. );
#4215 = ORIENTED_EDGE( '', *, *, #5077, .F. );
#4216 = ORIENTED_EDGE( '', *, *, #5079, .F. );
#4217 = ORIENTED_EDGE( '', *, *, #4892, .F. );
#4218 = ORIENTED_EDGE( '', *, *, #4991, .T. );
#4219 = ORIENTED_EDGE( '', *, *, #5188, .T. );
#4220 = ORIENTED_EDGE( '', *, *, #5569, .F. );
#4221 = ORIENTED_EDGE( '', *, *, #5214, .F. );
#4222 = CARTESIAN_POINT( '', ( 0.392387972079192, 0.180944082787750, 9.74000000000000 ) );
#4223 = CARTESIAN_POINT( '', ( 0.393159676259256, 0.200236687289357, 9.74000000000000 ) );
#4224 = CARTESIAN_POINT( '', ( 0.393159676259257, 0.212583954170386, 9.74000000000000 ) );
#4225 = CARTESIAN_POINT( '', ( 0.393159676259256, 0.276635401115724, 9.74000000000000 ) );
#4226 = CARTESIAN_POINT( '', ( 0.380040705198163, 0.317535722659132, 9.74000000000000 ) );
#4227 = CARTESIAN_POINT( '', ( 0.353031058895912, 0.342230256421190, 9.74000000000000 ) );
#4228 = CARTESIAN_POINT( '', ( 0.317518598195265, 0.374698791918925, 9.74000000000000 ) );
#4229 = CARTESIAN_POINT( '', ( 0.261969965648325, 0.390075915585177, 9.74000000000000 ) );
#4230 = CARTESIAN_POINT( '', ( 0.190201476902343, 0.390847619765242, 9.74000000000000 ) );
#4231 = CARTESIAN_POINT( '', ( 0.123850886786550, 0.391561066970788, 9.74000000000000 ) );
#4232 = CARTESIAN_POINT( '', ( 0.0744458498926973, 0.378500352884213, 9.74000000000000 ) );
#4233 = CARTESIAN_POINT( '', ( 0.0420342743299962, 0.355349227482283, 9.74000000000000 ) );
#4234 = CARTESIAN_POINT( '', ( 0.00976869685541479, 0.332302386429012, 9.74000000000000 ) );
#4235 = CARTESIAN_POINT( '', ( -0.0135284266346346, 0.289754372176817, 9.74000000000000 ) );
#4236 = CARTESIAN_POINT( '', ( -0.0289625102359199, 0.229561446131801, 9.74000000000000 ) );
#4237 = DIRECTION( '', ( -2.19030741916264E-017, -2.19030741916264E-017, 1.00000000000000 ) );
#4238 = SURFACE_STYLE_FILL_AREA( #5570 );
#4239 = ORIENTED_EDGE( '', *, *, #4878, .F. );
#4240 = CARTESIAN_POINT( '', ( -3.50000000000000, -3.50000000000000, -0.0500000000000000 ) );
#4241 = DIRECTION( '', ( 0.000000000000000, 0.000000000000000, 1.00000000000000 ) );
#4242 = DIRECTION( '', ( 1.00000000000000, 0.000000000000000, 0.000000000000000 ) );
#4243 = SURFACE_STYLE_FILL_AREA( #5571 );
#4244 = ORIENTED_EDGE( '', *, *, #5572, .F. );
#4245 = ORIENTED_EDGE( '', *, *, #5470, .F. );
#4246 = ORIENTED_EDGE( '', *, *, #4920, .T. );
#4247 = ORIENTED_EDGE( '', *, *, #5502, .T. );
#4248 = CARTESIAN_POINT( '', ( 2.24756482095379, 0.643966590826336, 9.74000000000000 ) );
#4249 = DIRECTION( '', ( -3.81778618255199E-015, 1.00000000000000, 2.19030741916262E-017 ) );
#4250 = DIRECTION( '', ( -1.00000000000000, -3.81778618255199E-015, 0.000000000000000 ) );
#4251 = SURFACE_STYLE_FILL_AREA( #5573 );
#4252 = ORIENTED_EDGE( '', *, *, #5261, .F. );
#4253 = ORIENTED_EDGE( '', *, *, #5352, .F. );
#4254 = ORIENTED_EDGE( '', *, *, #5339, .F. );
#4255 = ORIENTED_EDGE( '', *, *, #5574, .F. );
#4256 = ORIENTED_EDGE( '', *, *, #5320, .F. );
#4257 = ORIENTED_EDGE( '', *, *, #5210, .F. );
#4258 = ORIENTED_EDGE( '', *, *, #5270, .F. );
#4259 = ORIENTED_EDGE( '', *, *, #5015, .F. );
#4260 = ORIENTED_EDGE( '', *, *, #5534, .F. );
#4261 = ORIENTED_EDGE( '', *, *, #5344, .F. );
#4262 = ORIENTED_EDGE( '', *, *, #5562, .F. );
#4263 = ORIENTED_EDGE( '', *, *, #5282, .F. );
#4264 = CARTESIAN_POINT( '', ( 1.36396353478016, -0.352303505636687, 9.74000000000000 ) );
#4265 = DIRECTION( '', ( 0.000000000000000, 0.000000000000000, 1.00000000000000 ) );
#4266 = DIRECTION( '', ( 1.00000000000000, 0.000000000000000, 0.000000000000000 ) );
#4267 = SURFACE_STYLE_FILL_AREA( #5575 );
#4268 = ORIENTED_EDGE( '', *, *, #5576, .F. );
#4269 = ORIENTED_EDGE( '', *, *, #4853, .F. );
#4270 = ORIENTED_EDGE( '', *, *, #5330, .T. );
#4271 = ORIENTED_EDGE( '', *, *, #5167, .T. );
#4272 = CARTESIAN_POINT( '', ( 2.43951839509358, 2.51022907321225, 9.74200000000000 ) );
#4273 = DIRECTION( '', ( -0.707106781186556, -0.707106781186539, -3.09756245794625E-017 ) );
#4274 = DIRECTION( '', ( 0.707106781186539, -0.707106781186556, 0.000000000000000 ) );
#4275 = SURFACE_STYLE_FILL_AREA( #5577 );
#4276 = ORIENTED_EDGE( '', *, *, #5578, .T. );
#4277 = ORIENTED_EDGE( '', *, *, #4829, .T. );
#4278 = ORIENTED_EDGE( '', *, *, #5519, .T. );
#4279 = CARTESIAN_POINT( '', ( 5.00000000000000, 0.000000000000000, 9.75000000000000 ) );
#4280 = DIRECTION( '', ( 4.38061483832527E-017, 0.000000000000000, -1.00000000000000 ) );
#4281 = DIRECTION( '', ( -1.00000000000000, 0.000000000000000, -4.38061483832527E-017 ) );
#4282 = SURFACE_STYLE_FILL_AREA( #5579 );
#4283 = ORIENTED_EDGE( '', *, *, #5580, .F. );
#4284 = ORIENTED_EDGE( '', *, *, #5531, .F. );
#4285 = ORIENTED_EDGE( '', *, *, #5581, .T. );
#4286 = ORIENTED_EDGE( '', *, *, #5484, .T. );
#4287 = CARTESIAN_POINT( '', ( -0.936780683726534, 3.52179173964186, 9.74000000000000 ) );
#4288 = DIRECTION( '', ( -0.998882737529132, -0.0472575567111548, -2.29136884795948E-017 ) );
#4289 = DIRECTION( '', ( 0.0472575567111548, -0.998882737529131, 0.000000000000000 ) );
#4290 = SURFACE_STYLE_FILL_AREA( #5582 );
#4291 = ORIENTED_EDGE( '', *, *, #5434, .T. );
#4292 = ORIENTED_EDGE( '', *, *, #5042, .F. );
#4293 = ORIENTED_EDGE( '', *, *, #5323, .F. );
#4294 = ORIENTED_EDGE( '', *, *, #5140, .T. );
#4295 = ORIENTED_EDGE( '', *, *, #4993, .T. );
#4296 = ORIENTED_EDGE( '', *, *, #5294, .F. );
#4297 = ORIENTED_EDGE( '', *, *, #5049, .T. );
#4298 = ORIENTED_EDGE( '', *, *, #5583, .T. );
#4299 = ORIENTED_EDGE( '', *, *, #5369, .F. );
#4300 = ORIENTED_EDGE( '', *, *, #5093, .F. );
#4301 = ORIENTED_EDGE( '', *, *, #5584, .T. );
#4302 = ORIENTED_EDGE( '', *, *, #5585, .T. );
#4303 = ORIENTED_EDGE( '', *, *, #5586, .F. );
#4304 = ORIENTED_EDGE( '', *, *, #5297, .F. );
#4305 = ORIENTED_EDGE( '', *, *, #4962, .F. );
#4306 = ORIENTED_EDGE( '', *, *, #4959, .T. );
#4307 = ORIENTED_EDGE( '', *, *, #5587, .F. );
#4308 = CARTESIAN_POINT( '', ( 2.75000000000000, -3.36777869765522E-016, 0.700000000000000 ) );
#4309 = DIRECTION( '', ( -1.03636972369937E-016, -0.000000000000000, 1.00000000000000 ) );
#4310 = DIRECTION( '', ( -1.00000000000000, 0.000000000000000, -1.03636972369937E-016 ) );
#4311 = SURFACE_STYLE_FILL_AREA( #5588 );
#4312 = ORIENTED_EDGE( '', *, *, #5589, .T. );
#4313 = ORIENTED_EDGE( '', *, *, #5454, .F. );
#4314 = ORIENTED_EDGE( '', *, *, #5287, .F. );
#4315 = ORIENTED_EDGE( '', *, *, #4947, .T. );
#4316 = CARTESIAN_POINT( '', ( 1.20674051077522, 1.75634749060501, 9.74000000000000 ) );
#4317 = DIRECTION( '', ( 0.860646621654615, -0.509202702893943, 7.69770222681090E-018 ) );
#4318 = DIRECTION( '', ( 0.509202702893943, 0.860646621654615, 4.27308312445690E-033 ) );
#4319 = SURFACE_STYLE_FILL_AREA( #5590 );
#4320 = ORIENTED_EDGE( '', *, *, #4917, .F. );
#4321 = ORIENTED_EDGE( '', *, *, #5591, .F. );
#4322 = ORIENTED_EDGE( '', *, *, #5492, .F. );
#4323 = ORIENTED_EDGE( '', *, *, #5278, .F. );
#4324 = ORIENTED_EDGE( '', *, *, #5153, .F. );
#4325 = ORIENTED_EDGE( '', *, *, #5592, .F. );
#4326 = ORIENTED_EDGE( '', *, *, #5444, .F. );
#4327 = CARTESIAN_POINT( '', ( 3.13278282961971, 0.323184268539892, 9.74000000000000 ) );
#4328 = DIRECTION( '', ( 0.000000000000000, 0.000000000000000, 1.00000000000000 ) );
#4329 = DIRECTION( '', ( 1.00000000000000, 0.000000000000000, 0.000000000000000 ) );
#4330 = SURFACE_STYLE_FILL_AREA( #5593 );
#4331 = ORIENTED_EDGE( '', *, *, #4822, .F. );
#4332 = ORIENTED_EDGE( '', *, *, #5230, .T. );
#4333 = CARTESIAN_POINT( '', ( 3.50000000000000, -3.50000000000000, -0.0500000000000000 ) );
#4334 = DIRECTION( '', ( -0.000000000000000, -0.000000000000000, -1.00000000000000 ) );
#4335 = DIRECTION( '', ( 1.00000000000000, 0.000000000000000, 0.000000000000000 ) );
#4336 = SURFACE_STYLE_FILL_AREA( #5594 );
#4337 = ORIENTED_EDGE( '', *, *, #5224, .F. );
#4338 = ORIENTED_EDGE( '', *, *, #5055, .F. );
#4339 = ORIENTED_EDGE( '', *, *, #5467, .T. );
#4340 = ORIENTED_EDGE( '', *, *, #5595, .T. );
#4341 = CARTESIAN_POINT( '', ( 0.650000000000000, -5.15000000000000, 0.300000000000000 ) );
#4342 = DIRECTION( '', ( -1.00000000000000, -1.97127667724637E-016, 0.000000000000000 ) );
#4343 = DIRECTION( '', ( 1.97127667724637E-016, -1.00000000000000, 0.000000000000000 ) );
#4344 = SURFACE_STYLE_FILL_AREA( #5596 );
#4345 = ORIENTED_EDGE( '', *, *, #5597, .F. );
#4346 = ORIENTED_EDGE( '', *, *, #5544, .F. );
#4347 = ORIENTED_EDGE( '', *, *, #5598, .T. );
#4348 = ORIENTED_EDGE( '', *, *, #5219, .T. );
#4349 = CARTESIAN_POINT( '', ( -0.173185625707924, 1.75634749060501, 9.74000000000000 ) );
#4350 = DIRECTION( '', ( -1.11022302462516E-016, 1.00000000000000, 2.19030741916264E-017 ) );
#4351 = DIRECTION( '', ( -1.00000000000000, -1.11022302462516E-016, 0.000000000000000 ) );
#4352 = SURFACE_STYLE_FILL_AREA( #5599 );
#4353 = ORIENTED_EDGE( '', *, *, #5465, .F. );
#4354 = ORIENTED_EDGE( '', *, *, #4876, .T. );
#4355 = CARTESIAN_POINT( '', ( 5.57214293612046E-016, -2.40000000000000, 0.600000000000000 ) );
#4356 = DIRECTION( '', ( -0.000000000000000, -0.000000000000000, 1.00000000000000 ) );
#4357 = DIRECTION( '', ( -1.00000000000000, 0.000000000000000, 0.000000000000000 ) );
#4358 = SURFACE_STYLE_FILL_AREA( #5600 );
#4359 = ORIENTED_EDGE( '', *, *, #4952, .F. );
#4360 = ORIENTED_EDGE( '', *, *, #4824, .T. );
#4361 = ORIENTED_EDGE( '', *, *, #4904, .F. );
#4362 = ORIENTED_EDGE( '', *, *, #5134, .F. );
#4363 = ORIENTED_EDGE( '', *, *, #5601, .F. );
#4364 = ORIENTED_EDGE( '', *, *, #4983, .F. );
#4365 = CARTESIAN_POINT( '', ( 0.000000000000000, 0.000000000000000, 1.90000000000000 ) );
#4366 = DIRECTION( '', ( 0.000000000000000, 0.000000000000000, 1.00000000000000 ) );
#4367 = DIRECTION( '', ( 1.00000000000000, 0.000000000000000, 0.000000000000000 ) );
#4368 = SURFACE_STYLE_FILL_AREA( #5602 );
#4369 = ORIENTED_EDGE( '', *, *, #4976, .F. );
#4370 = ORIENTED_EDGE( '', *, *, #5089, .F. );
#4371 = ORIENTED_EDGE( '', *, *, #5064, .T. );
#4372 = ORIENTED_EDGE( '', *, *, #5603, .F. );
#4373 = CARTESIAN_POINT( '', ( -4.26759497549648E-016, 0.000000000000000, 9.74200000000000 ) );
#4374 = DIRECTION( '', ( 4.38061483832527E-017, 0.000000000000000, -1.00000000000000 ) );
#4375 = DIRECTION( '', ( -1.00000000000000, 0.000000000000000, -4.38061483832527E-017 ) );
#4376 = SURFACE_STYLE_FILL_AREA( #5604 );
#4377 = ORIENTED_EDGE( '', *, *, #5605, .F. );
#4378 = ORIENTED_EDGE( '', *, *, #5364, .F. );
#4379 = ORIENTED_EDGE( '', *, *, #5326, .T. );
#4380 = ORIENTED_EDGE( '', *, *, #5425, .T. );
#4381 = CARTESIAN_POINT( '', ( 1.20422076950684, 0.461844404331158, 9.74000000000000 ) );
#4382 = DIRECTION( '', ( -0.935875921829132, 0.352329758806253, -1.27814549029290E-017 ) );
#4383 = DIRECTION( '', ( -0.352329758806253, -0.935875921829132, 0.000000000000000 ) );
#4384 = SURFACE_STYLE_FILL_AREA( #5606 );
#4385 = ORIENTED_EDGE( '', *, *, #5441, .F. );
#4386 = ORIENTED_EDGE( '', *, *, #5410, .F. );
#4387 = CARTESIAN_POINT( '', ( -6.58006443789345E-017, 0.000000000000000, 1.50208696284493 ) );
#4388 = DIRECTION( '', ( 4.38061483832527E-017, 0.000000000000000, -1.00000000000000 ) );
#4389 = DIRECTION( '', ( -1.00000000000000, 0.000000000000000, -4.38061483832527E-017 ) );
#4390 = SURFACE_STYLE_FILL_AREA( #5607 );
#4391 = ORIENTED_EDGE( '', *, *, #4881, .T. );
#4392 = ORIENTED_EDGE( '', *, *, #5312, .T. );
#4393 = ORIENTED_EDGE( '', *, *, #5248, .T. );
#4394 = ORIENTED_EDGE( '', *, *, #5373, .T. );
#4395 = CARTESIAN_POINT( '', ( 5.00000000000000, 0.000000000000000, 9.75000000000000 ) );
#4396 = DIRECTION( '', ( 4.38061483832527E-017, 0.000000000000000, -1.00000000000000 ) );
#4397 = DIRECTION( '', ( -1.00000000000000, 0.000000000000000, -4.38061483832527E-017 ) );
#4398 = SURFACE_STYLE_FILL_AREA( #5608 );
#4399 = ORIENTED_EDGE( '', *, *, #5370, .T. );
#4400 = ORIENTED_EDGE( '', *, *, #5583, .F. );
#4401 = ORIENTED_EDGE( '', *, *, #5051, .F. );
#4402 = ORIENTED_EDGE( '', *, *, #4934, .T. );
#4403 = CARTESIAN_POINT( '', ( -2.00039576577539E-017, 0.000000000000000, 0.200000000000000 ) );
#4404 = DIRECTION( '', ( -1.03636972369937E-016, 0.000000000000000, 1.00000000000000 ) );
#4405 = DIRECTION( '', ( 1.00000000000000, 0.000000000000000, 1.03636972369937E-016 ) );
#4406 = SURFACE_STYLE_FILL_AREA( #5609 );
#4407 = ORIENTED_EDGE( '', *, *, #5516, .F. );
#4408 = ORIENTED_EDGE( '', *, *, #5231, .T. );
#4409 = CARTESIAN_POINT( '', ( -3.50000000000000, 3.50000000000000, -0.0500000000000000 ) );
#4410 = DIRECTION( '', ( -0.000000000000000, -0.000000000000000, -1.00000000000000 ) );
#4411 = DIRECTION( '', ( 1.00000000000000, 0.000000000000000, 0.000000000000000 ) );
#4412 = SURFACE_STYLE_FILL_AREA( #5610 );
#4413 = ORIENTED_EDGE( '', *, *, #5611, .T. );
#4414 = ORIENTED_EDGE( '', *, *, #5120, .F. );
#4415 = ORIENTED_EDGE( '', *, *, #5289, .F. );
#4416 = ORIENTED_EDGE( '', *, *, #5273, .T. );
#4417 = CARTESIAN_POINT( '', ( 0.862012031049987, 2.43869156975021, 9.74000000000000 ) );
#4418 = DIRECTION( '', ( 2.77555756156289E-016, -1.00000000000000, -2.19030741916264E-017 ) );
#4419 = DIRECTION( '', ( 1.00000000000000, 2.77555756156289E-016, 0.000000000000000 ) );
#4420 = SURFACE_STYLE_FILL_AREA( #5612 );
#4421 = ORIENTED_EDGE( '', *, *, #5376, .F. );
#4422 = ORIENTED_EDGE( '', *, *, #5068, .F. );
#4423 = CARTESIAN_POINT( '', ( -8.90358690733714E-016, 0.000000000000000, 9.74000000000000 ) );
#4424 = DIRECTION( '', ( 0.000000000000000, 0.000000000000000, -1.00000000000000 ) );
#4425 = DIRECTION( '', ( -1.00000000000000, 0.000000000000000, 0.000000000000000 ) );
#4426 = SURFACE_STYLE_FILL_AREA( #5613 );
#4427 = ORIENTED_EDGE( '', *, *, #5429, .F. );
#4428 = ORIENTED_EDGE( '', *, *, #5496, .F. );
#4429 = ORIENTED_EDGE( '', *, *, #5448, .F. );
#4430 = ORIENTED_EDGE( '', *, *, #5220, .F. );
#4431 = ORIENTED_EDGE( '', *, *, #5598, .F. );
#4432 = ORIENTED_EDGE( '', *, *, #5543, .F. );
#4433 = ORIENTED_EDGE( '', *, *, #4967, .F. );
#4434 = ORIENTED_EDGE( '', *, *, #5547, .F. );
#4435 = ORIENTED_EDGE( '', *, *, #5107, .F. );
#4436 = ORIENTED_EDGE( '', *, *, #5257, .F. );
#4437 = ORIENTED_EDGE( '', *, *, #5485, .F. );
#4438 = ORIENTED_EDGE( '', *, *, #5581, .F. );
#4439 = ORIENTED_EDGE( '', *, *, #5530, .F. );
#4440 = CARTESIAN_POINT( '', ( -2.13335942626441E-016, -2.13335942626441E-016, 9.74000000000000 ) );
#4441 = DIRECTION( '', ( 2.19030741916264E-017, 2.19030741916264E-017, -1.00000000000000 ) );
#4442 = DIRECTION( '', ( 0.000000000000000, 1.00000000000000, 2.19030741916264E-017 ) );
#4443 = SURFACE_STYLE_FILL_AREA( #5614 );
#4444 = ORIENTED_EDGE( '', *, *, #5615, .F. );
#4445 = ORIENTED_EDGE( '', *, *, #4977, .T. );
#4446 = ORIENTED_EDGE( '', *, *, #5603, .T. );
#4447 = ORIENTED_EDGE( '', *, *, #5063, .F. );
#4448 = CARTESIAN_POINT( '', ( -0.0707106781186618, 5.64279456466298E-015, 9.74200000000000 ) );
#4449 = DIRECTION( '', ( 0.707106781186547, 0.707106781186548, 3.09756245794621E-017 ) );
#4450 = DIRECTION( '', ( -0.707106781186548, 0.707106781186547, 0.000000000000000 ) );
#4451 = SURFACE_STYLE_FILL_AREA( #5616 );
#4452 = ORIENTED_EDGE( '', *, *, #5617, .F. );
#4453 = ORIENTED_EDGE( '', *, *, #5146, .F. );
#4454 = ORIENTED_EDGE( '', *, *, #5205, .T. );
#4455 = ORIENTED_EDGE( '', *, *, #5418, .T. );
#4456 = CARTESIAN_POINT( '', ( 2.24756482095379, 0.488854050633410, 9.74000000000000 ) );
#4457 = DIRECTION( '', ( -1.00000000000000, 0.000000000000000, -2.19030741916264E-017 ) );
#4458 = DIRECTION( '', ( -2.19030741916264E-017, 0.000000000000000, 1.00000000000000 ) );
#4459 = SURFACE_STYLE_FILL_AREA( #5618 );
#4460 = ORIENTED_EDGE( '', *, *, #5125, .T. );
#4461 = ORIENTED_EDGE( '', *, *, #5407, .F. );
#4462 = ORIENTED_EDGE( '', *, *, #5023, .F. );
#4463 = ORIENTED_EDGE( '', *, *, #4832, .F. );
#4464 = ORIENTED_EDGE( '', *, *, #4986, .T. );
#4465 = ORIENTED_EDGE( '', *, *, #4830, .T. );
#4466 = ORIENTED_EDGE( '', *, *, #5578, .F. );
#4467 = ORIENTED_EDGE( '', *, *, #5518, .F. );
#4468 = CARTESIAN_POINT( '', ( 0.00113395278658786, -0.222657203385884, 9.74000000000000 ) );
#4469 = CARTESIAN_POINT( '', ( 0.0297334729569613, -0.248164883537838, 9.74000000000000 ) );
#4470 = CARTESIAN_POINT( '', ( 0.0721307373525043, -0.260470708209035, 9.74000000000000 ) );
#4471 = CARTESIAN_POINT( '', ( 0.183256139281765, -0.260470708209035, 9.74000000000000 ) );
#4472 = CARTESIAN_POINT( '', ( 0.231873502625816, -0.248123441328006, 9.74000000000000 ) );
#4473 = CARTESIAN_POINT( '', ( 0.275088936709417, -0.224200611746013, 9.74000000000000 ) );
#4474 = CARTESIAN_POINT( '', ( 0.317713678992023, -0.200604772268142, 9.74000000000000 ) );
#4475 = CARTESIAN_POINT( '', ( 0.349172537995591, -0.167094502421254, 9.74000000000000 ) );
#4476 = CARTESIAN_POINT( '', ( 0.369236846677263, -0.125422476697781, 9.74000000000000 ) );
#4477 = CARTESIAN_POINT( '', ( 0.384508511470051, -0.0937044036666079, 9.74000000000000 ) );
#4478 = CARTESIAN_POINT( '', ( 0.392387972079192, -0.0459369461511569, 9.74000000000000 ) );
#4479 = CARTESIAN_POINT( '', ( 0.392387972079192, 0.0173427966141165, 9.74000000000000 ) );
#4480 = CARTESIAN_POINT( '', ( 0.392387972079192, 0.0345775233022191, 9.74000000000000 ) );
#4481 = CARTESIAN_POINT( '', ( 0.392902441532569, 0.0518122499903221, 9.74000000000000 ) );
#4482 = CARTESIAN_POINT( '', ( 0.393159676259257, 0.0690469766784248, 9.74000000000000 ) );
#4483 = DIRECTION( '', ( -2.19030741916264E-017, -2.19030741916264E-017, 1.00000000000000 ) );
#4484 = SURFACE_STYLE_FILL_AREA( #5619 );
#4485 = ORIENTED_EDGE( '', *, *, #4915, .T. );
#4486 = ORIENTED_EDGE( '', *, *, #5443, .T. );
#4487 = ORIENTED_EDGE( '', *, *, #5620, .T. );
#4488 = ORIENTED_EDGE( '', *, *, #5151, .T. );
#4489 = ORIENTED_EDGE( '', *, *, #5277, .T. );
#4490 = ORIENTED_EDGE( '', *, *, #5491, .T. );
#4491 = ORIENTED_EDGE( '', *, *, #5621, .T. );
#4492 = ORIENTED_EDGE( '', *, *, #5572, .T. );
#4493 = ORIENTED_EDGE( '', *, *, #5501, .T. );
#4494 = ORIENTED_EDGE( '', *, *, #5037, .T. );
#4495 = ORIENTED_EDGE( '', *, *, #5469, .T. );
#4496 = ORIENTED_EDGE( '', *, *, #5159, .T. );
#4497 = ORIENTED_EDGE( '', *, *, #5200, .T. );
#4498 = ORIENTED_EDGE( '', *, *, #5308, .T. );
#4499 = ORIENTED_EDGE( '', *, *, #5018, .T. );
#4500 = ORIENTED_EDGE( '', *, *, #5363, .T. );
#4501 = ORIENTED_EDGE( '', *, *, #5605, .T. );
#4502 = ORIENTED_EDGE( '', *, *, #5424, .T. );
#4503 = ORIENTED_EDGE( '', *, *, #5427, .T. );
#4504 = ORIENTED_EDGE( '', *, *, #5529, .T. );
#4505 = ORIENTED_EDGE( '', *, *, #5580, .T. );
#4506 = ORIENTED_EDGE( '', *, *, #5483, .T. );
#4507 = ORIENTED_EDGE( '', *, *, #5255, .T. );
#4508 = ORIENTED_EDGE( '', *, *, #5105, .T. );
#4509 = ORIENTED_EDGE( '', *, *, #5546, .T. );
#4510 = ORIENTED_EDGE( '', *, *, #4965, .T. );
#4511 = ORIENTED_EDGE( '', *, *, #5542, .T. );
#4512 = ORIENTED_EDGE( '', *, *, #5597, .T. );
#4513 = ORIENTED_EDGE( '', *, *, #5218, .T. );
#4514 = ORIENTED_EDGE( '', *, *, #5447, .T. );
#4515 = ORIENTED_EDGE( '', *, *, #5495, .T. );
#4516 = ORIENTED_EDGE( '', *, *, #5505, .F. );
#4517 = ORIENTED_EDGE( '', *, *, #5622, .F. );
#4518 = ORIENTED_EDGE( '', *, *, #5555, .F. );
#4519 = ORIENTED_EDGE( '', *, *, #5513, .F. );
#4520 = ORIENTED_EDGE( '', *, *, #5176, .F. );
#4521 = ORIENTED_EDGE( '', *, *, #5383, .F. );
#4522 = ORIENTED_EDGE( '', *, *, #5117, .F. );
#4523 = ORIENTED_EDGE( '', *, *, #5611, .F. );
#4524 = ORIENTED_EDGE( '', *, *, #5272, .F. );
#4525 = ORIENTED_EDGE( '', *, *, #5453, .F. );
#4526 = ORIENTED_EDGE( '', *, *, #5589, .F. );
#4527 = ORIENTED_EDGE( '', *, *, #4946, .F. );
#4528 = ORIENTED_EDGE( '', *, *, #4897, .T. );
#4529 = ORIENTED_EDGE( '', *, *, #5213, .T. );
#4530 = ORIENTED_EDGE( '', *, *, #5569, .T. );
#4531 = ORIENTED_EDGE( '', *, *, #5187, .T. );
#4532 = ORIENTED_EDGE( '', *, *, #5332, .T. );
#4533 = ORIENTED_EDGE( '', *, *, #4850, .T. );
#4534 = ORIENTED_EDGE( '', *, *, #5576, .T. );
#4535 = ORIENTED_EDGE( '', *, *, #5166, .T. );
#4536 = ORIENTED_EDGE( '', *, *, #5333, .T. );
#4537 = ORIENTED_EDGE( '', *, *, #5085, .T. );
#4538 = ORIENTED_EDGE( '', *, *, #5240, .T. );
#4539 = ORIENTED_EDGE( '', *, *, #4889, .T. );
#4540 = ORIENTED_EDGE( '', *, *, #5456, .T. );
#4541 = ORIENTED_EDGE( '', *, *, #5623, .T. );
#4542 = ORIENTED_EDGE( '', *, *, #4980, .T. );
#4543 = ORIENTED_EDGE( '', *, *, #4885, .T. );
#4544 = ORIENTED_EDGE( '', *, *, #5508, .T. );
#4545 = ORIENTED_EDGE( '', *, *, #5070, .T. );
#4546 = ORIENTED_EDGE( '', *, *, #5378, .T. );
#4547 = ORIENTED_EDGE( '', *, *, #5066, .T. );
#4548 = ORIENTED_EDGE( '', *, *, #5090, .T. );
#4549 = ORIENTED_EDGE( '', *, *, #4974, .T. );
#4550 = ORIENTED_EDGE( '', *, *, #5169, .T. );
#4551 = ORIENTED_EDGE( '', *, *, #5250, .T. );
#4552 = ORIENTED_EDGE( '', *, *, #5245, .T. );
#4553 = ORIENTED_EDGE( '', *, *, #5259, .T. );
#4554 = ORIENTED_EDGE( '', *, *, #5281, .T. );
#4555 = ORIENTED_EDGE( '', *, *, #5561, .T. );
#4556 = ORIENTED_EDGE( '', *, *, #5342, .T. );
#4557 = ORIENTED_EDGE( '', *, *, #5533, .T. );
#4558 = ORIENTED_EDGE( '', *, *, #5013, .T. );
#4559 = ORIENTED_EDGE( '', *, *, #5269, .T. );
#4560 = ORIENTED_EDGE( '', *, *, #5208, .T. );
#4561 = ORIENTED_EDGE( '', *, *, #5319, .T. );
#4562 = ORIENTED_EDGE( '', *, *, #5624, .T. );
#4563 = ORIENTED_EDGE( '', *, *, #5337, .T. );
#4564 = ORIENTED_EDGE( '', *, *, #5351, .T. );
#4565 = ORIENTED_EDGE( '', *, *, #5417, .T. );
#4566 = ORIENTED_EDGE( '', *, *, #5380, .T. );
#4567 = ORIENTED_EDGE( '', *, *, #5143, .T. );
#4568 = ORIENTED_EDGE( '', *, *, #5617, .T. );
#4569 = ORIENTED_EDGE( '', *, *, #5264, .T. );
#4570 = ORIENTED_EDGE( '', *, *, #5474, .T. );
#4571 = ORIENTED_EDGE( '', *, *, #5526, .T. );
#4572 = ORIENTED_EDGE( '', *, *, #5487, .T. );
#4573 = ORIENTED_EDGE( '', *, *, #5436, .T. );
#4574 = ORIENTED_EDGE( '', *, *, #5460, .T. );
#4575 = CARTESIAN_POINT( '', ( 5.00000000000000, 0.000000000000000, 9.75000000000000 ) );
#4576 = DIRECTION( '', ( 4.38061483832527E-017, 0.000000000000000, -1.00000000000000 ) );
#4577 = DIRECTION( '', ( -1.00000000000000, 0.000000000000000, -4.38061483832527E-017 ) );
#4578 = SURFACE_STYLE_FILL_AREA( #5625 );
#4579 = ORIENTED_EDGE( '', *, *, #5225, .F. );
#4580 = ORIENTED_EDGE( '', *, *, #5595, .F. );
#4581 = ORIENTED_EDGE( '', *, *, #5466, .T. );
#4582 = ORIENTED_EDGE( '', *, *, #5028, .T. );
#4583 = CARTESIAN_POINT( '', ( 5.57214293612046E-016, -2.40000000000000, 0.300000000000000 ) );
#4584 = DIRECTION( '', ( -0.000000000000000, -0.000000000000000, 1.00000000000000 ) );
#4585 = DIRECTION( '', ( -1.00000000000000, 0.000000000000000, 0.000000000000000 ) );
#4586 = SURFACE_STYLE_FILL_AREA( #5626 );
#4587 = ORIENTED_EDGE( '', *, *, #5627, .F. );
#4588 = ORIENTED_EDGE( '', *, *, #5481, .F. );
#4589 = ORIENTED_EDGE( '', *, *, #5628, .T. );
#4590 = ORIENTED_EDGE( '', *, *, #4971, .T. );
#4591 = CARTESIAN_POINT( '', ( -1.25365704399798, 0.806796172819904, 9.74000000000000 ) );
#4592 = CARTESIAN_POINT( '', ( -1.16182424657033, 0.533355658350450, 9.74000000000000 ) );
#4593 = CARTESIAN_POINT( '', ( -1.06999144914267, 0.259915143880997, 9.74000000000000 ) );
#4594 = CARTESIAN_POINT( '', ( -0.978158651715020, -0.0135253705884563, 9.74000000000000 ) );
#4595 = CARTESIAN_POINT( '', ( -0.952287282242685, -0.0905597284290493, 9.74000000000000 ) );
#4596 = CARTESIAN_POINT( '', ( -0.934171513451354, -0.147801897919646, 9.74000000000000 ) );
#4597 = CARTESIAN_POINT( '', ( -0.922595950750390, -0.185615402742797, 9.74000000000000 ) );
#4598 = DIRECTION( '', ( -2.19030741916264E-017, -2.19030741916264E-017, 1.00000000000000 ) );
#4599 = SURFACE_STYLE_FILL_AREA( #5629 );
#4600 = ORIENTED_EDGE( '', *, *, #5298, .T. );
#4601 = ORIENTED_EDGE( '', *, *, #5586, .T. );
#4602 = ORIENTED_EDGE( '', *, *, #5630, .F. );
#4603 = ORIENTED_EDGE( '', *, *, #4929, .F. );
#4604 = CARTESIAN_POINT( '', ( -2.00039576577539E-017, 0.000000000000000, 0.200000000000000 ) );
#4605 = DIRECTION( '', ( 1.00019788288769E-016, -0.000000000000000, -1.00000000000000 ) );
#4606 = DIRECTION( '', ( 1.00000000000000, 0.000000000000000, 1.00019788288769E-016 ) );
#4607 = SURFACE_STYLE_FILL_AREA( #5631 );
#4608 = ORIENTED_EDGE( '', *, *, #5621, .F. );
#4609 = ORIENTED_EDGE( '', *, *, #5493, .F. );
#4610 = ORIENTED_EDGE( '', *, *, #5591, .T. );
#4611 = ORIENTED_EDGE( '', *, *, #4916, .T. );
#4612 = CARTESIAN_POINT( '', ( 3.00383491741681, -0.352303505636687, 9.74000000000000 ) );
#4613 = CARTESIAN_POINT( '', ( 3.00383491741681, -0.181499647115786, 9.74000000000000 ) );
#4614 = CARTESIAN_POINT( '', ( 3.00383491741681, -0.0106957885948865, 9.74000000000000 ) );
#4615 = CARTESIAN_POINT( '', ( 3.00383491741681, 0.160108069926014, 9.74000000000000 ) );
#4616 = CARTESIAN_POINT( '', ( 3.00383491741681, 0.217985883430837, 9.74000000000000 ) );
#4617 = CARTESIAN_POINT( '', ( 2.99843298815636, 0.261201317514438, 9.74000000000000 ) );
#4618 = CARTESIAN_POINT( '', ( 2.98762912963547, 0.290526076356882, 9.74000000000000 ) );
#4619 = CARTESIAN_POINT( '', ( 2.97698337636121, 0.319421692386998, 9.74000000000000 ) );
#4620 = CARTESIAN_POINT( '', ( 2.95676096243289, 0.342230256421191, 9.74000000000000 ) );
#4621 = CARTESIAN_POINT( '', ( 2.89965485310813, 0.376185240344020, 9.74000000000000 ) );
#4622 = CARTESIAN_POINT( '', ( 2.86647157336536, 0.384673986324728, 9.74000000000000 ) );
#4623 = CARTESIAN_POINT( '', ( 2.82788636436215, 0.385445690504792, 9.74000000000000 ) );
#4624 = CARTESIAN_POINT( '', ( 2.76696153815116, 0.386664187029013, 9.74000000000000 ) );
#4625 = CARTESIAN_POINT( '', ( 2.71444584989269, 0.365381381823121, 9.74000000000000 ) );
#4626 = CARTESIAN_POINT( '', ( 2.62647157336537, 0.288210963816689, 9.74000000000000 ) );
#4627 = CARTESIAN_POINT( '', ( 2.60409215214350, 0.214899066710581, 9.74000000000000 ) );
#4628 = CARTESIAN_POINT( '', ( 2.60409215214350, 0.107632185681641, 9.74000000000000 ) );
#4629 = CARTESIAN_POINT( '', ( 2.60409215214350, -0.0456797114244684, 9.74000000000000 ) );
#4630 = CARTESIAN_POINT( '', ( 2.60409215214350, -0.198991608530578, 9.74000000000000 ) );
#4631 = CARTESIAN_POINT( '', ( 2.60409215214350, -0.352303505636687, 9.74000000000000 ) );
#4632 = DIRECTION( '', ( -2.19030741916264E-017, -2.19030741916264E-017, 1.00000000000000 ) );
#4633 = SURFACE_STYLE_FILL_AREA( #5632 );
#4634 = ORIENTED_EDGE( '', *, *, #5127, .T. );
#4635 = ORIENTED_EDGE( '', *, *, #4834, .T. );
#4636 = ORIENTED_EDGE( '', *, *, #5025, .F. );
#4637 = ORIENTED_EDGE( '', *, *, #5408, .F. );
#4638 = CARTESIAN_POINT( '', ( -2.43951839509359, -2.51022907321225, 9.74200000000000 ) );
#4639 = DIRECTION( '', ( -0.707106781186548, 0.707106781186547, -3.09756245794621E-017 ) );
#4640 = DIRECTION( '', ( -0.707106781186547, -0.707106781186548, 0.000000000000000 ) );
#4641 = SURFACE_STYLE_FILL_AREA( #5633 );
#4642 = ORIENTED_EDGE( '', *, *, #5156, .F. );
#4643 = ORIENTED_EDGE( '', *, *, #5266, .F. );
#4644 = ORIENTED_EDGE( '', *, *, #5461, .F. );
#4645 = ORIENTED_EDGE( '', *, *, #5438, .F. );
#4646 = ORIENTED_EDGE( '', *, *, #5489, .F. );
#4647 = ORIENTED_EDGE( '', *, *, #5527, .F. );
#4648 = ORIENTED_EDGE( '', *, *, #5475, .F. );
#4649 = CARTESIAN_POINT( '', ( 4.02566846662133, -0.478090494191370, 9.74000000000000 ) );
#4650 = DIRECTION( '', ( 0.000000000000000, 0.000000000000000, 1.00000000000000 ) );
#4651 = DIRECTION( '', ( 1.00000000000000, 0.000000000000000, 0.000000000000000 ) );
#4652 = SURFACE_STYLE_FILL_AREA( #5634 );
#4653 = ORIENTED_EDGE( '', *, *, #4819, .F. );
#4654 = ORIENTED_EDGE( '', *, *, #5422, .F. );
#4655 = ORIENTED_EDGE( '', *, *, #5565, .F. );
#4656 = ORIENTED_EDGE( '', *, *, #5305, .F. );
#4657 = ORIENTED_EDGE( '', *, *, #5360, .F. );
#4658 = ORIENTED_EDGE( '', *, *, #4999, .F. );
#4659 = ORIENTED_EDGE( '', *, *, #5101, .F. );
#4660 = ORIENTED_EDGE( '', *, *, #5251, .F. );
#4661 = ORIENTED_EDGE( '', *, *, #5170, .F. );
#4662 = ORIENTED_EDGE( '', *, *, #4972, .F. );
#4663 = ORIENTED_EDGE( '', *, *, #5628, .F. );
#4664 = ORIENTED_EDGE( '', *, *, #5480, .F. );
#4665 = ORIENTED_EDGE( '', *, *, #5524, .F. );
#4666 = CARTESIAN_POINT( '', ( -1.08712065396151, 0.310918910610468, 9.74000000000000 ) );
#4667 = DIRECTION( '', ( 0.000000000000000, 0.000000000000000, 1.00000000000000 ) );
#4668 = DIRECTION( '', ( 1.00000000000000, 0.000000000000000, 0.000000000000000 ) );
#4669 = SURFACE_STYLE_FILL_AREA( #5635 );
#4670 = ORIENTED_EDGE( '', *, *, #4866, .F. );
#4671 = ORIENTED_EDGE( '', *, *, #4984, .F. );
#4672 = ORIENTED_EDGE( '', *, *, #5601, .T. );
#4673 = ORIENTED_EDGE( '', *, *, #5133, .T. );
#4674 = CARTESIAN_POINT( '', ( 0.000000000000000, 0.000000000000000, 1.90000000000000 ) );
#4675 = DIRECTION( '', ( -0.000000000000000, -0.000000000000000, 1.00000000000000 ) );
#4676 = DIRECTION( '', ( -1.00000000000000, 0.000000000000000, 0.000000000000000 ) );
#4677 = SURFACE_STYLE_FILL_AREA( #5636 );
#4678 = ORIENTED_EDGE( '', *, *, #5391, .T. );
#4679 = ORIENTED_EDGE( '', *, *, #5103, .T. );
#4680 = ORIENTED_EDGE( '', *, *, #5637, .F. );
#4681 = ORIENTED_EDGE( '', *, *, #5073, .F. );
#4682 = CARTESIAN_POINT( '', ( -2.51022907321226, -2.43951839509357, 9.74200000000000 ) );
#4683 = DIRECTION( '', ( 0.707106781186546, -0.707106781186549, 3.09756245794620E-017 ) );
#4684 = DIRECTION( '', ( 0.707106781186549, 0.707106781186545, 0.000000000000000 ) );
#4685 = SURFACE_STYLE_FILL_AREA( #5638 );
#4686 = ORIENTED_EDGE( '', *, *, #5130, .F. );
#4687 = CARTESIAN_POINT( '', ( 3.50000000000000, 3.50000000000000, -0.0500000000000000 ) );
#4688 = DIRECTION( '', ( 0.000000000000000, 0.000000000000000, 1.00000000000000 ) );
#4689 = DIRECTION( '', ( 1.00000000000000, 0.000000000000000, 0.000000000000000 ) );
#4690 = SURFACE_STYLE_FILL_AREA( #5639 );
#4691 = ORIENTED_EDGE( '', *, *, #5451, .T. );
#4692 = ORIENTED_EDGE( '', *, *, #5216, .F. );
#4693 = CARTESIAN_POINT( '', ( -2.00039576577539E-017, 0.000000000000000, 0.200000000000000 ) );
#4694 = DIRECTION( '', ( -1.03636972369937E-016, 0.000000000000000, 1.00000000000000 ) );
#4695 = DIRECTION( '', ( 1.00000000000000, 0.000000000000000, 1.03636972369937E-016 ) );
#4696 = SURFACE_STYLE_FILL_AREA( #5640 );
#4697 = ORIENTED_EDGE( '', *, *, #5584, .F. );
#4698 = ORIENTED_EDGE( '', *, *, #5092, .F. );
#4699 = ORIENTED_EDGE( '', *, *, #4931, .T. );
#4700 = ORIENTED_EDGE( '', *, *, #5641, .T. );
#4701 = CARTESIAN_POINT( '', ( -2.00039576577539E-017, 0.000000000000000, 0.200000000000000 ) );
#4702 = DIRECTION( '', ( 1.00019788288769E-016, -0.000000000000000, -1.00000000000000 ) );
#4703 = DIRECTION( '', ( 1.00000000000000, 0.000000000000000, 1.00019788288769E-016 ) );
#4704 = SURFACE_STYLE_FILL_AREA( #5642 );
#4705 = ORIENTED_EDGE( '', *, *, #5630, .T. );
#4706 = ORIENTED_EDGE( '', *, *, #5585, .F. );
#4707 = ORIENTED_EDGE( '', *, *, #5641, .F. );
#4708 = ORIENTED_EDGE( '', *, *, #4930, .T. );
#4709 = CARTESIAN_POINT( '', ( -2.00039576577539E-017, 0.000000000000000, 0.200000000000000 ) );
#4710 = DIRECTION( '', ( -1.03636972369937E-016, 0.000000000000000, 1.00000000000000 ) );
#4711 = DIRECTION( '', ( 1.00000000000000, 0.000000000000000, 1.03636972369937E-016 ) );
#4712 = SURFACE_STYLE_FILL_AREA( #5643 );
#4713 = ORIENTED_EDGE( '', *, *, #5644, .F. );
#4714 = ORIENTED_EDGE( '', *, *, #5536, .F. );
#4715 = ORIENTED_EDGE( '', *, *, #4814, .F. );
#4716 = ORIENTED_EDGE( '', *, *, #5060, .F. );
#4717 = ORIENTED_EDGE( '', *, *, #5006, .F. );
#4718 = ORIENTED_EDGE( '', *, *, #4857, .F. );
#4719 = CARTESIAN_POINT( '', ( 0.000000000000000, 0.000000000000000, 1.10000000000000 ) );
#4720 = DIRECTION( '', ( 0.000000000000000, 0.000000000000000, 1.00000000000000 ) );
#4721 = DIRECTION( '', ( 1.00000000000000, 0.000000000000000, 0.000000000000000 ) );
#4722 = SURFACE_STYLE_FILL_AREA( #5645 );
#4723 = ORIENTED_EDGE( '', *, *, #5623, .F. );
#4724 = ORIENTED_EDGE( '', *, *, #5458, .F. );
#4725 = ORIENTED_EDGE( '', *, *, #5472, .T. );
#4726 = ORIENTED_EDGE( '', *, *, #4981, .T. );
#4727 = CARTESIAN_POINT( '', ( 2.43951839509359, -2.51022907321225, 9.74200000000000 ) );
#4728 = DIRECTION( '', ( -0.707106781186548, 0.707106781186548, -3.09756245794621E-017 ) );
#4729 = DIRECTION( '', ( -0.707106781186548, -0.707106781186548, 0.000000000000000 ) );
#4730 = SURFACE_STYLE_FILL_AREA( #5646 );
#4731 = ORIENTED_EDGE( '', *, *, #5102, .T. );
#4732 = ORIENTED_EDGE( '', *, *, #4997, .T. );
#4733 = ORIENTED_EDGE( '', *, *, #5122, .T. );
#4734 = ORIENTED_EDGE( '', *, *, #5361, .T. );
#4735 = ORIENTED_EDGE( '', *, *, #5303, .T. );
#4736 = ORIENTED_EDGE( '', *, *, #5564, .T. );
#4737 = ORIENTED_EDGE( '', *, *, #5420, .T. );
#4738 = ORIENTED_EDGE( '', *, *, #4817, .T. );
#4739 = ORIENTED_EDGE( '', *, *, #5523, .T. );
#4740 = ORIENTED_EDGE( '', *, *, #5478, .T. );
#4741 = ORIENTED_EDGE( '', *, *, #5627, .T. );
#4742 = ORIENTED_EDGE( '', *, *, #4970, .T. );
#4743 = ORIENTED_EDGE( '', *, *, #5615, .T. );
#4744 = ORIENTED_EDGE( '', *, *, #5062, .T. );
#4745 = ORIENTED_EDGE( '', *, *, #5637, .T. );
#4746 = CARTESIAN_POINT( '', ( 5.00000000000000, 0.000000000000000, 9.75000000000000 ) );
#4747 = DIRECTION( '', ( 4.38061483832527E-017, 0.000000000000000, -1.00000000000000 ) );
#4748 = DIRECTION( '', ( -1.00000000000000, 0.000000000000000, -4.38061483832527E-017 ) );
#4749 = SURFACE_STYLE_FILL_AREA( #5647 );
#4750 = ORIENTED_EDGE( '', *, *, #4873, .F. );
#4751 = ORIENTED_EDGE( '', *, *, #5537, .F. );
#4752 = ORIENTED_EDGE( '', *, *, #5644, .T. );
#4753 = ORIENTED_EDGE( '', *, *, #4856, .T. );
#4754 = CARTESIAN_POINT( '', ( -5.15000000000000, -1.75000000000000, 1.10000000000000 ) );
#4755 = DIRECTION( '', ( 0.000000000000000, 1.00000000000000, 0.000000000000000 ) );
#4756 = DIRECTION( '', ( 0.000000000000000, 0.000000000000000, 1.00000000000000 ) );
#4757 = SURFACE_STYLE_FILL_AREA( #5648 );
#4758 = ORIENTED_EDGE( '', *, *, #5587, .T. );
#4759 = ORIENTED_EDGE( '', *, *, #5242, .T. );
#4760 = ORIENTED_EDGE( '', *, *, #4839, .T. );
#4761 = ORIENTED_EDGE( '', *, *, #5137, .T. );
#4762 = ORIENTED_EDGE( '', *, *, #5354, .T. );
#4763 = CARTESIAN_POINT( '', ( 2.75000000000000, -3.36777869765522E-016, 0.700000000000000 ) );
#4764 = DIRECTION( '', ( 1.01979412263490E-016, 0.000000000000000, -1.00000000000000 ) );
#4765 = DIRECTION( '', ( -1.00000000000000, 0.000000000000000, -1.01979412263490E-016 ) );
#4766 = SURFACE_STYLE_FILL_AREA( #5649 );
#4767 = ORIENTED_EDGE( '', *, *, #5411, .T. );
#4768 = ORIENTED_EDGE( '', *, *, #5403, .T. );
#4769 = CARTESIAN_POINT( '', ( -4.33680868994202E-016, 0.000000000000000, 9.90000000000000 ) );
#4770 = DIRECTION( '', ( 4.38061483832527E-017, -0.000000000000000, -1.00000000000000 ) );
#4771 = DIRECTION( '', ( 1.00000000000000, 0.000000000000000, 4.38061483832527E-017 ) );
#4772 = SURFACE_STYLE_FILL_AREA( #5650 );
#4773 = ORIENTED_EDGE( '', *, *, #5622, .T. );
#4774 = ORIENTED_EDGE( '', *, *, #5506, .F. );
#4775 = ORIENTED_EDGE( '', *, *, #5285, .F. );
#4776 = ORIENTED_EDGE( '', *, *, #5556, .T. );
#4777 = CARTESIAN_POINT( '', ( 2.24697189821070, 3.52179173964186, 9.74000000000000 ) );
#4778 = DIRECTION( '', ( 1.11022302462516E-016, 1.00000000000000, 2.19030741916264E-017 ) );
#4779 = DIRECTION( '', ( -1.00000000000000, 1.11022302462516E-016, 0.000000000000000 ) );
#4780 = SURFACE_STYLE_FILL_AREA( #5651 );
#4781 = ORIENTED_EDGE( '', *, *, #4875, .F. );
#4782 = ORIENTED_EDGE( '', *, *, #5559, .F. );
#4783 = CARTESIAN_POINT( '', ( 5.57214293612046E-016, 2.40000000000000, 0.600000000000000 ) );
#4784 = DIRECTION( '', ( -0.000000000000000, -0.000000000000000, 1.00000000000000 ) );
#4785 = DIRECTION( '', ( -1.00000000000000, 0.000000000000000, 0.000000000000000 ) );
#4786 = SURFACE_STYLE_FILL_AREA( #5652 );
#4787 = ORIENTED_EDGE( '', *, *, #5624, .F. );
#4788 = ORIENTED_EDGE( '', *, *, #5321, .F. );
#4789 = ORIENTED_EDGE( '', *, *, #5574, .T. );
#4790 = ORIENTED_EDGE( '', *, *, #5338, .T. );
#4791 = CARTESIAN_POINT( '', ( 1.81541048011777, -0.352303505636687, 9.74000000000000 ) );
#4792 = DIRECTION( '', ( 0.835508021739430, 0.549478248531336, 3.03354570321244E-017 ) );
#4793 = DIRECTION( '', ( -0.549478248531336, 0.835508021739430, 0.000000000000000 ) );
#4794 = SURFACE_STYLE_FILL_AREA( #5653 );
#4795 = ORIENTED_EDGE( '', *, *, #5620, .F. );
#4796 = ORIENTED_EDGE( '', *, *, #5445, .F. );
#4797 = ORIENTED_EDGE( '', *, *, #5592, .T. );
#4798 = ORIENTED_EDGE( '', *, *, #5152, .T. );
#4799 = CARTESIAN_POINT( '', ( 2.46209858301167, 0.488854050633410, 9.74000000000000 ) );
#4800 = DIRECTION( '', ( -8.46352599505502E-016, -1.00000000000000, -2.19030741916264E-017 ) );
#4801 = DIRECTION( '', ( 1.00000000000000, -8.46352599505502E-016, 0.000000000000000 ) );
#4802 = SURFACE_STYLE_FILL_AREA( #5654 );
#4803 = ORIENTED_EDGE( '', *, *, #5081, .T. );
#4804 = ORIENTED_EDGE( '', *, *, #5002, .T. );
#4805 = ORIENTED_EDGE( '', *, *, #5521, .F. );
#4806 = ORIENTED_EDGE( '', *, *, #5358, .T. );
#4807 = CARTESIAN_POINT( '', ( -1.12753521446622E-014, 0.0707106781186577, 9.74200000000000 ) );
#4808 = DIRECTION( '', ( -0.707106781186547, -0.707106781186548, -3.09756245794621E-017 ) );
#4809 = DIRECTION( '', ( 0.707106781186548, -0.707106781186547, 0.000000000000000 ) );
#4811 = FILL_AREA_STYLE( '', ( #5655 ) );
#4812 = EDGE_CURVE( '', #5656, #5657, #5658, .T. );
#4813 = EDGE_CURVE( '', #5659, #5656, #5660, .T. );
#4814 = EDGE_CURVE( '', #5659, #5661, #5662, .T. );
#4815 = EDGE_CURVE( '', #5661, #5657, #5663, .T. );
#4816 = FILL_AREA_STYLE( '', ( #5664 ) );
#4817 = EDGE_CURVE( '', #5665, #5666, #5667, .T. );
#4818 = EDGE_CURVE( '', #5668, #5665, #5669, .T. );
#4819 = EDGE_CURVE( '', #5668, #5670, #5671, .T. );
#4820 = EDGE_CURVE( '', #5670, #5666, #5672, .T. );
#4821 = FILL_AREA_STYLE( '', ( #5673 ) );
#4822 = EDGE_CURVE( '', #5674, #5674, #5675, .T. );
#4823 = FILL_AREA_STYLE( '', ( #5676 ) );
#4824 = EDGE_CURVE( '', #5677, #5678, #5679, .T. );
#4825 = EDGE_CURVE( '', #5680, #5677, #5681, .F. );
#4826 = EDGE_CURVE( '', #5682, #5680, #5683, .T. );
#4827 = EDGE_CURVE( '', #5678, #5682, #5684, .T. );
#4828 = FILL_AREA_STYLE( '', ( #5685 ) );
#4829 = EDGE_CURVE( '', #5686, #5687, #5688, .T. );
#4830 = EDGE_CURVE( '', #5689, #5686, #5690, .T. );
#4831 = EDGE_CURVE( '', #5689, #5691, #5692, .T. );
#4832 = EDGE_CURVE( '', #5691, #5693, #5694, .T. );
#4833 = EDGE_CURVE( '', #5695, #5693, #5696, .T. );
#4834 = EDGE_CURVE( '', #5697, #5695, #5698, .T. );
#4835 = EDGE_CURVE( '', #5697, #5699, #5700, .F. );
#4836 = EDGE_CURVE( '', #5687, #5699, #5701, .F. );
#4837 = FILL_AREA_STYLE( '', ( #5702 ) );
#4838 = EDGE_CURVE( '', #5703, #5704, #5705, .T. );
#4839 = EDGE_CURVE( '', #5706, #5703, #5707, .F. );
#4840 = EDGE_CURVE( '', #5706, #5708, #5709, .T. );
#4841 = EDGE_CURVE( '', #5708, #5710, #5711, .T. );
#4842 = EDGE_CURVE( '', #5710, #5712, #5713, .T. );
#4843 = EDGE_CURVE( '', #5712, #5714, #5715, .F. );
#4844 = EDGE_CURVE( '', #5716, #5714, #5717, .T. );
#4845 = EDGE_CURVE( '', #5704, #5716, #5718, .T. );
#4846 = FILL_AREA_STYLE( '', ( #5719 ) );
#4847 = EDGE_CURVE( '', #5720, #5720, #5721, .T. );
#4848 = EDGE_CURVE( '', #5722, #5722, #5723, .T. );
#4849 = FILL_AREA_STYLE( '', ( #5724 ) );
#4850 = EDGE_CURVE( '', #5725, #5726, #5727, .T. );
#4851 = EDGE_CURVE( '', #5725, #5728, #5729, .F. );
#4852 = EDGE_CURVE( '', #5728, #5730, #5731, .T. );
#4853 = EDGE_CURVE( '', #5730, #5726, #5732, .T. );
#4854 = FILL_AREA_STYLE( '', ( #5733 ) );
#4855 = EDGE_CURVE( '', #5734, #5735, #5736, .F. );
#4856 = EDGE_CURVE( '', #5737, #5734, #5738, .T. );
#4857 = EDGE_CURVE( '', #5737, #5739, #5740, .T. );
#4858 = EDGE_CURVE( '', #5739, #5735, #5741, .T. );
#4859 = FILL_AREA_STYLE( '', ( #5742 ) );
#4860 = EDGE_CURVE( '', #5743, #5744, #5745, .T. );
#4861 = EDGE_CURVE( '', #5743, #5746, #5747, .T. );
#4862 = EDGE_CURVE( '', #5746, #5748, #5749, .F. );
#4863 = EDGE_CURVE( '', #5748, #5750, #5751, .T. );
#4864 = EDGE_CURVE( '', #5752, #5750, #5753, .T. );
#4865 = EDGE_CURVE( '', #5752, #5754, #5755, .T. );
#4866 = EDGE_CURVE( '', #5754, #5756, #5757, .F. );
#4867 = EDGE_CURVE( '', #5756, #5758, #5759, .T. );
#4868 = EDGE_CURVE( '', #5760, #5758, #5761, .T. );
#4869 = EDGE_CURVE( '', #5760, #5762, #5763, .T. );
#4870 = EDGE_CURVE( '', #5762, #5764, #5765, .F. );
#4871 = EDGE_CURVE( '', #5764, #5766, #5767, .T. );
#4872 = EDGE_CURVE( '', #5768, #5766, #5769, .T. );
#4873 = EDGE_CURVE( '', #5768, #5734, #5770, .T. );
#4874 = EDGE_CURVE( '', #5735, #5744, #5771, .T. );
#4875 = EDGE_CURVE( '', #5772, #5772, #5773, .T. );
#4876 = EDGE_CURVE( '', #5774, #5774, #5775, .T. );
#4877 = FILL_AREA_STYLE( '', ( #5776 ) );
#4878 = EDGE_CURVE( '', #5777, #5777, #5778, .T. );
#4879 = EDGE_CURVE( '', #5779, #5779, #5780, .T. );
#4880 = FILL_AREA_STYLE( '', ( #5781 ) );
#4881 = EDGE_CURVE( '', #5782, #5783, #5784, .T. );
#4882 = EDGE_CURVE( '', #5785, #5782, #5786, .T. );
#4883 = EDGE_CURVE( '', #5785, #5787, #5788, .F. );
#4884 = EDGE_CURVE( '', #5789, #5787, #5790, .F. );
#4885 = EDGE_CURVE( '', #5791, #5789, #5792, .T. );
#4886 = EDGE_CURVE( '', #5793, #5791, #5794, .T. );
#4887 = EDGE_CURVE( '', #5793, #5795, #5796, .F. );
#4888 = EDGE_CURVE( '', #5797, #5795, #5798, .F. );
#4889 = EDGE_CURVE( '', #5799, #5797, #5800, .T. );
#4890 = EDGE_CURVE( '', #5801, #5799, #5802, .T. );
#4891 = EDGE_CURVE( '', #5801, #5803, #5804, .T. );
#4892 = EDGE_CURVE( '', #5803, #5805, #5806, .T. );
#4893 = EDGE_CURVE( '', #5807, #5805, #5808, .T. );
#4894 = EDGE_CURVE( '', #5809, #5807, #5810, .T. );
#4895 = EDGE_CURVE( '', #5809, #5811, #5812, .F. );
#4896 = EDGE_CURVE( '', #5813, #5811, #5814, .F. );
#4897 = EDGE_CURVE( '', #5815, #5813, #5816, .T. );
#4898 = EDGE_CURVE( '', #5817, #5815, #5818, .T. );
#4899 = EDGE_CURVE( '', #5817, #5819, #5820, .F. );
#4900 = EDGE_CURVE( '', #5783, #5819, #5821, .F. );
#4901 = FILL_AREA_STYLE( '', ( #5822 ) );
#4902 = EDGE_CURVE( '', #5823, #5823, #5824, .T. );
#4903 = FILL_AREA_STYLE( '', ( #5825 ) );
#4904 = EDGE_CURVE( '', #5826, #5678, #5827, .T. );
#4905 = EDGE_CURVE( '', #5828, #5682, #5829, .T. );
#4906 = EDGE_CURVE( '', #5830, #5828, #5831, .T. );
#4907 = EDGE_CURVE( '', #5832, #5830, #5833, .T. );
#4908 = EDGE_CURVE( '', #5832, #5834, #5835, .T. );
#4909 = EDGE_CURVE( '', #5836, #5834, #5837, .T. );
#4910 = EDGE_CURVE( '', #5836, #5838, #5839, .F. );
#4911 = EDGE_CURVE( '', #5838, #5840, #5841, .T. );
#4912 = EDGE_CURVE( '', #5840, #5760, #5842, .T. );
#4913 = EDGE_CURVE( '', #5826, #5758, #5843, .T. );
#4914 = FILL_AREA_STYLE( '', ( #5844 ) );
#4915 = EDGE_CURVE( '', #5845, #5846, #5847, .T. );
#4916 = EDGE_CURVE( '', #5848, #5845, #5849, .T. );
#4917 = EDGE_CURVE( '', #5848, #5850, #5851, .T. );
#4918 = EDGE_CURVE( '', #5850, #5846, #5852, .T. );
#4919 = FILL_AREA_STYLE( '', ( #5853 ) );
#4920 = EDGE_CURVE( '', #5854, #5855, #5856, .T. );
#4921 = EDGE_CURVE( '', #5857, #5854, #5858, .T. );
#4922 = EDGE_CURVE( '', #5859, #5857, #5860, .T. );
#4923 = EDGE_CURVE( '', #5855, #5859, #5861, .T. );
#4924 = FILL_AREA_STYLE( '', ( #5862 ) );
#4925 = EDGE_CURVE( '', #5863, #5863, #5864, .T. );
#4926 = EDGE_CURVE( '', #5865, #5865, #5866, .T. );
#4927 = FILL_AREA_STYLE( '', ( #5867 ) );
#4928 = EDGE_CURVE( '', #5868, #5868, #5869, .T. );
#4929 = EDGE_CURVE( '', #5870, #5871, #5872, .T. );
#4930 = EDGE_CURVE( '', #5873, #5871, #5874, .T. );
#4931 = EDGE_CURVE( '', #5875, #5873, #5876, .T. );
#4932 = EDGE_CURVE( '', #5875, #5877, #5878, .F. );
#4933 = EDGE_CURVE( '', #5877, #5879, #5880, .T. );
#4934 = EDGE_CURVE( '', #5881, #5879, #5882, .T. );
#4935 = EDGE_CURVE( '', #5883, #5881, #5884, .T. );
#4936 = EDGE_CURVE( '', #5883, #5885, #5886, .F. );
#4937 = EDGE_CURVE( '', #5887, #5885, #5888, .F. );
#4938 = EDGE_CURVE( '', #5889, #5887, #5890, .T. );
#4939 = EDGE_CURVE( '', #5889, #5891, #5892, .F. );
#4940 = EDGE_CURVE( '', #5891, #5893, #5894, .F. );
#4941 = EDGE_CURVE( '', #5895, #5893, #5896, .F. );
#4942 = EDGE_CURVE( '', #5897, #5895, #5898, .T. );
#4943 = EDGE_CURVE( '', #5897, #5899, #5900, .F. );
#4944 = EDGE_CURVE( '', #5899, #5870, #5901, .F. );
#4945 = FILL_AREA_STYLE( '', ( #5902 ) );
#4946 = EDGE_CURVE( '', #5903, #5904, #5905, .T. );
#4947 = EDGE_CURVE( '', #5906, #5904, #5907, .T. );
#4948 = EDGE_CURVE( '', #5908, #5906, #5909, .T. );
#4949 = EDGE_CURVE( '', #5908, #5903, #5910, .T. );
#4950 = FILL_AREA_STYLE( '', ( #5911 ) );
#4951 = EDGE_CURVE( '', #5680, #5912, #5913, .T. );
#4952 = EDGE_CURVE( '', #5677, #5914, #5915, .T. );
#4953 = EDGE_CURVE( '', #5914, #5752, #5916, .T. );
#4954 = EDGE_CURVE( '', #5917, #5750, #5918, .T. );
#4955 = EDGE_CURVE( '', #5917, #5919, #5920, .T. );
#4956 = EDGE_CURVE( '', #5919, #5912, #5921, .T. );
#4957 = FILL_AREA_STYLE( '', ( #5922 ) );
#4958 = EDGE_CURVE( '', #5923, #5895, #5924, .T. );
#4959 = EDGE_CURVE( '', #5925, #5923, #5926, .T. );
#4960 = EDGE_CURVE( '', #5925, #5897, #5927, .T. );
#4961 = FILL_AREA_STYLE( '', ( #5928 ) );
#4962 = EDGE_CURVE( '', #5925, #5929, #5930, .F. );
#4963 = EDGE_CURVE( '', #5929, #5899, #5931, .T. );
#4964 = FILL_AREA_STYLE( '', ( #5932 ) );
#4965 = EDGE_CURVE( '', #5933, #5934, #5935, .T. );
#4966 = EDGE_CURVE( '', #5936, #5933, #5937, .T. );
#4967 = EDGE_CURVE( '', #5936, #5938, #5939, .T. );
#4968 = EDGE_CURVE( '', #5938, #5934, #5940, .T. );
#4969 = FILL_AREA_STYLE( '', ( #5941 ) );
#4970 = EDGE_CURVE( '', #5942, #5943, #5944, .T. );
#4971 = EDGE_CURVE( '', #5945, #5942, #5946, .T. );
#4972 = EDGE_CURVE( '', #5945, #5947, #5948, .T. );
#4973 = EDGE_CURVE( '', #5947, #5949, #5950, .T. );
#4974 = EDGE_CURVE( '', #5951, #5949, #5952, .T. );
#4975 = EDGE_CURVE( '', #5953, #5951, #5954, .T. );
#4976 = EDGE_CURVE( '', #5953, #5955, #5956, .F. );
#4977 = EDGE_CURVE( '', #5943, #5955, #5957, .F. );
#4978 = FILL_AREA_STYLE( '', ( #5958 ) );
#4979 = EDGE_CURVE( '', #5959, #5793, #5960, .T. );
#4980 = EDGE_CURVE( '', #5961, #5791, #5962, .T. );
#4981 = EDGE_CURVE( '', #5959, #5961, #5963, .T. );
#4982 = FILL_AREA_STYLE( '', ( #5964 ) );
#4983 = EDGE_CURVE( '', #5914, #5965, #5966, .T. );
#4984 = EDGE_CURVE( '', #5965, #5754, #5967, .T. );
#4985 = FILL_AREA_STYLE( '', ( #5968 ) );
#4986 = EDGE_CURVE( '', #5691, #5689, #5969, .T. );
#4987 = EDGE_CURVE( '', #5970, #5801, #5971, .T. );
#4988 = EDGE_CURVE( '', #5972, #5970, #5973, .T. );
#4989 = EDGE_CURVE( '', #5974, #5972, #5975, .T. );
#4990 = EDGE_CURVE( '', #5976, #5974, #5977, .T. );
#4991 = EDGE_CURVE( '', #5803, #5976, #5978, .T. );
#4992 = FILL_AREA_STYLE( '', ( #5979 ) );
#4993 = EDGE_CURVE( '', #5980, #5981, #5982, .F. );
#4994 = EDGE_CURVE( '', #5980, #5887, #5983, .T. );
#4995 = EDGE_CURVE( '', #5981, #5885, #5984, .T. );
#4996 = FILL_AREA_STYLE( '', ( #5985 ) );
#4997 = EDGE_CURVE( '', #5986, #5987, #5988, .T. );
#4998 = EDGE_CURVE( '', #5989, #5986, #5990, .T. );
#4999 = EDGE_CURVE( '', #5989, #5991, #5992, .T. );
#5000 = EDGE_CURVE( '', #5991, #5993, #5994, .T. );
#5001 = EDGE_CURVE( '', #5995, #5993, #5996, .T. );
#5002 = EDGE_CURVE( '', #5997, #5995, #5998, .T. );
#5003 = EDGE_CURVE( '', #5997, #5999, #6000, .T. );
#5004 = EDGE_CURVE( '', #5987, #5999, #6001, .T. );
#5005 = FILL_AREA_STYLE( '', ( #6002 ) );
#5006 = EDGE_CURVE( '', #5739, #6003, #6004, .T. );
#5007 = EDGE_CURVE( '', #6003, #5744, #6005, .T. );
#5008 = FILL_AREA_STYLE( '', ( #6006 ) );
#5009 = EDGE_CURVE( '', #6007, #5710, #6008, .F. );
#5010 = EDGE_CURVE( '', #6009, #5708, #6010, .F. );
#5011 = EDGE_CURVE( '', #6009, #6007, #6011, .T. );
#5012 = FILL_AREA_STYLE( '', ( #6012 ) );
#5013 = EDGE_CURVE( '', #6013, #6014, #6015, .T. );
#5014 = EDGE_CURVE( '', #6016, #6013, #6017, .T. );
#5015 = EDGE_CURVE( '', #6016, #6018, #6019, .T. );
#5016 = EDGE_CURVE( '', #6018, #6014, #6020, .T. );
#5017 = FILL_AREA_STYLE( '', ( #6021 ) );
#5018 = EDGE_CURVE( '', #6022, #6023, #6024, .T. );
#5019 = EDGE_CURVE( '', #6025, #6022, #6026, .T. );
#5020 = EDGE_CURVE( '', #6025, #6027, #6028, .T. );
#5021 = EDGE_CURVE( '', #6027, #6023, #6029, .T. );
#5022 = FILL_AREA_STYLE( '', ( #6030 ) );
#5023 = EDGE_CURVE( '', #5693, #6031, #6032, .T. );
#5024 = EDGE_CURVE( '', #6031, #6033, #6034, .T. );
#5025 = EDGE_CURVE( '', #6033, #5695, #6035, .T. );
#5026 = FILL_AREA_STYLE( '', ( #6036 ) );
#5027 = EDGE_CURVE( '', #6037, #6038, #6039, .T. );
#5028 = EDGE_CURVE( '', #6040, #6037, #6041, .T. );
#5029 = EDGE_CURVE( '', #6040, #6042, #6043, .T. );
#5030 = EDGE_CURVE( '', #6042, #6038, #6044, .T. );
#5031 = FILL_AREA_STYLE( '', ( #6045 ) );
#5032 = EDGE_CURVE( '', #6046, #6047, #6048, .F. );
#5033 = EDGE_CURVE( '', #6049, #6046, #6050, .F. );
#5034 = EDGE_CURVE( '', #6051, #6049, #6052, .F. );
#5035 = EDGE_CURVE( '', #6047, #6051, #6053, .F. );
#5036 = FILL_AREA_STYLE( '', ( #6054 ) );
#5037 = EDGE_CURVE( '', #6055, #6056, #6057, .T. );
#5038 = EDGE_CURVE( '', #5859, #6055, #6058, .T. );
#5039 = EDGE_CURVE( '', #5857, #6056, #6059, .T. );
#5040 = FILL_AREA_STYLE( '', ( #6060 ) );
#5041 = EDGE_CURVE( '', #6061, #5891, #6062, .T. );
#5042 = EDGE_CURVE( '', #6061, #6063, #6064, .T. );
#5043 = EDGE_CURVE( '', #6063, #5893, #6065, .T. );
#5044 = FILL_AREA_STYLE( '', ( #6066 ) );
#5045 = EDGE_CURVE( '', #6067, #5762, #6068, .T. );
#5046 = EDGE_CURVE( '', #6067, #6069, #6070, .T. );
#5047 = EDGE_CURVE( '', #6069, #5764, #6071, .T. );
#5048 = FILL_AREA_STYLE( '', ( #6072 ) );
#5049 = EDGE_CURVE( '', #6073, #6074, #6075, .T. );
#5050 = EDGE_CURVE( '', #5883, #6073, #6076, .T. );
#5051 = EDGE_CURVE( '', #5881, #6074, #6077, .T. );
#5052 = FILL_AREA_STYLE( '', ( #6078 ) );
#5053 = EDGE_CURVE( '', #6038, #5656, #6079, .T. );
#5054 = EDGE_CURVE( '', #6042, #6080, #6081, .T. );
#5055 = EDGE_CURVE( '', #6080, #6082, #6083, .T. );
#5056 = EDGE_CURVE( '', #6084, #6082, #6085, .T. );
#5057 = EDGE_CURVE( '', #6086, #6084, #6087, .T. );
#5058 = EDGE_CURVE( '', #6086, #6088, #6089, .T. );
#5059 = EDGE_CURVE( '', #6088, #5743, #6090, .T. );
#5060 = EDGE_CURVE( '', #6003, #5659, #6091, .T. );
#5061 = FILL_AREA_STYLE( '', ( #6092 ) );
#5062 = EDGE_CURVE( '', #6093, #6094, #6095, .T. );
#5063 = EDGE_CURVE( '', #6093, #6096, #6097, .T. );
#5064 = EDGE_CURVE( '', #6098, #6096, #6099, .T. );
#5065 = EDGE_CURVE( '', #6098, #6100, #6101, .T. );
#5066 = EDGE_CURVE( '', #6102, #6100, #6103, .T. );
#5067 = EDGE_CURVE( '', #6104, #6102, #6105, .T. );
#5068 = EDGE_CURVE( '', #6104, #6106, #6107, .T. );
#5069 = EDGE_CURVE( '', #6106, #6108, #6109, .T. );
#5070 = EDGE_CURVE( '', #6110, #6108, #6111, .T. );
#5071 = EDGE_CURVE( '', #6110, #6112, #6113, .T. );
#5072 = EDGE_CURVE( '', #6114, #6112, #6115, .T. );
#5073 = EDGE_CURVE( '', #6114, #6094, #6116, .T. );
#5074 = FILL_AREA_STYLE( '', ( #6117 ) );
#5075 = EDGE_CURVE( '', #6118, #5809, #6119, .T. );
#5076 = EDGE_CURVE( '', #6120, #5807, #6121, .T. );
#5077 = EDGE_CURVE( '', #6120, #6118, #6122, .F. );
#5078 = FILL_AREA_STYLE( '', ( #6123 ) );
#5079 = EDGE_CURVE( '', #5805, #6120, #6124, .T. );
#5080 = FILL_AREA_STYLE( '', ( #6125 ) );
#5081 = EDGE_CURVE( '', #6126, #5997, #6127, .T. );
#5082 = EDGE_CURVE( '', #6128, #6126, #6129, .T. );
#5083 = EDGE_CURVE( '', #5999, #6128, #6130, .T. );
#5084 = FILL_AREA_STYLE( '', ( #6131 ) );
#5085 = EDGE_CURVE( '', #6132, #6133, #6134, .T. );
#5086 = EDGE_CURVE( '', #5972, #6132, #6135, .T. );
#5087 = EDGE_CURVE( '', #5970, #6133, #6136, .T. );
#5088 = FILL_AREA_STYLE( '', ( #6137 ) );
#5089 = EDGE_CURVE( '', #6098, #5953, #6138, .T. );
#5090 = EDGE_CURVE( '', #6100, #5951, #6139, .T. );
#5091 = FILL_AREA_STYLE( '', ( #6140 ) );
#5092 = EDGE_CURVE( '', #5875, #6141, #6142, .T. );
#5093 = EDGE_CURVE( '', #6141, #6143, #6144, .T. );
#5094 = EDGE_CURVE( '', #5877, #6143, #6145, .T. );
#5095 = FILL_AREA_STYLE( '', ( #6146 ) );
#5096 = EDGE_CURVE( '', #6147, #6147, #6148, .T. );
#5097 = EDGE_CURVE( '', #6149, #6149, #6150, .T. );
#5098 = FILL_AREA_STYLE( '', ( #6151 ) );
#5099 = EDGE_CURVE( '', #6152, #6153, #6154, .T. );
#5100 = EDGE_CURVE( '', #6155, #6153, #6156, .T. );
#5101 = EDGE_CURVE( '', #6155, #5989, #6157, .T. );
#5102 = EDGE_CURVE( '', #6158, #5986, #6159, .T. );
#5103 = EDGE_CURVE( '', #6152, #6158, #6160, .T. );
#5104 = FILL_AREA_STYLE( '', ( #6161 ) );
#5105 = EDGE_CURVE( '', #6162, #6163, #6164, .T. );
#5106 = EDGE_CURVE( '', #6165, #6162, #6166, .T. );
#5107 = EDGE_CURVE( '', #6165, #6167, #6168, .T. );
#5108 = EDGE_CURVE( '', #6167, #6163, #6169, .T. );
#5109 = FILL_AREA_STYLE( '', ( #6170 ) );
#5110 = EDGE_CURVE( '', #6049, #6171, #6172, .T. );
#5111 = EDGE_CURVE( '', #6173, #6171, #6174, .F. );
#5112 = EDGE_CURVE( '', #6051, #6173, #6175, .T. );
#5113 = FILL_AREA_STYLE( '', ( #6176 ) );
#5114 = EDGE_CURVE( '', #6177, #6177, #6178, .T. );
#5115 = EDGE_CURVE( '', #6179, #6179, #6180, .T. );
#5116 = FILL_AREA_STYLE( '', ( #6181 ) );
#5117 = EDGE_CURVE( '', #6182, #6183, #6184, .T. );
#5118 = EDGE_CURVE( '', #6185, #6183, #6186, .T. );
#5119 = EDGE_CURVE( '', #6187, #6185, #6188, .T. );
#5120 = EDGE_CURVE( '', #6187, #6182, #6189, .T. );
#5121 = FILL_AREA_STYLE( '', ( #6190 ) );
#5122 = EDGE_CURVE( '', #5987, #6191, #6192, .T. );
#5123 = EDGE_CURVE( '', #6128, #6191, #6193, .T. );
#5124 = FILL_AREA_STYLE( '', ( #6194 ) );
#5125 = EDGE_CURVE( '', #6195, #6196, #6197, .F. );
#5126 = EDGE_CURVE( '', #5699, #6195, #6198, .T. );
#5127 = EDGE_CURVE( '', #6199, #5697, #6200, .T. );
#5128 = EDGE_CURVE( '', #6196, #6199, #6201, .T. );
#5129 = FILL_AREA_STYLE( '', ( #6202 ) );
#5130 = EDGE_CURVE( '', #6203, #6203, #6204, .T. );
#5131 = EDGE_CURVE( '', #6205, #6205, #6206, .T. );
#5132 = FILL_AREA_STYLE( '', ( #6207 ) );
#5133 = EDGE_CURVE( '', #6208, #5756, #6209, .T. );
#5134 = EDGE_CURVE( '', #6208, #5826, #6210, .T. );
#5135 = FILL_AREA_STYLE( '', ( #6211 ) );
#5136 = EDGE_CURVE( '', #6212, #6213, #6214, .T. );
#5137 = EDGE_CURVE( '', #5703, #6212, #6215, .F. );
#5138 = EDGE_CURVE( '', #5704, #6213, #6216, .F. );
#5139 = FILL_AREA_STYLE( '', ( #6217 ) );
#5140 = EDGE_CURVE( '', #6218, #5980, #6219, .T. );
#5141 = EDGE_CURVE( '', #6218, #5889, #6220, .T. );
#5142 = FILL_AREA_STYLE( '', ( #6221 ) );
#5143 = EDGE_CURVE( '', #6222, #6223, #6224, .T. );
#5144 = EDGE_CURVE( '', #6225, #6222, #6226, .T. );
#5145 = EDGE_CURVE( '', #6225, #6227, #6228, .T. );
#5146 = EDGE_CURVE( '', #6227, #6223, #6229, .T. );
#5147 = FILL_AREA_STYLE( '', ( #6230 ) );
#5148 = EDGE_CURVE( '', #6231, #5712, #6232, .F. );
#5149 = EDGE_CURVE( '', #6007, #6231, #6233, .T. );
#5150 = FILL_AREA_STYLE( '', ( #6234 ) );
#5151 = EDGE_CURVE( '', #6235, #6236, #6237, .T. );
#5152 = EDGE_CURVE( '', #6238, #6235, #6239, .T. );
#5153 = EDGE_CURVE( '', #6238, #6240, #6241, .T. );
#5154 = EDGE_CURVE( '', #6240, #6236, #6242, .T. );
#5155 = FILL_AREA_STYLE( '', ( #6243 ) );
#5156 = EDGE_CURVE( '', #6244, #6244, #6245, .T. );
#5157 = EDGE_CURVE( '', #6246, #6246, #6247, .T. );
#5158 = FILL_AREA_STYLE( '', ( #6248 ) );
#5159 = EDGE_CURVE( '', #6249, #6250, #6251, .T. );
#5160 = EDGE_CURVE( '', #6252, #6249, #6253, .T. );
#5161 = EDGE_CURVE( '', #6252, #6254, #6255, .T. );
#5162 = EDGE_CURVE( '', #6254, #6250, #6256, .T. );
#5163 = FILL_AREA_STYLE( '', ( #6257 ) );
#5164 = EDGE_CURVE( '', #6258, #6259, #6260, .T. );
#5165 = EDGE_CURVE( '', #6259, #6261, #6262, .T. );
#5166 = EDGE_CURVE( '', #6263, #6261, #6264, .T. );
#5167 = EDGE_CURVE( '', #6258, #6263, #6265, .T. );
#5168 = FILL_AREA_STYLE( '', ( #6266 ) );
#5169 = EDGE_CURVE( '', #5949, #6267, #6268, .T. );
#5170 = EDGE_CURVE( '', #5947, #6269, #6270, .T. );
#5171 = EDGE_CURVE( '', #6269, #6267, #6271, .T. );
#5172 = FILL_AREA_STYLE( '', ( #6272 ) );
#5173 = EDGE_CURVE( '', #6273, #6118, #6274, .F. );
#5174 = EDGE_CURVE( '', #5811, #6273, #6275, .T. );
#5175 = FILL_AREA_STYLE( '', ( #6276 ) );
#5176 = EDGE_CURVE( '', #6277, #6278, #6279, .T. );
#5177 = EDGE_CURVE( '', #6280, #6278, #6281, .T. );
#5178 = EDGE_CURVE( '', #6282, #6280, #6283, .T. );
#5179 = EDGE_CURVE( '', #6282, #6277, #6284, .T. );
#5180 = FILL_AREA_STYLE( '', ( #6285 ) );
#5181 = EDGE_CURVE( '', #6286, #6286, #6287, .F. );
#5182 = EDGE_CURVE( '', #6288, #6288, #6289, .T. );
#5183 = FILL_AREA_STYLE( '', ( #6290 ) );
#5184 = EDGE_CURVE( '', #6291, #6291, #6292, .T. );
#5185 = EDGE_CURVE( '', #6293, #6293, #6294, .T. );
#5186 = FILL_AREA_STYLE( '', ( #6295 ) );
#5187 = EDGE_CURVE( '', #6296, #6297, #6298, .T. );
#5188 = EDGE_CURVE( '', #5976, #6296, #6299, .T. );
#5189 = EDGE_CURVE( '', #5974, #6297, #6300, .T. );
#5190 = FILL_AREA_STYLE( '', ( #6301 ) );
#5191 = EDGE_CURVE( '', #6302, #5834, #6303, .T. );
#5192 = EDGE_CURVE( '', #6304, #5832, #6305, .T. );
#5193 = EDGE_CURVE( '', #6304, #6302, #6306, .T. );
#5194 = FILL_AREA_STYLE( '', ( #6307 ) );
#5195 = EDGE_CURVE( '', #6308, #6309, #6310, .F. );
#5196 = EDGE_CURVE( '', #6311, #6308, #6312, .T. );
#5197 = EDGE_CURVE( '', #6311, #6313, #6314, .F. );
#5198 = EDGE_CURVE( '', #6313, #6309, #6315, .T. );
#5199 = FILL_AREA_STYLE( '', ( #6316 ) );
#5200 = EDGE_CURVE( '', #6250, #6317, #6318, .T. );
#5201 = EDGE_CURVE( '', #6254, #6319, #6320, .T. );
#5202 = EDGE_CURVE( '', #6319, #6317, #6321, .T. );
#5203 = FILL_AREA_STYLE( '', ( #6322 ) );
#5204 = EDGE_CURVE( '', #6323, #6324, #6325, .T. );
#5205 = EDGE_CURVE( '', #6227, #6323, #6326, .T. );
#5206 = EDGE_CURVE( '', #6324, #6225, #6327, .T. );
#5207 = FILL_AREA_STYLE( '', ( #6328 ) );
#5208 = EDGE_CURVE( '', #6329, #6330, #6331, .T. );
#5209 = EDGE_CURVE( '', #6332, #6329, #6333, .T. );
#5210 = EDGE_CURVE( '', #6332, #6334, #6335, .T. );
#5211 = EDGE_CURVE( '', #6334, #6330, #6336, .T. );
#5212 = FILL_AREA_STYLE( '', ( #6337 ) );
#5213 = EDGE_CURVE( '', #5813, #6338, #6339, .T. );
#5214 = EDGE_CURVE( '', #6273, #6338, #6340, .T. );
#5215 = FILL_AREA_STYLE( '', ( #6341 ) );
#5216 = EDGE_CURVE( '', #6342, #6342, #6343, .T. );
#5217 = FILL_AREA_STYLE( '', ( #6344 ) );
#5218 = EDGE_CURVE( '', #6345, #6346, #6347, .T. );
#5219 = EDGE_CURVE( '', #6348, #6345, #6349, .T. );
#5220 = EDGE_CURVE( '', #6348, #6350, #6351, .T. );
#5221 = EDGE_CURVE( '', #6350, #6346, #6352, .T. );
#5222 = FILL_AREA_STYLE( '', ( #6353 ) );
#5223 = EDGE_CURVE( '', #5912, #6084, #6354, .T. );
#5224 = EDGE_CURVE( '', #6082, #6355, #6356, .T. );
#5225 = EDGE_CURVE( '', #6355, #6037, #6357, .T. );
#5226 = EDGE_CURVE( '', #5657, #6358, #6359, .T. );
#5227 = EDGE_CURVE( '', #6358, #5836, #6360, .T. );
#5228 = EDGE_CURVE( '', #6361, #6302, #6362, .T. );
#5229 = EDGE_CURVE( '', #5828, #6361, #6363, .T. );
#5230 = EDGE_CURVE( '', #6364, #6364, #6365, .T. );
#5231 = EDGE_CURVE( '', #6366, #6366, #6367, .T. );
#5232 = FILL_AREA_STYLE( '', ( #6368 ) );
#5233 = EDGE_CURVE( '', #6213, #6369, #6370, .T. );
#5234 = EDGE_CURVE( '', #5716, #6369, #6371, .F. );
#5235 = FILL_AREA_STYLE( '', ( #6372 ) );
#5236 = EDGE_CURVE( '', #6373, #5817, #6374, .T. );
#5237 = EDGE_CURVE( '', #6375, #6373, #6376, .T. );
#5238 = EDGE_CURVE( '', #5819, #6375, #6377, .T. );
#5239 = FILL_AREA_STYLE( '', ( #6378 ) );
#5240 = EDGE_CURVE( '', #6133, #5799, #6379, .T. );
#5241 = FILL_AREA_STYLE( '', ( #6380 ) );
#5242 = EDGE_CURVE( '', #6381, #5706, #6382, .F. );
#5243 = EDGE_CURVE( '', #6381, #6009, #6383, .T. );
#5244 = FILL_AREA_STYLE( '', ( #6384 ) );
#5245 = EDGE_CURVE( '', #6385, #5815, #6386, .T. );
#5246 = EDGE_CURVE( '', #6385, #6373, #6387, .T. );
#5247 = FILL_AREA_STYLE( '', ( #6388 ) );
#5248 = EDGE_CURVE( '', #6389, #6390, #6391, .T. );
#5249 = EDGE_CURVE( '', #6375, #6389, #6392, .T. );
#5250 = EDGE_CURVE( '', #6267, #6385, #6393, .T. );
#5251 = EDGE_CURVE( '', #6269, #6155, #6394, .T. );
#5252 = EDGE_CURVE( '', #6153, #6395, #6396, .T. );
#5253 = EDGE_CURVE( '', #6390, #6395, #6397, .T. );
#5254 = FILL_AREA_STYLE( '', ( #6398 ) );
#5255 = EDGE_CURVE( '', #6399, #6162, #6400, .T. );
#5256 = EDGE_CURVE( '', #6401, #6399, #6402, .T. );
#5257 = EDGE_CURVE( '', #6401, #6165, #6403, .T. );
#5258 = FILL_AREA_STYLE( '', ( #6404 ) );
#5259 = EDGE_CURVE( '', #6405, #6406, #6407, .T. );
#5260 = EDGE_CURVE( '', #6408, #6405, #6409, .T. );
#5261 = EDGE_CURVE( '', #6408, #6410, #6411, .T. );
#5262 = EDGE_CURVE( '', #6410, #6406, #6412, .T. );
#5263 = FILL_AREA_STYLE( '', ( #6413 ) );
#5264 = EDGE_CURVE( '', #6414, #6415, #6416, .T. );
#5265 = EDGE_CURVE( '', #6417, #6414, #6418, .T. );
#5266 = EDGE_CURVE( '', #6417, #6419, #6420, .T. );
#5267 = EDGE_CURVE( '', #6419, #6415, #6421, .T. );
#5268 = FILL_AREA_STYLE( '', ( #6422 ) );
#5269 = EDGE_CURVE( '', #6014, #6329, #6423, .T. );
#5270 = EDGE_CURVE( '', #6018, #6332, #6424, .T. );
#5271 = FILL_AREA_STYLE( '', ( #6425 ) );
#5272 = EDGE_CURVE( '', #6426, #6427, #6428, .T. );
#5273 = EDGE_CURVE( '', #6429, #6427, #6430, .T. );
#5274 = EDGE_CURVE( '', #6431, #6429, #6432, .T. );
#5275 = EDGE_CURVE( '', #6431, #6426, #6433, .T. );
#5276 = FILL_AREA_STYLE( '', ( #6434 ) );
#5277 = EDGE_CURVE( '', #6236, #6435, #6436, .T. );
#5278 = EDGE_CURVE( '', #6240, #6437, #6438, .T. );
#5279 = EDGE_CURVE( '', #6437, #6435, #6439, .T. );
#5280 = FILL_AREA_STYLE( '', ( #6440 ) );
#5281 = EDGE_CURVE( '', #6406, #6441, #6442, .T. );
#5282 = EDGE_CURVE( '', #6410, #6443, #6444, .T. );
#5283 = EDGE_CURVE( '', #6443, #6441, #6445, .T. );
#5284 = FILL_AREA_STYLE( '', ( #6446 ) );
#5285 = EDGE_CURVE( '', #6447, #6448, #6449, .T. );
#5286 = EDGE_CURVE( '', #6448, #5908, #6450, .T. );
#5287 = EDGE_CURVE( '', #5906, #6451, #6452, .T. );
#5288 = EDGE_CURVE( '', #6451, #6431, #6453, .T. );
#5289 = EDGE_CURVE( '', #6429, #6187, #6454, .T. );
#5290 = EDGE_CURVE( '', #6185, #6282, #6455, .T. );
#5291 = EDGE_CURVE( '', #6280, #6456, #6457, .T. );
#5292 = EDGE_CURVE( '', #6456, #6447, #6458, .T. );
#5293 = FILL_AREA_STYLE( '', ( #6459 ) );
#5294 = EDGE_CURVE( '', #6073, #5981, #6460, .T. );
#5295 = EDGE_CURVE( '', #6461, #6461, #6462, .F. );
#5296 = FILL_AREA_STYLE( '', ( #6463 ) );
#5297 = EDGE_CURVE( '', #5929, #6464, #6465, .T. );
#5298 = EDGE_CURVE( '', #5870, #6464, #6466, .T. );
#5299 = FILL_AREA_STYLE( '', ( #6467 ) );
#5300 = EDGE_CURVE( '', #6046, #6311, #6468, .T. );
#5301 = EDGE_CURVE( '', #6047, #6313, #6469, .T. );
#5302 = FILL_AREA_STYLE( '', ( #6470 ) );
#5303 = EDGE_CURVE( '', #6471, #6472, #6473, .T. );
#5304 = EDGE_CURVE( '', #6474, #6471, #6475, .T. );
#5305 = EDGE_CURVE( '', #6474, #6476, #6477, .T. );
#5306 = EDGE_CURVE( '', #6476, #6472, #6478, .T. );
#5307 = FILL_AREA_STYLE( '', ( #6479 ) );
#5308 = EDGE_CURVE( '', #6317, #6022, #6480, .T. );
#5309 = EDGE_CURVE( '', #6319, #6025, #6481, .T. );
#5310 = FILL_AREA_STYLE( '', ( #6482 ) );
#5311 = FILL_AREA_STYLE( '', ( #6483 ) );
#5312 = EDGE_CURVE( '', #5783, #6389, #6484, .T. );
#5313 = FILL_AREA_STYLE( '', ( #6485 ) );
#5314 = EDGE_CURVE( '', #6486, #5746, #6487, .T. );
#5315 = EDGE_CURVE( '', #6486, #6488, #6489, .T. );
#5316 = EDGE_CURVE( '', #6488, #5748, #6490, .T. );
#5317 = FILL_AREA_STYLE( '', ( #6491 ) );
#5318 = FILL_AREA_STYLE( '', ( #6492 ) );
#5319 = EDGE_CURVE( '', #6330, #6493, #6494, .T. );
#5320 = EDGE_CURVE( '', #6334, #6495, #6496, .T. );
#5321 = EDGE_CURVE( '', #6495, #6493, #6497, .T. );
#5322 = FILL_AREA_STYLE( '', ( #6498 ) );
#5323 = EDGE_CURVE( '', #6218, #6061, #6499, .F. );
#5324 = FILL_AREA_STYLE( '', ( #6500 ) );
#5325 = EDGE_CURVE( '', #6501, #6252, #6502, .T. );
#5326 = EDGE_CURVE( '', #6503, #6501, #6504, .T. );
#5327 = EDGE_CURVE( '', #6027, #6503, #6505, .T. );
#5328 = FILL_AREA_STYLE( '', ( #6506 ) );
#5329 = EDGE_CURVE( '', #6259, #5728, #6507, .F. );
#5330 = EDGE_CURVE( '', #5730, #6258, #6508, .T. );
#5331 = FILL_AREA_STYLE( '', ( #6509 ) );
#5332 = EDGE_CURVE( '', #6297, #5725, #6510, .T. );
#5333 = EDGE_CURVE( '', #6261, #6132, #6511, .T. );
#5334 = FILL_AREA_STYLE( '', ( #6512 ) );
#5335 = EDGE_CURVE( '', #6488, #5917, #6513, .T. );
#5336 = FILL_AREA_STYLE( '', ( #6514 ) );
#5337 = EDGE_CURVE( '', #6515, #6516, #6517, .T. );
#5338 = EDGE_CURVE( '', #6518, #6515, #6519, .T. );
#5339 = EDGE_CURVE( '', #6518, #6520, #6521, .T. );
#5340 = EDGE_CURVE( '', #6520, #6516, #6522, .T. );
#5341 = FILL_AREA_STYLE( '', ( #6523 ) );
#5342 = EDGE_CURVE( '', #6524, #6525, #6526, .T. );
#5343 = EDGE_CURVE( '', #6527, #6524, #6528, .T. );
#5344 = EDGE_CURVE( '', #6527, #6529, #6530, .T. );
#5345 = EDGE_CURVE( '', #6529, #6525, #6531, .T. );
#5346 = FILL_AREA_STYLE( '', ( #6532 ) );
#5347 = EDGE_CURVE( '', #6171, #6533, #6534, .T. );
#5348 = EDGE_CURVE( '', #6535, #6533, #6536, .F. );
#5349 = EDGE_CURVE( '', #6173, #6535, #6537, .T. );
#5350 = FILL_AREA_STYLE( '', ( #6538 ) );
#5351 = EDGE_CURVE( '', #6516, #6405, #6539, .T. );
#5352 = EDGE_CURVE( '', #6520, #6408, #6540, .T. );
#5353 = FILL_AREA_STYLE( '', ( #6541 ) );
#5354 = EDGE_CURVE( '', #6212, #6381, #6542, .F. );
#5355 = EDGE_CURVE( '', #6369, #6543, #6544, .T. );
#5356 = EDGE_CURVE( '', #6543, #6231, #6545, .F. );
#5357 = FILL_AREA_STYLE( '', ( #6546 ) );
#5358 = EDGE_CURVE( '', #6547, #6126, #6548, .T. );
#5359 = EDGE_CURVE( '', #5993, #6547, #6549, .T. );
#5360 = EDGE_CURVE( '', #5991, #6474, #6550, .T. );
#5361 = EDGE_CURVE( '', #6191, #6471, #6551, .T. );
#5362 = FILL_AREA_STYLE( '', ( #6552 ) );
#5363 = EDGE_CURVE( '', #6023, #6553, #6554, .T. );
#5364 = EDGE_CURVE( '', #6503, #6553, #6555, .T. );
#5365 = FILL_AREA_STYLE( '', ( #6556 ) );
#5366 = EDGE_CURVE( '', #6069, #6557, #6558, .T. );
#5367 = EDGE_CURVE( '', #6557, #5766, #6559, .T. );
#5368 = FILL_AREA_STYLE( '', ( #6560 ) );
#5369 = EDGE_CURVE( '', #6143, #6561, #6562, .T. );
#5370 = EDGE_CURVE( '', #5879, #6561, #6563, .T. );
#5371 = FILL_AREA_STYLE( '', ( #6564 ) );
#5372 = EDGE_CURVE( '', #6395, #5785, #6565, .T. );
#5373 = EDGE_CURVE( '', #6390, #5782, #6566, .T. );
#5374 = FILL_AREA_STYLE( '', ( #6567 ) );
#5375 = EDGE_CURVE( '', #6108, #6102, #6568, .T. );
#5376 = EDGE_CURVE( '', #6106, #6104, #6569, .T. );
#5377 = FILL_AREA_STYLE( '', ( #6570 ) );
#5378 = EDGE_CURVE( '', #6108, #6102, #6571, .F. );
#5379 = FILL_AREA_STYLE( '', ( #6572 ) );
#5380 = EDGE_CURVE( '', #6573, #6222, #6574, .T. );
#5381 = EDGE_CURVE( '', #6324, #6573, #6575, .T. );
#5382 = FILL_AREA_STYLE( '', ( #6576 ) );
#5383 = EDGE_CURVE( '', #6183, #6277, #6577, .T. );
#5384 = FILL_AREA_STYLE( '', ( #6578 ) );
#5385 = EDGE_CURVE( '', #5714, #6543, #6579, .F. );
#5386 = FILL_AREA_STYLE( '', ( #6580 ) );
#5387 = EDGE_CURVE( '', #6308, #6581, #6582, .T. );
#5388 = EDGE_CURVE( '', #6583, #6581, #6584, .F. );
#5389 = EDGE_CURVE( '', #6533, #6583, #6585, .T. );
#5390 = FILL_AREA_STYLE( '', ( #6586 ) );
#5391 = EDGE_CURVE( '', #6114, #6152, #6587, .T. );
#5392 = EDGE_CURVE( '', #5787, #6112, #6588, .T. );
#5393 = FILL_AREA_STYLE( '', ( #6589 ) );
#5394 = EDGE_CURVE( '', #5838, #6590, #6591, .T. );
#5395 = EDGE_CURVE( '', #6557, #6590, #6592, .T. );
#5396 = EDGE_CURVE( '', #5840, #6067, #6593, .T. );
#5397 = FILL_AREA_STYLE( '', ( #6594 ) );
#5398 = EDGE_CURVE( '', #6088, #6486, #6595, .T. );
#5399 = EDGE_CURVE( '', #5919, #6086, #6596, .T. );
#5400 = FILL_AREA_STYLE( '', ( #6597 ) );
#5401 = EDGE_CURVE( '', #6598, #6598, #6599, .T. );
#5402 = FILL_AREA_STYLE( '', ( #6600 ) );
#5403 = EDGE_CURVE( '', #6601, #6601, #6602, .F. );
#5404 = EDGE_CURVE( '', #6603, #6603, #6604, .T. );
#5405 = FILL_AREA_STYLE( '', ( #6605 ) );
#5406 = FILL_AREA_STYLE( '', ( #6606 ) );
#5407 = EDGE_CURVE( '', #6031, #6196, #6607, .F. );
#5408 = EDGE_CURVE( '', #6199, #6033, #6608, .T. );
#5409 = FILL_AREA_STYLE( '', ( #6609 ) );
#5410 = EDGE_CURVE( '', #6610, #6610, #6611, .T. );
#5411 = EDGE_CURVE( '', #6612, #6612, #6613, .F. );
#5412 = FILL_AREA_STYLE( '', ( #6614 ) );
#5413 = EDGE_CURVE( '', #6615, #6304, #6616, .T. );
#5414 = EDGE_CURVE( '', #6615, #6361, #6617, .T. );
#5415 = FILL_AREA_STYLE( '', ( #6618 ) );
#5416 = FILL_AREA_STYLE( '', ( #6619 ) );
#5417 = EDGE_CURVE( '', #6620, #6573, #6621, .T. );
#5418 = EDGE_CURVE( '', #6323, #6620, #6622, .T. );
#5419 = FILL_AREA_STYLE( '', ( #6623 ) );
#5420 = EDGE_CURVE( '', #6624, #5665, #6625, .T. );
#5421 = EDGE_CURVE( '', #6626, #6624, #6627, .T. );
#5422 = EDGE_CURVE( '', #6626, #5668, #6628, .T. );
#5423 = FILL_AREA_STYLE( '', ( #6629 ) );
#5424 = EDGE_CURVE( '', #6630, #6249, #6631, .T. );
#5425 = EDGE_CURVE( '', #6501, #6630, #6632, .T. );
#5426 = FILL_AREA_STYLE( '', ( #6633 ) );
#5427 = EDGE_CURVE( '', #6634, #6635, #6636, .T. );
#5428 = EDGE_CURVE( '', #6637, #6634, #6638, .T. );
#5429 = EDGE_CURVE( '', #6637, #6639, #6640, .T. );
#5430 = EDGE_CURVE( '', #6639, #6635, #6641, .T. );
#5431 = FILL_AREA_STYLE( '', ( #6642 ) );
#5432 = EDGE_CURVE( '', #6643, #6643, #6644, .T. );
#5433 = FILL_AREA_STYLE( '', ( #6645 ) );
#5434 = EDGE_CURVE( '', #5923, #6063, #6646, .F. );
#5435 = FILL_AREA_STYLE( '', ( #6647 ) );
#5436 = EDGE_CURVE( '', #6648, #6649, #6650, .T. );
#5437 = EDGE_CURVE( '', #6651, #6648, #6652, .T. );
#5438 = EDGE_CURVE( '', #6651, #6653, #6654, .T. );
#5439 = EDGE_CURVE( '', #6653, #6649, #6655, .T. );
#5440 = FILL_AREA_STYLE( '', ( #6656 ) );
#5441 = EDGE_CURVE( '', #6657, #6657, #6658, .T. );
#5442 = FILL_AREA_STYLE( '', ( #6659 ) );
#5443 = EDGE_CURVE( '', #5846, #6660, #6661, .T. );
#5444 = EDGE_CURVE( '', #5850, #6662, #6663, .T. );
#5445 = EDGE_CURVE( '', #6662, #6660, #6664, .T. );
#5446 = FILL_AREA_STYLE( '', ( #6665 ) );
#5447 = EDGE_CURVE( '', #6346, #6666, #6667, .T. );
#5448 = EDGE_CURVE( '', #6350, #6668, #6669, .T. );
#5449 = EDGE_CURVE( '', #6668, #6666, #6670, .T. );
#5450 = FILL_AREA_STYLE( '', ( #6671 ) );
#5451 = EDGE_CURVE( '', #6672, #6672, #6673, .T. );
#5452 = FILL_AREA_STYLE( '', ( #6674 ) );
#5453 = EDGE_CURVE( '', #6675, #6426, #6676, .T. );
#5454 = EDGE_CURVE( '', #6451, #6675, #6677, .T. );
#5455 = FILL_AREA_STYLE( '', ( #6678 ) );
#5456 = EDGE_CURVE( '', #5797, #6679, #6680, .T. );
#5457 = EDGE_CURVE( '', #5795, #6681, #6682, .T. );
#5458 = EDGE_CURVE( '', #6681, #6679, #6683, .T. );
#5459 = FILL_AREA_STYLE( '', ( #6684 ) );
#5460 = EDGE_CURVE( '', #6649, #6414, #6685, .T. );
#5461 = EDGE_CURVE( '', #6653, #6417, #6686, .T. );
#5462 = FILL_AREA_STYLE( '', ( #6687 ) );
#5463 = EDGE_CURVE( '', #6590, #6358, #6688, .T. );
#5464 = FILL_AREA_STYLE( '', ( #6689 ) );
#5465 = EDGE_CURVE( '', #6690, #6690, #6691, .T. );
#5466 = EDGE_CURVE( '', #6692, #6040, #6693, .T. );
#5467 = EDGE_CURVE( '', #6080, #6692, #6694, .T. );
#5468 = FILL_AREA_STYLE( '', ( #6695 ) );
#5469 = EDGE_CURVE( '', #6056, #6696, #6697, .T. );
#5470 = EDGE_CURVE( '', #5854, #6696, #6698, .T. );
#5471 = FILL_AREA_STYLE( '', ( #6699 ) );
#5472 = EDGE_CURVE( '', #6681, #5959, #6700, .T. );
#5473 = FILL_AREA_STYLE( '', ( #6701 ) );
#5474 = EDGE_CURVE( '', #6415, #6702, #6703, .T. );
#5475 = EDGE_CURVE( '', #6419, #6704, #6705, .T. );
#5476 = EDGE_CURVE( '', #6704, #6702, #6706, .T. );
#5477 = FILL_AREA_STYLE( '', ( #6707 ) );
#5478 = EDGE_CURVE( '', #6708, #6709, #6710, .T. );
#5479 = EDGE_CURVE( '', #6711, #6708, #6712, .T. );
#5480 = EDGE_CURVE( '', #6711, #6713, #6714, .T. );
#5481 = EDGE_CURVE( '', #6713, #6709, #6715, .T. );
#5482 = FILL_AREA_STYLE( '', ( #6716 ) );
#5483 = EDGE_CURVE( '', #6717, #6399, #6718, .T. );
#5484 = EDGE_CURVE( '', #6719, #6717, #6720, .T. );
#5485 = EDGE_CURVE( '', #6719, #6401, #6721, .T. );
#5486 = FILL_AREA_STYLE( '', ( #6722 ) );
#5487 = EDGE_CURVE( '', #6723, #6648, #6724, .T. );
#5488 = EDGE_CURVE( '', #6725, #6723, #6726, .T. );
#5489 = EDGE_CURVE( '', #6725, #6651, #6727, .T. );
#5490 = FILL_AREA_STYLE( '', ( #6728 ) );
#5491 = EDGE_CURVE( '', #6435, #6729, #6730, .T. );
#5492 = EDGE_CURVE( '', #6437, #6731, #6732, .T. );
#5493 = EDGE_CURVE( '', #6731, #6729, #6733, .T. );
#5494 = FILL_AREA_STYLE( '', ( #6734 ) );
#5495 = EDGE_CURVE( '', #6666, #6634, #6735, .T. );
#5496 = EDGE_CURVE( '', #6668, #6637, #6736, .T. );
#5497 = FILL_AREA_STYLE( '', ( #6737 ) );
#5498 = EDGE_CURVE( '', #6738, #6583, #6739, .F. );
#5499 = EDGE_CURVE( '', #6535, #6738, #6740, .T. );
#5500 = FILL_AREA_STYLE( '', ( #6741 ) );
#5501 = EDGE_CURVE( '', #6742, #6055, #6743, .T. );
#5502 = EDGE_CURVE( '', #5855, #6742, #6744, .T. );
#5503 = FILL_AREA_STYLE( '', ( #6745 ) );
#5504 = FILL_AREA_STYLE( '', ( #6746 ) );
#5505 = EDGE_CURVE( '', #6747, #5903, #6748, .T. );
#5506 = EDGE_CURVE( '', #6448, #6747, #6749, .T. );
#5507 = FILL_AREA_STYLE( '', ( #6750 ) );
#5508 = EDGE_CURVE( '', #5789, #6110, #6751, .T. );
#5509 = FILL_AREA_STYLE( '', ( #6752 ) );
#5510 = EDGE_CURVE( '', #6753, #6753, #6754, .T. );
#5511 = FILL_AREA_STYLE( '', ( #6755 ) );
#5512 = FILL_AREA_STYLE( '', ( #6756 ) );
#5513 = EDGE_CURVE( '', #6278, #6757, #6758, .T. );
#5514 = EDGE_CURVE( '', #6456, #6757, #6759, .T. );
#5515 = FILL_AREA_STYLE( '', ( #6760 ) );
#5516 = EDGE_CURVE( '', #6761, #6761, #6762, .T. );
#5517 = FILL_AREA_STYLE( '', ( #6763 ) );
#5518 = EDGE_CURVE( '', #6195, #6764, #6765, .T. );
#5519 = EDGE_CURVE( '', #5687, #6764, #6766, .T. );
#5520 = FILL_AREA_STYLE( '', ( #6767 ) );
#5521 = EDGE_CURVE( '', #6547, #5995, #6768, .T. );
#5522 = FILL_AREA_STYLE( '', ( #6769 ) );
#5523 = EDGE_CURVE( '', #5666, #6708, #6770, .T. );
#5524 = EDGE_CURVE( '', #5670, #6711, #6771, .T. );
#5525 = FILL_AREA_STYLE( '', ( #6772 ) );
#5526 = EDGE_CURVE( '', #6702, #6723, #6773, .T. );
#5527 = EDGE_CURVE( '', #6704, #6725, #6774, .T. );
#5528 = FILL_AREA_STYLE( '', ( #6775 ) );
#5529 = EDGE_CURVE( '', #6635, #6776, #6777, .T. );
#5530 = EDGE_CURVE( '', #6639, #6778, #6779, .T. );
#5531 = EDGE_CURVE( '', #6778, #6776, #6780, .T. );
#5532 = FILL_AREA_STYLE( '', ( #6781 ) );
#5533 = EDGE_CURVE( '', #6525, #6013, #6782, .T. );
#5534 = EDGE_CURVE( '', #6529, #6016, #6783, .T. );
#5535 = FILL_AREA_STYLE( '', ( #6784 ) );
#5536 = EDGE_CURVE( '', #5661, #6785, #6786, .T. );
#5537 = EDGE_CURVE( '', #6785, #5768, #6787, .T. );
#5538 = FILL_AREA_STYLE( '', ( #6788 ) );
#5539 = EDGE_CURVE( '', #6789, #6738, #6790, .F. );
#5540 = EDGE_CURVE( '', #6309, #6789, #6791, .T. );
#5541 = FILL_AREA_STYLE( '', ( #6792 ) );
#5542 = EDGE_CURVE( '', #5934, #6793, #6794, .T. );
#5543 = EDGE_CURVE( '', #5938, #6795, #6796, .T. );
#5544 = EDGE_CURVE( '', #6795, #6793, #6797, .T. );
#5545 = FILL_AREA_STYLE( '', ( #6798 ) );
#5546 = EDGE_CURVE( '', #6163, #5933, #6799, .T. );
#5547 = EDGE_CURVE( '', #6167, #5936, #6800, .T. );
#5548 = FILL_AREA_STYLE( '', ( #6801 ) );
#5549 = FILL_AREA_STYLE( '', ( #6802 ) );
#5550 = FILL_AREA_STYLE( '', ( #6803 ) );
#5551 = EDGE_CURVE( '', #5830, #6615, #6804, .T. );
#5552 = FILL_AREA_STYLE( '', ( #6805 ) );
#5553 = EDGE_CURVE( '', #6581, #6789, #6806, .F. );
#5554 = FILL_AREA_STYLE( '', ( #6807 ) );
#5555 = EDGE_CURVE( '', #6757, #6808, #6809, .T. );
#5556 = EDGE_CURVE( '', #6447, #6808, #6810, .T. );
#5557 = FILL_AREA_STYLE( '', ( #6811 ) );
#5558 = FILL_AREA_STYLE( '', ( #6812 ) );
#5559 = EDGE_CURVE( '', #6813, #6813, #6814, .F. );
#5560 = FILL_AREA_STYLE( '', ( #6815 ) );
#5561 = EDGE_CURVE( '', #6441, #6524, #6816, .T. );
#5562 = EDGE_CURVE( '', #6443, #6527, #6817, .T. );
#5563 = FILL_AREA_STYLE( '', ( #6818 ) );
#5564 = EDGE_CURVE( '', #6472, #6624, #6819, .T. );
#5565 = EDGE_CURVE( '', #6476, #6626, #6820, .T. );
#5566 = FILL_AREA_STYLE( '', ( #6821 ) );
#5567 = FILL_AREA_STYLE( '', ( #6822 ) );
#5568 = FILL_AREA_STYLE( '', ( #6823 ) );
#5569 = EDGE_CURVE( '', #6338, #6296, #6824, .T. );
#5570 = FILL_AREA_STYLE( '', ( #6825 ) );
#5571 = FILL_AREA_STYLE( '', ( #6826 ) );
#5572 = EDGE_CURVE( '', #6696, #6742, #6827, .T. );
#5573 = FILL_AREA_STYLE( '', ( #6828 ) );
#5574 = EDGE_CURVE( '', #6495, #6518, #6829, .T. );
#5575 = FILL_AREA_STYLE( '', ( #6830 ) );
#5576 = EDGE_CURVE( '', #5726, #6263, #6831, .T. );
#5577 = FILL_AREA_STYLE( '', ( #6832 ) );
#5578 = EDGE_CURVE( '', #6764, #5686, #6833, .T. );
#5579 = FILL_AREA_STYLE( '', ( #6834 ) );
#5580 = EDGE_CURVE( '', #6776, #6717, #6835, .T. );
#5581 = EDGE_CURVE( '', #6778, #6719, #6836, .T. );
#5582 = FILL_AREA_STYLE( '', ( #6837 ) );
#5583 = EDGE_CURVE( '', #6074, #6561, #6838, .T. );
#5584 = EDGE_CURVE( '', #6141, #6839, #6840, .T. );
#5585 = EDGE_CURVE( '', #6839, #6841, #6842, .T. );
#5586 = EDGE_CURVE( '', #6464, #6841, #6843, .T. );
#5587 = EDGE_CURVE( '', #6844, #6844, #6845, .T. );
#5588 = FILL_AREA_STYLE( '', ( #6846 ) );
#5589 = EDGE_CURVE( '', #5904, #6675, #6847, .T. );
#5590 = FILL_AREA_STYLE( '', ( #6848 ) );
#5591 = EDGE_CURVE( '', #6731, #5848, #6849, .T. );
#5592 = EDGE_CURVE( '', #6662, #6238, #6850, .T. );
#5593 = FILL_AREA_STYLE( '', ( #6851 ) );
#5594 = FILL_AREA_STYLE( '', ( #6852 ) );
#5595 = EDGE_CURVE( '', #6692, #6355, #6853, .T. );
#5596 = FILL_AREA_STYLE( '', ( #6854 ) );
#5597 = EDGE_CURVE( '', #6793, #6345, #6855, .T. );
#5598 = EDGE_CURVE( '', #6795, #6348, #6856, .T. );
#5599 = FILL_AREA_STYLE( '', ( #6857 ) );
#5600 = FILL_AREA_STYLE( '', ( #6858 ) );
#5601 = EDGE_CURVE( '', #5965, #6208, #6859, .T. );
#5602 = FILL_AREA_STYLE( '', ( #6860 ) );
#5603 = EDGE_CURVE( '', #5955, #6096, #6861, .T. );
#5604 = FILL_AREA_STYLE( '', ( #6862 ) );
#5605 = EDGE_CURVE( '', #6553, #6630, #6863, .T. );
#5606 = FILL_AREA_STYLE( '', ( #6864 ) );
#5607 = FILL_AREA_STYLE( '', ( #6865 ) );
#5608 = FILL_AREA_STYLE( '', ( #6866 ) );
#5609 = FILL_AREA_STYLE( '', ( #6867 ) );
#5610 = FILL_AREA_STYLE( '', ( #6868 ) );
#5611 = EDGE_CURVE( '', #6427, #6182, #6869, .T. );
#5612 = FILL_AREA_STYLE( '', ( #6870 ) );
#5613 = FILL_AREA_STYLE( '', ( #6871 ) );
#5614 = FILL_AREA_STYLE( '', ( #6872 ) );
#5615 = EDGE_CURVE( '', #5943, #6093, #6873, .T. );
#5616 = FILL_AREA_STYLE( '', ( #6874 ) );
#5617 = EDGE_CURVE( '', #6223, #6620, #6875, .T. );
#5618 = FILL_AREA_STYLE( '', ( #6876 ) );
#5619 = FILL_AREA_STYLE( '', ( #6877 ) );
#5620 = EDGE_CURVE( '', #6660, #6235, #6878, .T. );
#5621 = EDGE_CURVE( '', #6729, #5845, #6879, .T. );
#5622 = EDGE_CURVE( '', #6808, #6747, #6880, .T. );
#5623 = EDGE_CURVE( '', #6679, #5961, #6881, .T. );
#5624 = EDGE_CURVE( '', #6493, #6515, #6882, .T. );
#5625 = FILL_AREA_STYLE( '', ( #6883 ) );
#5626 = FILL_AREA_STYLE( '', ( #6884 ) );
#5627 = EDGE_CURVE( '', #6709, #5942, #6885, .T. );
#5628 = EDGE_CURVE( '', #6713, #5945, #6886, .T. );
#5629 = FILL_AREA_STYLE( '', ( #6887 ) );
#5630 = EDGE_CURVE( '', #5871, #6841, #6888, .T. );
#5631 = FILL_AREA_STYLE( '', ( #6889 ) );
#5632 = FILL_AREA_STYLE( '', ( #6890 ) );
#5633 = FILL_AREA_STYLE( '', ( #6891 ) );
#5634 = FILL_AREA_STYLE( '', ( #6892 ) );
#5635 = FILL_AREA_STYLE( '', ( #6893 ) );
#5636 = FILL_AREA_STYLE( '', ( #6894 ) );
#5637 = EDGE_CURVE( '', #6094, #6158, #6895, .T. );
#5638 = FILL_AREA_STYLE( '', ( #6896 ) );
#5639 = FILL_AREA_STYLE( '', ( #6897 ) );
#5640 = FILL_AREA_STYLE( '', ( #6898 ) );
#5641 = EDGE_CURVE( '', #5873, #6839, #6899, .T. );
#5642 = FILL_AREA_STYLE( '', ( #6900 ) );
#5643 = FILL_AREA_STYLE( '', ( #6901 ) );
#5644 = EDGE_CURVE( '', #6785, #5737, #6902, .T. );
#5645 = FILL_AREA_STYLE( '', ( #6903 ) );
#5646 = FILL_AREA_STYLE( '', ( #6904 ) );
#5647 = FILL_AREA_STYLE( '', ( #6905 ) );
#5648 = FILL_AREA_STYLE( '', ( #6906 ) );
#5649 = FILL_AREA_STYLE( '', ( #6907 ) );
#5650 = FILL_AREA_STYLE( '', ( #6908 ) );
#5651 = FILL_AREA_STYLE( '', ( #6909 ) );
#5652 = FILL_AREA_STYLE( '', ( #6910 ) );
#5653 = FILL_AREA_STYLE( '', ( #6911 ) );
#5654 = FILL_AREA_STYLE( '', ( #6912 ) );
#5655 = FILL_AREA_STYLE_COLOUR( '', #6913 );
#5656 = VERTEX_POINT( '', #6914 );
#5657 = VERTEX_POINT( '', #6915 );
#5658 = LINE( '', #6916, #6917 );
#5659 = VERTEX_POINT( '', #6918 );
#5660 = LINE( '', #6919, #6920 );
#5661 = VERTEX_POINT( '', #6921 );
#5662 = LINE( '', #6922, #6923 );
#5663 = LINE( '', #6924, #6925 );
#5664 = FILL_AREA_STYLE_COLOUR( '', #6926 );
#5665 = VERTEX_POINT( '', #6927 );
#5666 = VERTEX_POINT( '', #6928 );
#5667 = B_SPLINE_CURVE_WITH_KNOTS( '', 3, ( #6929, #6930, #6931, #6932 ), .UNSPECIFIED., .F., .F., ( 4, 4 ), ( 0.984247345950703, 1.00000000000000 ), .UNSPECIFIED. );
#5668 = VERTEX_POINT( '', #6933 );
#5669 = LINE( '', #6934, #6935 );
#5670 = VERTEX_POINT( '', #6936 );
#5671 = B_SPLINE_CURVE_WITH_KNOTS( '', 3, ( #6937, #6938, #6939, #6940 ), .UNSPECIFIED., .F., .F., ( 4, 4 ), ( 0.984247345950703, 1.00000000000000 ), .UNSPECIFIED. );
#5672 = LINE( '', #6941, #6942 );
#5673 = FILL_AREA_STYLE_COLOUR( '', #6943 );
#5674 = VERTEX_POINT( '', #6944 );
#5675 = CIRCLE( '', #6945, 0.500000000000000 );
#5676 = FILL_AREA_STYLE_COLOUR( '', #6946 );
#5677 = VERTEX_POINT( '', #6947 );
#5678 = VERTEX_POINT( '', #6948 );
#5679 = CIRCLE( '', #6949, 0.800000000000000 );
#5680 = VERTEX_POINT( '', #6950 );
#5681 = LINE( '', #6951, #6952 );
#5682 = VERTEX_POINT( '', #6953 );
#5683 = CIRCLE( '', #6954, 0.800000000000000 );
#5684 = LINE( '', #6955, #6956 );
#5685 = FILL_AREA_STYLE_COLOUR( '', #6957 );
#5686 = VERTEX_POINT( '', #6958 );
#5687 = VERTEX_POINT( '', #6959 );
#5688 = B_SPLINE_CURVE_WITH_KNOTS( '', 3, ( #6960, #6961, #6962, #6963, #6964, #6965, #6966 ), .UNSPECIFIED., .F., .F., ( 4, 3, 4 ), ( 0.000000000000000, 0.192828299748919, 0.254810337972094 ), .UNSPECIFIED. );
#5689 = VERTEX_POINT( '', #6967 );
#5690 = LINE( '', #6968, #6969 );
#5691 = VERTEX_POINT( '', #6970 );
#5692 = B_SPLINE_CURVE_WITH_KNOTS( '', 3, ( #6971, #6972, #6973, #6974, #6975, #6976, #6977, #6978, #6979, #6980, #6981, #6982, #6983, #6984, #6985 ), .UNSPECIFIED., .F., .F., ( 4, 3, 3, 3, 2, 4 ), ( 0.000000000000000, 0.192828299748919, 0.295900478323482, 0.355281930473563, 0.411434543107853, 0.499173000348934 ), .UNSPECIFIED. );
#5693 = VERTEX_POINT( '', #6986 );
#5694 = LINE( '', #6987, #6988 );
#5695 = VERTEX_POINT( '', #6989 );
#5696 = B_SPLINE_CURVE_WITH_KNOTS( '', 3, ( #6990, #6991, #6992, #6993, #6994, #6995 ), .UNSPECIFIED., .F., .F., ( 4, 2, 4 ), ( 0.399726856437495, 0.411434543107853, 0.499173000348934 ), .UNSPECIFIED. );
#5697 = VERTEX_POINT( '', #6996 );
#5698 = LINE( '', #6997, #6998 );
#5699 = VERTEX_POINT( '', #6999 );
#5700 = B_SPLINE_CURVE_WITH_KNOTS( '', 3, ( #7000, #7001, #7002, #7003, #7004, #7005, #7006, #7007, #7008, #7009 ), .UNSPECIFIED., .F., .F., ( 4, 3, 3, 4 ), ( 0.254810337972094, 0.295900478323482, 0.355281930473563, 0.399726857513935 ), .UNSPECIFIED. );
#5701 = LINE( '', #7010, #7011 );
#5702 = FILL_AREA_STYLE_COLOUR( '', #7012 );
#5703 = VERTEX_POINT( '', #7013 );
#5704 = VERTEX_POINT( '', #7014 );
#5705 = LINE( '', #7015, #7016 );
#5706 = VERTEX_POINT( '', #7017 );
#5707 = LINE( '', #7018, #7019 );
#5708 = VERTEX_POINT( '', #7020 );
#5709 = LINE( '', #7021, #7022 );
#5710 = VERTEX_POINT( '', #7023 );
#5711 = CIRCLE( '', #7024, 0.350000000000000 );
#5712 = VERTEX_POINT( '', #7025 );
#5713 = LINE( '', #7026, #7027 );
#5714 = VERTEX_POINT( '', #7028 );
#5715 = LINE( '', #7029, #7030 );
#5716 = VERTEX_POINT( '', #7031 );
#5717 = LINE( '', #7032, #7033 );
#5718 = CIRCLE( '', #7034, 0.0500000000000006 );
#5719 = FILL_AREA_STYLE_COLOUR( '', #7035 );
#5720 = VERTEX_POINT( '', #7036 );
#5721 = CIRCLE( '', #7037, 1.82500000000000 );
#5722 = VERTEX_POINT( '', #7038 );
#5723 = CIRCLE( '', #7039, 1.82500000000000 );
#5724 = FILL_AREA_STYLE_COLOUR( '', #7040 );
#5725 = VERTEX_POINT( '', #7041 );
#5726 = VERTEX_POINT( '', #7042 );
#5727 = LINE( '', #7043, #7044 );
#5728 = VERTEX_POINT( '', #7045 );
#5729 = LINE( '', #7046, #7047 );
#5730 = VERTEX_POINT( '', #7048 );
#5731 = LINE( '', #7049, #7050 );
#5732 = LINE( '', #7051, #7052 );
#5733 = FILL_AREA_STYLE_COLOUR( '', #7053 );
#5734 = VERTEX_POINT( '', #7054 );
#5735 = VERTEX_POINT( '', #7055 );
#5736 = CIRCLE( '', #7056, 5.00000000000000 );
#5737 = VERTEX_POINT( '', #7057 );
#5738 = LINE( '', #7058, #7059 );
#5739 = VERTEX_POINT( '', #7060 );
#5740 = CIRCLE( '', #7061, 5.00000000000000 );
#5741 = LINE( '', #7062, #7063 );
#5742 = FILL_AREA_STYLE_COLOUR( '', #7064 );
#5743 = VERTEX_POINT( '', #7065 );
#5744 = VERTEX_POINT( '', #7066 );
#5745 = LINE( '', #7067, #7068 );
#5746 = VERTEX_POINT( '', #7069 );
#5747 = LINE( '', #7070, #7071 );
#5748 = VERTEX_POINT( '', #7072 );
#5749 = CIRCLE( '', #7073, 5.00000000000000 );
#5750 = VERTEX_POINT( '', #7074 );
#5751 = LINE( '', #7075, #7076 );
#5752 = VERTEX_POINT( '', #7077 );
#5753 = LINE( '', #7078, #7079 );
#5754 = VERTEX_POINT( '', #7080 );
#5755 = LINE( '', #7081, #7082 );
#5756 = VERTEX_POINT( '', #7083 );
#5757 = CIRCLE( '', #7084, 5.00000000000000 );
#5758 = VERTEX_POINT( '', #7085 );
#5759 = LINE( '', #7086, #7087 );
#5760 = VERTEX_POINT( '', #7088 );
#5761 = LINE( '', #7089, #7090 );
#5762 = VERTEX_POINT( '', #7091 );
#5763 = LINE( '', #7092, #7093 );
#5764 = VERTEX_POINT( '', #7094 );
#5765 = CIRCLE( '', #7095, 5.00000000000000 );
#5766 = VERTEX_POINT( '', #7096 );
#5767 = LINE( '', #7097, #7098 );
#5768 = VERTEX_POINT( '', #7099 );
#5769 = LINE( '', #7100, #7101 );
#5770 = LINE( '', #7102, #7103 );
#5771 = LINE( '', #7104, #7105 );
#5772 = VERTEX_POINT( '', #7106 );
#5773 = CIRCLE( '', #7107, 0.600000000000000 );
#5774 = VERTEX_POINT( '', #7108 );
#5775 = CIRCLE( '', #7109, 0.600000000000000 );
#5776 = FILL_AREA_STYLE_COLOUR( '', #7110 );
#5777 = VERTEX_POINT( '', #7111 );
#5778 = CIRCLE( '', #7112, 0.500000000000000 );
#5779 = VERTEX_POINT( '', #7113 );
#5780 = CIRCLE( '', #7114, 0.500000000000000 );
#5781 = FILL_AREA_STYLE_COLOUR( '', #7115 );
#5782 = VERTEX_POINT( '', #7116 );
#5783 = VERTEX_POINT( '', #7117 );
#5784 = B_SPLINE_CURVE_WITH_KNOTS( '', 3, ( #7118, #7119, #7120, #7121, #7122, #7123, #7124 ), .UNSPECIFIED., .F., .F., ( 4, 3, 4 ), ( 0.187350772841435, 0.213458022359089, 0.233104840664838 ), .UNSPECIFIED. );
#5785 = VERTEX_POINT( '', #7125 );
#5786 = LINE( '', #7126, #7127 );
#5787 = VERTEX_POINT( '', #7128 );
#5788 = B_SPLINE_CURVE_WITH_KNOTS( '', 3, ( #7129, #7130, #7131, #7132, #7133, #7134 ), .UNSPECIFIED., .F., .F., ( 4, 2, 4 ), ( 0.158121122952458, 0.185823090862069, 0.187350772841435 ), .UNSPECIFIED. );
#5789 = VERTEX_POINT( '', #7135 );
#5790 = LINE( '', #7136, #7137 );
#5791 = VERTEX_POINT( '', #7138 );
#5792 = B_SPLINE_CURVE_WITH_KNOTS( '', 3, ( #7139, #7140, #7141, #7142, #7143, #7144, #7145, #7146, #7147, #7148, #7149, #7150 ), .UNSPECIFIED., .F., .F., ( 4, 3, 2, 3, 4 ), ( 0.0389852666481277, 0.0435677467798340, 0.0792300526083789, 0.137853021093658, 0.158121118426008 ), .UNSPECIFIED. );
#5793 = VERTEX_POINT( '', #7151 );
#5794 = LINE( '', #7152, #7153 );
#5795 = VERTEX_POINT( '', #7154 );
#5796 = B_SPLINE_CURVE_WITH_KNOTS( '', 3, ( #7155, #7156, #7157, #7158 ), .UNSPECIFIED., .F., .F., ( 4, 4 ), ( 0.0132586958260529, 0.0389852660703963 ), .UNSPECIFIED. );
#5797 = VERTEX_POINT( '', #7159 );
#5798 = LINE( '', #7160, #7161 );
#5799 = VERTEX_POINT( '', #7162 );
#5800 = B_SPLINE_CURVE_WITH_KNOTS( '', 3, ( #7163, #7164, #7165, #7166 ), .UNSPECIFIED., .F., .F., ( 4, 4 ), ( 0.000000000000000, 0.0132586958260529 ), .UNSPECIFIED. );
#5801 = VERTEX_POINT( '', #7167 );
#5802 = LINE( '', #7168, #7169 );
#5803 = VERTEX_POINT( '', #7170 );
#5804 = B_SPLINE_CURVE_WITH_KNOTS( '', 3, ( #7171, #7172, #7173, #7174, #7175, #7176, #7177, #7178, #7179, #7180, #7181, #7182, #7183, #7184, #7185, #7186, #7187, #7188, #7189, #7190, #7191, #7192, #7193, #7194, #7195, #7196 ), .UNSPECIFIED., .F., .F., ( 4, 3, 2, 3, 2, 3, 3, 3, 3, 4 ), ( 0.000000000000000, 0.0435677467798340, 0.0792300526083789, 0.137853021093658, 0.185823090862069, 0.213458022359089, 0.240417574286251, 0.267771210990726, 0.299022736414279, 0.361857452813977 ), .UNSPECIFIED. );
#5805 = VERTEX_POINT( '', #7197 );
#5806 = LINE( '', #7198, #7199 );
#5807 = VERTEX_POINT( '', #7200 );
#5808 = B_SPLINE_CURVE_WITH_KNOTS( '', 3, ( #7201, #7202, #7203, #7204 ), .UNSPECIFIED., .F., .F., ( 4, 4 ), ( 0.313447321283361, 0.361857452813977 ), .UNSPECIFIED. );
#5809 = VERTEX_POINT( '', #7205 );
#5810 = LINE( '', #7206, #7207 );
#5811 = VERTEX_POINT( '', #7208 );
#5812 = B_SPLINE_CURVE_WITH_KNOTS( '', 3, ( #7209, #7210, #7211, #7212, #7213, #7214, #7215 ), .UNSPECIFIED., .F., .F., ( 4, 3, 4 ), ( 0.279364399015548, 0.299022736414279, 0.313447317663930 ), .UNSPECIFIED. );
#5813 = VERTEX_POINT( '', #7216 );
#5814 = LINE( '', #7217, #7218 );
#5815 = VERTEX_POINT( '', #7219 );
#5816 = B_SPLINE_CURVE_WITH_KNOTS( '', 3, ( #7220, #7221, #7222, #7223, #7224, #7225, #7226 ), .UNSPECIFIED., .F., .F., ( 4, 3, 4 ), ( 0.258485272239658, 0.267771210990726, 0.279364399011664 ), .UNSPECIFIED. );
#5817 = VERTEX_POINT( '', #7227 );
#5818 = LINE( '', #7228, #7229 );
#5819 = VERTEX_POINT( '', #7230 );
#5820 = B_SPLINE_CURVE_WITH_KNOTS( '', 3, ( #7231, #7232, #7233, #7234, #7235, #7236, #7237 ), .UNSPECIFIED., .F., .F., ( 4, 3, 4 ), ( 0.233104840664838, 0.240417574286251, 0.258485272239658 ), .UNSPECIFIED. );
#5821 = LINE( '', #7238, #7239 );
#5822 = FILL_AREA_STYLE_COLOUR( '', #7240 );
#5823 = VERTEX_POINT( '', #7241 );
#5824 = CIRCLE( '', #7242, 1.32500000000000 );
#5825 = FILL_AREA_STYLE_COLOUR( '', #7243 );
#5826 = VERTEX_POINT( '', #7244 );
#5827 = LINE( '', #7245, #7246 );
#5828 = VERTEX_POINT( '', #7247 );
#5829 = LINE( '', #7248, #7249 );
#5830 = VERTEX_POINT( '', #7250 );
#5831 = LINE( '', #7251, #7252 );
#5832 = VERTEX_POINT( '', #7253 );
#5833 = LINE( '', #7254, #7255 );
#5834 = VERTEX_POINT( '', #7256 );
#5835 = LINE( '', #7257, #7258 );
#5836 = VERTEX_POINT( '', #7259 );
#5837 = LINE( '', #7260, #7261 );
#5838 = VERTEX_POINT( '', #7262 );
#5839 = LINE( '', #7263, #7264 );
#5840 = VERTEX_POINT( '', #7265 );
#5841 = LINE( '', #7266, #7267 );
#5842 = LINE( '', #7268, #7269 );
#5843 = LINE( '', #7270, #7271 );
#5844 = FILL_AREA_STYLE_COLOUR( '', #7272 );
#5845 = VERTEX_POINT( '', #7273 );
#5846 = VERTEX_POINT( '', #7274 );
#5847 = B_SPLINE_CURVE_WITH_KNOTS( '', 3, ( #7275, #7276, #7277, #7278 ), .UNSPECIFIED., .F., .F., ( 4, 4 ), ( 0.967967528120303, 1.00000000000000 ), .UNSPECIFIED. );
#5848 = VERTEX_POINT( '', #7279 );
#5849 = LINE( '', #7280, #7281 );
#5850 = VERTEX_POINT( '', #7282 );
#5851 = B_SPLINE_CURVE_WITH_KNOTS( '', 3, ( #7283, #7284, #7285, #7286 ), .UNSPECIFIED., .F., .F., ( 4, 4 ), ( 0.967967528120303, 1.00000000000000 ), .UNSPECIFIED. );
#5852 = LINE( '', #7287, #7288 );
#5853 = FILL_AREA_STYLE_COLOUR( '', #7289 );
#5854 = VERTEX_POINT( '', #7290 );
#5855 = VERTEX_POINT( '', #7291 );
#5856 = B_SPLINE_CURVE_WITH_KNOTS( '', 1, ( #7292, #7293 ), .UNSPECIFIED., .F., .F., ( 2, 2 ), ( 0.767088607594937, 1.00000000000000 ), .UNSPECIFIED. );
#5857 = VERTEX_POINT( '', #7294 );
#5858 = B_SPLINE_CURVE_WITH_KNOTS( '', 1, ( #7295, #7296 ), .UNSPECIFIED., .F., .F., ( 2, 2 ), ( 0.500000000000000, 0.767088607594937 ), .UNSPECIFIED. );
#5859 = VERTEX_POINT( '', #7297 );
#5860 = B_SPLINE_CURVE_WITH_KNOTS( '', 1, ( #7298, #7299 ), .UNSPECIFIED., .F., .F., ( 2, 2 ), ( 0.267088607594936, 0.500000000000000 ), .UNSPECIFIED. );
#5861 = B_SPLINE_CURVE_WITH_KNOTS( '', 1, ( #7300, #7301 ), .UNSPECIFIED., .F., .F., ( 2, 2 ), ( 0.000000000000000, 0.267088607594936 ), .UNSPECIFIED. );
#5862 = FILL_AREA_STYLE_COLOUR( '', #7302 );
#5863 = VERTEX_POINT( '', #7303 );
#5864 = CIRCLE( '', #7304, 1.92500000000000 );
#5865 = VERTEX_POINT( '', #7305 );
#5866 = CIRCLE( '', #7306, 1.92500000000000 );
#5867 = FILL_AREA_STYLE_COLOUR( '', #7307 );
#5868 = VERTEX_POINT( '', #7308 );
#5869 = CIRCLE( '', #7309, 0.500000000000000 );
#5870 = VERTEX_POINT( '', #7310 );
#5871 = VERTEX_POINT( '', #7311 );
#5872 = LINE( '', #7312, #7313 );
#5873 = VERTEX_POINT( '', #7314 );
#5874 = CIRCLE( '', #7315, 0.500000000000000 );
#5875 = VERTEX_POINT( '', #7316 );
#5876 = LINE( '', #7317, #7318 );
#5877 = VERTEX_POINT( '', #7319 );
#5878 = CIRCLE( '', #7320, 0.500000000000000 );
#5879 = VERTEX_POINT( '', #7321 );
#5880 = LINE( '', #7322, #7323 );
#5881 = VERTEX_POINT( '', #7324 );
#5882 = CIRCLE( '', #7325, 0.500000000000000 );
#5883 = VERTEX_POINT( '', #7326 );
#5884 = LINE( '', #7327, #7328 );
#5885 = VERTEX_POINT( '', #7329 );
#5886 = CIRCLE( '', #7330, 0.500000000000000 );
#5887 = VERTEX_POINT( '', #7331 );
#5888 = LINE( '', #7332, #7333 );
#5889 = VERTEX_POINT( '', #7334 );
#5890 = CIRCLE( '', #7335, 0.500000000000000 );
#5891 = VERTEX_POINT( '', #7336 );
#5892 = LINE( '', #7337, #7338 );
#5893 = VERTEX_POINT( '', #7339 );
#5894 = CIRCLE( '', #7340, 0.500000000000000 );
#5895 = VERTEX_POINT( '', #7341 );
#5896 = LINE( '', #7342, #7343 );
#5897 = VERTEX_POINT( '', #7344 );
#5898 = CIRCLE( '', #7345, 0.500000000000000 );
#5899 = VERTEX_POINT( '', #7346 );
#5900 = LINE( '', #7347, #7348 );
#5901 = CIRCLE( '', #7349, 0.500000000000000 );
#5902 = FILL_AREA_STYLE_COLOUR( '', #7350 );
#5903 = VERTEX_POINT( '', #7351 );
#5904 = VERTEX_POINT( '', #7352 );
#5905 = LINE( '', #7353, #7354 );
#5906 = VERTEX_POINT( '', #7355 );
#5907 = LINE( '', #7356, #7357 );
#5908 = VERTEX_POINT( '', #7358 );
#5909 = LINE( '', #7359, #7360 );
#5910 = LINE( '', #7361, #7362 );
#5911 = FILL_AREA_STYLE_COLOUR( '', #7363 );
#5912 = VERTEX_POINT( '', #7364 );
#5913 = LINE( '', #7365, #7366 );
#5914 = VERTEX_POINT( '', #7367 );
#5915 = LINE( '', #7368, #7369 );
#5916 = LINE( '', #7370, #7371 );
#5917 = VERTEX_POINT( '', #7372 );
#5918 = LINE( '', #7373, #7374 );
#5919 = VERTEX_POINT( '', #7375 );
#5920 = LINE( '', #7376, #7377 );
#5921 = LINE( '', #7378, #7379 );
#5922 = FILL_AREA_STYLE_COLOUR( '', #7380 );
#5923 = VERTEX_POINT( '', #7381 );
#5924 = CIRCLE( '', #7382, 2.52500000000000 );
#5925 = VERTEX_POINT( '', #7383 );
#5926 = CIRCLE( '', #7384, 0.500000000000000 );
#5927 = CIRCLE( '', #7385, 2.42500000000000 );
#5928 = FILL_AREA_STYLE_COLOUR( '', #7386 );
#5929 = VERTEX_POINT( '', #7387 );
#5930 = LINE( '', #7388, #7389 );
#5931 = CIRCLE( '', #7390, 2.42500000000000 );
#5932 = FILL_AREA_STYLE_COLOUR( '', #7391 );
#5933 = VERTEX_POINT( '', #7392 );
#5934 = VERTEX_POINT( '', #7393 );
#5935 = LINE( '', #7394, #7395 );
#5936 = VERTEX_POINT( '', #7396 );
#5937 = LINE( '', #7397, #7398 );
#5938 = VERTEX_POINT( '', #7399 );
#5939 = LINE( '', #7400, #7401 );
#5940 = LINE( '', #7402, #7403 );
#5941 = FILL_AREA_STYLE_COLOUR( '', #7404 );
#5942 = VERTEX_POINT( '', #7405 );
#5943 = VERTEX_POINT( '', #7406 );
#5944 = B_SPLINE_CURVE_WITH_KNOTS( '', 3, ( #7407, #7408, #7409, #7410, #7411, #7412, #7413 ), .UNSPECIFIED., .F., .F., ( 4, 3, 4 ), ( 0.261468230552944, 0.282521875201089, 0.349205691088141 ), .UNSPECIFIED. );
#5945 = VERTEX_POINT( '', #7414 );
#5946 = LINE( '', #7415, #7416 );
#5947 = VERTEX_POINT( '', #7417 );
#5948 = B_SPLINE_CURVE_WITH_KNOTS( '', 3, ( #7418, #7419, #7420, #7421, #7422, #7423, #7424 ), .UNSPECIFIED., .F., .F., ( 4, 3, 4 ), ( 0.261468230552944, 0.282521875201089, 0.374240109198532 ), .UNSPECIFIED. );
#5949 = VERTEX_POINT( '', #7425 );
#5950 = LINE( '', #7426, #7427 );
#5951 = VERTEX_POINT( '', #7428 );
#5952 = B_SPLINE_CURVE_WITH_KNOTS( '', 3, ( #7429, #7430, #7431, #7432 ), .UNSPECIFIED., .F., .F., ( 4, 4 ), ( 0.361131850506840, 0.374240109198532 ), .UNSPECIFIED. );
#5953 = VERTEX_POINT( '', #7433 );
#5954 = LINE( '', #7434, #7435 );
#5955 = VERTEX_POINT( '', #7436 );
#5956 = B_SPLINE_CURVE_WITH_KNOTS( '', 3, ( #7437, #7438, #7439, #7440 ), .UNSPECIFIED., .F., .F., ( 4, 4 ), ( 0.349205691088142, 0.361131850506840 ), .UNSPECIFIED. );
#5957 = LINE( '', #7441, #7442 );
#5958 = FILL_AREA_STYLE_COLOUR( '', #7443 );
#5959 = VERTEX_POINT( '', #7444 );
#5960 = LINE( '', #7445, #7446 );
#5961 = VERTEX_POINT( '', #7447 );
#5962 = LINE( '', #7448, #7449 );
#5963 = LINE( '', #7450, #7451 );
#5964 = FILL_AREA_STYLE_COLOUR( '', #7452 );
#5965 = VERTEX_POINT( '', #7453 );
#5966 = LINE( '', #7454, #7455 );
#5967 = LINE( '', #7456, #7457 );
#5968 = FILL_AREA_STYLE_COLOUR( '', #7458 );
#5969 = B_SPLINE_CURVE_WITH_KNOTS( '', 3, ( #7459, #7460, #7461, #7462, #7463, #7464, #7465, #7466, #7467, #7468, #7469, #7470, #7471, #7472, #7473 ), .UNSPECIFIED., .F., .F., ( 4, 2, 3, 3, 3, 4 ), ( 0.499173000348934, 0.614831299932541, 0.730489599516147, 0.841701158441076, 0.958540723515277, 1.00000000000000 ), .UNSPECIFIED. );
#5970 = VERTEX_POINT( '', #7474 );
#5971 = B_SPLINE_CURVE_WITH_KNOTS( '', 3, ( #7475, #7476, #7477, #7478 ), .UNSPECIFIED., .F., .F., ( 4, 4 ), ( 0.973266954868237, 1.00000000000000 ), .UNSPECIFIED. );
#5972 = VERTEX_POINT( '', #7479 );
#5973 = B_SPLINE_CURVE_WITH_KNOTS( '', 3, ( #7480, #7481, #7482, #7483 ), .UNSPECIFIED., .F., .F., ( 4, 4 ), ( 0.937811771499920, 0.973266954868237 ), .UNSPECIFIED. );
#5974 = VERTEX_POINT( '', #7484 );
#5975 = B_SPLINE_CURVE_WITH_KNOTS( '', 3, ( #7485, #7486, #7487, #7488, #7489, #7490, #7491, #7492, #7493, #7494, #7495, #7496, #7497, #7498, #7499, #7500, #7501, #7502, #7503, #7504, #7505, #7506, #7507, #7508, #7509, #7510, #7511, #7512, #7513 ), .UNSPECIFIED., .F., .F., ( 4, 3, 3, 2, 3, 2, 3, 3, 3, 3, 4 ), ( 0.552821966117895, 0.591195853023447, 0.628362709588093, 0.673645756531012, 0.718447068931985, 0.745729185612108, 0.773011302292232, 0.805021387191843, 0.851113267633909, 0.912015902936809, 0.937811771499920 ), .UNSPECIFIED. );
#5976 = VERTEX_POINT( '', #7514 );
#5977 = B_SPLINE_CURVE_WITH_KNOTS( '', 3, ( #7515, #7516, #7517, #7518 ), .UNSPECIFIED., .F., .F., ( 4, 4 ), ( 0.518355841223786, 0.552821966117895 ), .UNSPECIFIED. );
#5978 = B_SPLINE_CURVE_WITH_KNOTS( '', 3, ( #7519, #7520, #7521, #7522, #7523, #7524, #7525, #7526, #7527, #7528, #7529, #7530, #7531, #7532, #7533 ), .UNSPECIFIED., .F., .F., ( 4, 2, 3, 3, 3, 4 ), ( 0.361857452813977, 0.365353287071812, 0.403308059014016, 0.445301318245177, 0.482732751851467, 0.518355841223786 ), .UNSPECIFIED. );
#5979 = FILL_AREA_STYLE_COLOUR( '', #7534 );
#5980 = VERTEX_POINT( '', #7535 );
#5981 = VERTEX_POINT( '', #7536 );
#5982 = LINE( '', #7537, #7538 );
#5983 = CIRCLE( '', #7539, 3.12500000000000 );
#5984 = CIRCLE( '', #7540, 3.12500000000000 );
#5985 = FILL_AREA_STYLE_COLOUR( '', #7541 );
#5986 = VERTEX_POINT( '', #7542 );
#5987 = VERTEX_POINT( '', #7543 );
#5988 = B_SPLINE_CURVE_WITH_KNOTS( '', 3, ( #7544, #7545, #7546, #7547 ), .UNSPECIFIED., .F., .F., ( 4, 4 ), ( 0.536492445906294, 0.623084615957670 ), .UNSPECIFIED. );
#5989 = VERTEX_POINT( '', #7548 );
#5990 = LINE( '', #7549, #7550 );
#5991 = VERTEX_POINT( '', #7551 );
#5992 = B_SPLINE_CURVE_WITH_KNOTS( '', 3, ( #7552, #7553, #7554, #7555 ), .UNSPECIFIED., .F., .F., ( 4, 4 ), ( 0.536492445906294, 0.640874506159269 ), .UNSPECIFIED. );
#5993 = VERTEX_POINT( '', #7556 );
#5994 = LINE( '', #7557, #7558 );
#5995 = VERTEX_POINT( '', #7559 );
#5996 = B_SPLINE_CURVE_WITH_KNOTS( '', 3, ( #7560, #7561, #7562, #7563 ), .UNSPECIFIED., .F., .F., ( 4, 4 ), ( 0.638278341586978, 0.640874506159269 ), .UNSPECIFIED. );
#5997 = VERTEX_POINT( '', #7564 );
#5998 = LINE( '', #7565, #7566 );
#5999 = VERTEX_POINT( '', #7567 );
#6000 = LINE( '', #7568, #7569 );
#6001 = LINE( '', #7570, #7571 );
#6002 = FILL_AREA_STYLE_COLOUR( '', #7572 );
#6003 = VERTEX_POINT( '', #7573 );
#6004 = LINE( '', #7574, #7575 );
#6005 = LINE( '', #7576, #7577 );
#6006 = FILL_AREA_STYLE_COLOUR( '', #7578 );
#6007 = VERTEX_POINT( '', #7579 );
#6008 = LINE( '', #7580, #7581 );
#6009 = VERTEX_POINT( '', #7582 );
#6010 = LINE( '', #7583, #7584 );
#6011 = CIRCLE( '', #7585, 0.350000000000000 );
#6012 = FILL_AREA_STYLE_COLOUR( '', #7586 );
#6013 = VERTEX_POINT( '', #7587 );
#6014 = VERTEX_POINT( '', #7588 );
#6015 = B_SPLINE_CURVE_WITH_KNOTS( '', 1, ( #7589, #7590 ), .UNSPECIFIED., .F., .F., ( 2, 2 ), ( 0.486950552238425, 0.523899473310670 ), .UNSPECIFIED. );
#6016 = VERTEX_POINT( '', #7591 );
#6017 = LINE( '', #7592, #7593 );
#6018 = VERTEX_POINT( '', #7594 );
#6019 = B_SPLINE_CURVE_WITH_KNOTS( '', 1, ( #7595, #7596 ), .UNSPECIFIED., .F., .F., ( 2, 2 ), ( 0.486950552238425, 0.523899473310670 ), .UNSPECIFIED. );
#6020 = LINE( '', #7597, #7598 );
#6021 = FILL_AREA_STYLE_COLOUR( '', #7599 );
#6022 = VERTEX_POINT( '', #7600 );
#6023 = VERTEX_POINT( '', #7601 );
#6024 = B_SPLINE_CURVE_WITH_KNOTS( '', 3, ( #7602, #7603, #7604, #7605 ), .UNSPECIFIED., .F., .F., ( 4, 4 ), ( 0.362117095977395, 0.409688211292897 ), .UNSPECIFIED. );
#6025 = VERTEX_POINT( '', #7606 );
#6026 = LINE( '', #7607, #7608 );
#6027 = VERTEX_POINT( '', #7609 );
#6028 = B_SPLINE_CURVE_WITH_KNOTS( '', 3, ( #7610, #7611, #7612, #7613 ), .UNSPECIFIED., .F., .F., ( 4, 4 ), ( 0.362117095977395, 0.409688211292897 ), .UNSPECIFIED. );
#6029 = LINE( '', #7614, #7615 );
#6030 = FILL_AREA_STYLE_COLOUR( '', #7616 );
#6031 = VERTEX_POINT( '', #7617 );
#6032 = B_SPLINE_CURVE_WITH_KNOTS( '', 3, ( #7618, #7619, #7620, #7621, #7622, #7623 ), .UNSPECIFIED., .F., .F., ( 4, 2, 4 ), ( 0.499173000348934, 0.614831299932541, 0.656418187168102 ), .UNSPECIFIED. );
#6033 = VERTEX_POINT( '', #7624 );
#6034 = LINE( '', #7625, #7626 );
#6035 = LINE( '', #7627, #7628 );
#6036 = FILL_AREA_STYLE_COLOUR( '', #7629 );
#6037 = VERTEX_POINT( '', #7630 );
#6038 = VERTEX_POINT( '', #7631 );
#6039 = LINE( '', #7632, #7633 );
#6040 = VERTEX_POINT( '', #7634 );
#6041 = LINE( '', #7635, #7636 );
#6042 = VERTEX_POINT( '', #7637 );
#6043 = LINE( '', #7638, #7639 );
#6044 = LINE( '', #7640, #7641 );
#6045 = FILL_AREA_STYLE_COLOUR( '', #7642 );
#6046 = VERTEX_POINT( '', #7643 );
#6047 = VERTEX_POINT( '', #7644 );
#6048 = LINE( '', #7645, #7646 );
#6049 = VERTEX_POINT( '', #7647 );
#6050 = LINE( '', #7648, #7649 );
#6051 = VERTEX_POINT( '', #7650 );
#6052 = LINE( '', #7651, #7652 );
#6053 = LINE( '', #7653, #7654 );
#6054 = FILL_AREA_STYLE_COLOUR( '', #7655 );
#6055 = VERTEX_POINT( '', #7656 );
#6056 = VERTEX_POINT( '', #7657 );
#6057 = B_SPLINE_CURVE_WITH_KNOTS( '', 1, ( #7658, #7659 ), .UNSPECIFIED., .F., .F., ( 2, 2 ), ( 0.267088607594936, 0.500000000000000 ), .UNSPECIFIED. );
#6058 = LINE( '', #7660, #7661 );
#6059 = LINE( '', #7662, #7663 );
#6060 = FILL_AREA_STYLE_COLOUR( '', #7664 );
#6061 = VERTEX_POINT( '', #7665 );
#6062 = CIRCLE( '', #7666, 3.02500000000000 );
#6063 = VERTEX_POINT( '', #7667 );
#6064 = CIRCLE( '', #7668, 0.500000000000000 );
#6065 = CIRCLE( '', #7669, 2.52500000000000 );
#6066 = FILL_AREA_STYLE_COLOUR( '', #7670 );
#6067 = VERTEX_POINT( '', #7671 );
#6068 = LINE( '', #7672, #7673 );
#6069 = VERTEX_POINT( '', #7674 );
#6070 = CIRCLE( '', #7675, 5.00000000000000 );
#6071 = LINE( '', #7676, #7677 );
#6072 = FILL_AREA_STYLE_COLOUR( '', #7678 );
#6073 = VERTEX_POINT( '', #7679 );
#6074 = VERTEX_POINT( '', #7680 );
#6075 = LINE( '', #7681, #7682 );
#6076 = CIRCLE( '', #7683, 3.12500000000000 );
#6077 = CIRCLE( '', #7684, 3.12500000000000 );
#6078 = FILL_AREA_STYLE_COLOUR( '', #7685 );
#6079 = LINE( '', #7686, #7687 );
#6080 = VERTEX_POINT( '', #7688 );
#6081 = LINE( '', #7689, #7690 );
#6082 = VERTEX_POINT( '', #7691 );
#6083 = LINE( '', #7692, #7693 );
#6084 = VERTEX_POINT( '', #7694 );
#6085 = LINE( '', #7695, #7696 );
#6086 = VERTEX_POINT( '', #7697 );
#6087 = LINE( '', #7698, #7699 );
#6088 = VERTEX_POINT( '', #7700 );
#6089 = LINE( '', #7701, #7702 );
#6090 = LINE( '', #7703, #7704 );
#6091 = LINE( '', #7705, #7706 );
#6092 = FILL_AREA_STYLE_COLOUR( '', #7707 );
#6093 = VERTEX_POINT( '', #7708 );
#6094 = VERTEX_POINT( '', #7709 );
#6095 = LINE( '', #7710, #7711 );
#6096 = VERTEX_POINT( '', #7712 );
#6097 = LINE( '', #7713, #7714 );
#6098 = VERTEX_POINT( '', #7715 );
#6099 = LINE( '', #7716, #7717 );
#6100 = VERTEX_POINT( '', #7718 );
#6101 = LINE( '', #7719, #7720 );
#6102 = VERTEX_POINT( '', #7721 );
#6103 = LINE( '', #7722, #7723 );
#6104 = VERTEX_POINT( '', #7724 );
#6105 = LINE( '', #7725, #7726 );
#6106 = VERTEX_POINT( '', #7727 );
#6107 = LINE( '', #7728, #7729 );
#6108 = VERTEX_POINT( '', #7730 );
#6109 = LINE( '', #7731, #7732 );
#6110 = VERTEX_POINT( '', #7733 );
#6111 = LINE( '', #7734, #7735 );
#6112 = VERTEX_POINT( '', #7736 );
#6113 = LINE( '', #7737, #7738 );
#6114 = VERTEX_POINT( '', #7739 );
#6115 = LINE( '', #7740, #7741 );
#6116 = LINE( '', #7742, #7743 );
#6117 = FILL_AREA_STYLE_COLOUR( '', #7744 );
#6118 = VERTEX_POINT( '', #7745 );
#6119 = LINE( '', #7746, #7747 );
#6120 = VERTEX_POINT( '', #7748 );
#6121 = LINE( '', #7749, #7750 );
#6122 = LINE( '', #7751, #7752 );
#6123 = FILL_AREA_STYLE_COLOUR( '', #7753 );
#6124 = B_SPLINE_CURVE_WITH_KNOTS( '', 3, ( #7754, #7755, #7756, #7757, #7758, #7759 ), .UNSPECIFIED., .F., .F., ( 4, 2, 4 ), ( 0.361857452813977, 0.365353287071812, 0.388923537656512 ), .UNSPECIFIED. );
#6125 = FILL_AREA_STYLE_COLOUR( '', #7760 );
#6126 = VERTEX_POINT( '', #7761 );
#6127 = LINE( '', #7762, #7763 );
#6128 = VERTEX_POINT( '', #7764 );
#6129 = LINE( '', #7765, #7766 );
#6130 = LINE( '', #7767, #7768 );
#6131 = FILL_AREA_STYLE_COLOUR( '', #7769 );
#6132 = VERTEX_POINT( '', #7770 );
#6133 = VERTEX_POINT( '', #7771 );
#6134 = B_SPLINE_CURVE_WITH_KNOTS( '', 3, ( #7772, #7773, #7774, #7775 ), .UNSPECIFIED., .F., .F., ( 4, 4 ), ( 0.937811771499920, 0.973266954868237 ), .UNSPECIFIED. );
#6135 = LINE( '', #7776, #7777 );
#6136 = LINE( '', #7778, #7779 );
#6137 = FILL_AREA_STYLE_COLOUR( '', #7780 );
#6138 = LINE( '', #7781, #7782 );
#6139 = LINE( '', #7783, #7784 );
#6140 = FILL_AREA_STYLE_COLOUR( '', #7785 );
#6141 = VERTEX_POINT( '', #7786 );
#6142 = CIRCLE( '', #7787, 2.52500000000000 );
#6143 = VERTEX_POINT( '', #7788 );
#6144 = CIRCLE( '', #7789, 0.500000000000000 );
#6145 = CIRCLE( '', #7790, 3.02500000000000 );
#6146 = FILL_AREA_STYLE_COLOUR( '', #7791 );
#6147 = VERTEX_POINT( '', #7792 );
#6148 = CIRCLE( '', #7793, 5.00000000000000 );
#6149 = VERTEX_POINT( '', #7794 );
#6150 = CIRCLE( '', #7795, 5.00000000000000 );
#6151 = FILL_AREA_STYLE_COLOUR( '', #7796 );
#6152 = VERTEX_POINT( '', #7797 );
#6153 = VERTEX_POINT( '', #7798 );
#6154 = LINE( '', #7799, #7800 );
#6155 = VERTEX_POINT( '', #7801 );
#6156 = LINE( '', #7802, #7803 );
#6157 = B_SPLINE_CURVE_WITH_KNOTS( '', 3, ( #7804, #7805, #7806, #7807 ), .UNSPECIFIED., .F., .F., ( 4, 4 ), ( 0.520656883151474, 0.536492445906294 ), .UNSPECIFIED. );
#6158 = VERTEX_POINT( '', #7808 );
#6159 = B_SPLINE_CURVE_WITH_KNOTS( '', 3, ( #7809, #7810, #7811, #7812 ), .UNSPECIFIED., .F., .F., ( 4, 4 ), ( 0.525600339060444, 0.536492445906294 ), .UNSPECIFIED. );
#6160 = LINE( '', #7813, #7814 );
#6161 = FILL_AREA_STYLE_COLOUR( '', #7815 );
#6162 = VERTEX_POINT( '', #7816 );
#6163 = VERTEX_POINT( '', #7817 );
#6164 = LINE( '', #7818, #7819 );
#6165 = VERTEX_POINT( '', #7820 );
#6166 = LINE( '', #7821, #7822 );
#6167 = VERTEX_POINT( '', #7823 );
#6168 = LINE( '', #7824, #7825 );
#6169 = LINE( '', #7826, #7827 );
#6170 = FILL_AREA_STYLE_COLOUR( '', #7828 );
#6171 = VERTEX_POINT( '', #7829 );
#6172 = LINE( '', #7830, #7831 );
#6173 = VERTEX_POINT( '', #7832 );
#6174 = LINE( '', #7833, #7834 );
#6175 = LINE( '', #7835, #7836 );
#6176 = FILL_AREA_STYLE_COLOUR( '', #7837 );
#6177 = VERTEX_POINT( '', #7838 );
#6178 = CIRCLE( '', #7839, 0.725000000000000 );
#6179 = VERTEX_POINT( '', #7840 );
#6180 = CIRCLE( '', #7841, 0.725000000000000 );
#6181 = FILL_AREA_STYLE_COLOUR( '', #7842 );
#6182 = VERTEX_POINT( '', #7843 );
#6183 = VERTEX_POINT( '', #7844 );
#6184 = LINE( '', #7845, #7846 );
#6185 = VERTEX_POINT( '', #7847 );
#6186 = LINE( '', #7848, #7849 );
#6187 = VERTEX_POINT( '', #7850 );
#6188 = LINE( '', #7851, #7852 );
#6189 = LINE( '', #7853, #7854 );
#6190 = FILL_AREA_STYLE_COLOUR( '', #7855 );
#6191 = VERTEX_POINT( '', #7856 );
#6192 = LINE( '', #7857, #7858 );
#6193 = LINE( '', #7859, #7860 );
#6194 = FILL_AREA_STYLE_COLOUR( '', #7861 );
#6195 = VERTEX_POINT( '', #7862 );
#6196 = VERTEX_POINT( '', #7863 );
#6197 = B_SPLINE_CURVE_WITH_KNOTS( '', 3, ( #7864, #7865, #7866, #7867, #7868, #7869, #7870 ), .UNSPECIFIED., .F., .F., ( 4, 3, 4 ), ( 0.656418178599166, 0.730489599516147, 0.741608345560040 ), .UNSPECIFIED. );
#6198 = LINE( '', #7871, #7872 );
#6199 = VERTEX_POINT( '', #7873 );
#6200 = LINE( '', #7874, #7875 );
#6201 = LINE( '', #7876, #7877 );
#6202 = FILL_AREA_STYLE_COLOUR( '', #7878 );
#6203 = VERTEX_POINT( '', #7879 );
#6204 = CIRCLE( '', #7880, 0.500000000000000 );
#6205 = VERTEX_POINT( '', #7881 );
#6206 = CIRCLE( '', #7882, 0.500000000000000 );
#6207 = FILL_AREA_STYLE_COLOUR( '', #7883 );
#6208 = VERTEX_POINT( '', #7884 );
#6209 = LINE( '', #7885, #7886 );
#6210 = LINE( '', #7887, #7888 );
#6211 = FILL_AREA_STYLE_COLOUR( '', #7889 );
#6212 = VERTEX_POINT( '', #7890 );
#6213 = VERTEX_POINT( '', #7891 );
#6214 = LINE( '', #7892, #7893 );
#6215 = LINE( '', #7894, #7895 );
#6216 = LINE( '', #7896, #7897 );
#6217 = FILL_AREA_STYLE_COLOUR( '', #7898 );
#6218 = VERTEX_POINT( '', #7899 );
#6219 = CIRCLE( '', #7900, 0.500000000000000 );
#6220 = CIRCLE( '', #7901, 3.02500000000000 );
#6221 = FILL_AREA_STYLE_COLOUR( '', #7902 );
#6222 = VERTEX_POINT( '', #7903 );
#6223 = VERTEX_POINT( '', #7904 );
#6224 = B_SPLINE_CURVE_WITH_KNOTS( '', 1, ( #7905, #7906 ), .UNSPECIFIED., .F., .F., ( 2, 2 ), ( 0.427786499215071, 0.500000000000000 ), .UNSPECIFIED. );
#6225 = VERTEX_POINT( '', #7907 );
#6226 = LINE( '', #7908, #7909 );
#6227 = VERTEX_POINT( '', #7910 );
#6228 = B_SPLINE_CURVE_WITH_KNOTS( '', 1, ( #7911, #7912 ), .UNSPECIFIED., .F., .F., ( 2, 2 ), ( 0.427786499215071, 0.500000000000000 ), .UNSPECIFIED. );
#6229 = LINE( '', #7913, #7914 );
#6230 = FILL_AREA_STYLE_COLOUR( '', #7915 );
#6231 = VERTEX_POINT( '', #7916 );
#6232 = LINE( '', #7917, #7918 );
#6233 = LINE( '', #7919, #7920 );
#6234 = FILL_AREA_STYLE_COLOUR( '', #7921 );
#6235 = VERTEX_POINT( '', #7922 );
#6236 = VERTEX_POINT( '', #7923 );
#6237 = B_SPLINE_CURVE_WITH_KNOTS( '', 3, ( #7924, #7925, #7926, #7927 ), .UNSPECIFIED., .F., .F., ( 4, 4 ), ( 0.218656438483151, 0.245640314251374 ), .UNSPECIFIED. );
#6238 = VERTEX_POINT( '', #7928 );
#6239 = LINE( '', #7929, #7930 );
#6240 = VERTEX_POINT( '', #7931 );
#6241 = B_SPLINE_CURVE_WITH_KNOTS( '', 3, ( #7932, #7933, #7934, #7935 ), .UNSPECIFIED., .F., .F., ( 4, 4 ), ( 0.218656438483151, 0.245640314251374 ), .UNSPECIFIED. );
#6242 = LINE( '', #7936, #7937 );
#6243 = FILL_AREA_STYLE_COLOUR( '', #7938 );
#6244 = VERTEX_POINT( '', #7939 );
#6245 = B_SPLINE_CURVE_WITH_KNOTS( '', 3, ( #7940, #7941, #7942, #7943, #7944, #7945, #7946, #7947, #7948, #7949, #7950, #7951, #7952, #7953, #7954, #7955, #7956, #7957, #7958, #7959, #7960, #7961, #7962 ), .UNSPECIFIED., .T., .F., ( 4, 3, 2, 3, 2, 3, 3, 3, 4 ), ( 0.000000000000000, 0.146111505192002, 0.252576618225215, 0.360294261999991, 0.507022501550928, 0.646414329124318, 0.754569249265787, 0.860633886954452, 1.00000000000000 ), .UNSPECIFIED. );
#6246 = VERTEX_POINT( '', #7963 );
#6247 = B_SPLINE_CURVE_WITH_KNOTS( '', 3, ( #7964, #7965, #7966, #7967, #7968, #7969, #7970, #7971, #7972, #7973, #7974, #7975, #7976, #7977, #7978, #7979, #7980, #7981, #7982, #7983, #7984, #7985, #7986 ), .UNSPECIFIED., .T., .F., ( 4, 3, 2, 3, 2, 3, 3, 3, 4 ), ( 0.000000000000000, 0.146111505192002, 0.252576618225215, 0.360294261999991, 0.507022501550928, 0.646414329124318, 0.754569249265787, 0.860633886954452, 1.00000000000000 ), .UNSPECIFIED. );
#6248 = FILL_AREA_STYLE_COLOUR( '', #7987 );
#6249 = VERTEX_POINT( '', #7988 );
#6250 = VERTEX_POINT( '', #7989 );
#6251 = B_SPLINE_CURVE_WITH_KNOTS( '', 3, ( #7990, #7991, #7992, #7993 ), .UNSPECIFIED., .F., .F., ( 4, 4 ), ( 0.947239308468262, 1.00000000000000 ), .UNSPECIFIED. );
#6252 = VERTEX_POINT( '', #7994 );
#6253 = LINE( '', #7995, #7996 );
#6254 = VERTEX_POINT( '', #7997 );
#6255 = B_SPLINE_CURVE_WITH_KNOTS( '', 3, ( #7998, #7999, #8000, #8001 ), .UNSPECIFIED., .F., .F., ( 4, 4 ), ( 0.947239308468262, 1.00000000000000 ), .UNSPECIFIED. );
#6256 = LINE( '', #8002, #8003 );
#6257 = FILL_AREA_STYLE_COLOUR( '', #8004 );
#6258 = VERTEX_POINT( '', #8005 );
#6259 = VERTEX_POINT( '', #8006 );
#6260 = LINE( '', #8007, #8008 );
#6261 = VERTEX_POINT( '', #8009 );
#6262 = LINE( '', #8010, #8011 );
#6263 = VERTEX_POINT( '', #8012 );
#6264 = LINE( '', #8013, #8014 );
#6265 = LINE( '', #8015, #8016 );
#6266 = FILL_AREA_STYLE_COLOUR( '', #8017 );
#6267 = VERTEX_POINT( '', #8018 );
#6268 = B_SPLINE_CURVE_WITH_KNOTS( '', 3, ( #8019, #8020, #8021, #8022 ), .UNSPECIFIED., .F., .F., ( 4, 4 ), ( 0.374240109198532, 0.396128007456503 ), .UNSPECIFIED. );
#6269 = VERTEX_POINT( '', #8023 );
#6270 = B_SPLINE_CURVE_WITH_KNOTS( '', 3, ( #8024, #8025, #8026, #8027 ), .UNSPECIFIED., .F., .F., ( 4, 4 ), ( 0.374240109198532, 0.396128007456503 ), .UNSPECIFIED. );
#6271 = LINE( '', #8028, #8029 );
#6272 = FILL_AREA_STYLE_COLOUR( '', #8030 );
#6273 = VERTEX_POINT( '', #8031 );
#6274 = B_SPLINE_CURVE_WITH_KNOTS( '', 3, ( #8032, #8033, #8034, #8035, #8036, #8037, #8038 ), .UNSPECIFIED., .F., .F., ( 4, 3, 4 ), ( 0.388923540755992, 0.403308059014016, 0.419827024739847 ), .UNSPECIFIED. );
#6275 = LINE( '', #8039, #8040 );
#6276 = FILL_AREA_STYLE_COLOUR( '', #8041 );
#6277 = VERTEX_POINT( '', #8042 );
#6278 = VERTEX_POINT( '', #8043 );
#6279 = LINE( '', #8044, #8045 );
#6280 = VERTEX_POINT( '', #8046 );
#6281 = LINE( '', #8047, #8048 );
#6282 = VERTEX_POINT( '', #8049 );
#6283 = LINE( '', #8050, #8051 );
#6284 = LINE( '', #8052, #8053 );
#6285 = FILL_AREA_STYLE_COLOUR( '', #8054 );
#6286 = VERTEX_POINT( '', #8055 );
#6287 = CIRCLE( '', #8056, 4.50000000000000 );
#6288 = VERTEX_POINT( '', #8057 );
#6289 = CIRCLE( '', #8058, 5.00000000000000 );
#6290 = FILL_AREA_STYLE_COLOUR( '', #8059 );
#6291 = VERTEX_POINT( '', #8060 );
#6292 = CIRCLE( '', #8061, 0.625000000000000 );
#6293 = VERTEX_POINT( '', #8062 );
#6294 = CIRCLE( '', #8063, 0.625000000000000 );
#6295 = FILL_AREA_STYLE_COLOUR( '', #8064 );
#6296 = VERTEX_POINT( '', #8065 );
#6297 = VERTEX_POINT( '', #8066 );
#6298 = B_SPLINE_CURVE_WITH_KNOTS( '', 3, ( #8067, #8068, #8069, #8070 ), .UNSPECIFIED., .F., .F., ( 4, 4 ), ( 0.518355841223786, 0.552821966117895 ), .UNSPECIFIED. );
#6299 = LINE( '', #8071, #8072 );
#6300 = LINE( '', #8073, #8074 );
#6301 = FILL_AREA_STYLE_COLOUR( '', #8075 );
#6302 = VERTEX_POINT( '', #8076 );
#6303 = LINE( '', #8077, #8078 );
#6304 = VERTEX_POINT( '', #8079 );
#6305 = LINE( '', #8080, #8081 );
#6306 = LINE( '', #8082, #8083 );
#6307 = FILL_AREA_STYLE_COLOUR( '', #8084 );
#6308 = VERTEX_POINT( '', #8085 );
#6309 = VERTEX_POINT( '', #8086 );
#6310 = LINE( '', #8087, #8088 );
#6311 = VERTEX_POINT( '', #8089 );
#6312 = CIRCLE( '', #8090, 0.350000000000000 );
#6313 = VERTEX_POINT( '', #8091 );
#6314 = LINE( '', #8092, #8093 );
#6315 = CIRCLE( '', #8094, 0.350000000000000 );
#6316 = FILL_AREA_STYLE_COLOUR( '', #8095 );
#6317 = VERTEX_POINT( '', #8096 );
#6318 = B_SPLINE_CURVE_WITH_KNOTS( '', 3, ( #8097, #8098, #8099, #8100 ), .UNSPECIFIED., .F., .F., ( 4, 4 ), ( 0.000000000000000, 0.314257670872102 ), .UNSPECIFIED. );
#6319 = VERTEX_POINT( '', #8101 );
#6320 = B_SPLINE_CURVE_WITH_KNOTS( '', 3, ( #8102, #8103, #8104, #8105 ), .UNSPECIFIED., .F., .F., ( 4, 4 ), ( 0.000000000000000, 0.314257670872102 ), .UNSPECIFIED. );
#6321 = LINE( '', #8106, #8107 );
#6322 = FILL_AREA_STYLE_COLOUR( '', #8108 );
#6323 = VERTEX_POINT( '', #8109 );
#6324 = VERTEX_POINT( '', #8110 );
#6325 = B_SPLINE_CURVE_WITH_KNOTS( '', 1, ( #8111, #8112 ), .UNSPECIFIED., .F., .F., ( 2, 2 ), ( 0.927786499215071, 1.00000000000000 ), .UNSPECIFIED. );
#6326 = B_SPLINE_CURVE_WITH_KNOTS( '', 1, ( #8113, #8114 ), .UNSPECIFIED., .F., .F., ( 2, 2 ), ( 0.500000000000000, 0.927786499215071 ), .UNSPECIFIED. );
#6327 = B_SPLINE_CURVE_WITH_KNOTS( '', 1, ( #8115, #8116 ), .UNSPECIFIED., .F., .F., ( 2, 2 ), ( 0.000000000000000, 0.427786499215071 ), .UNSPECIFIED. );
#6328 = FILL_AREA_STYLE_COLOUR( '', #8117 );
#6329 = VERTEX_POINT( '', #8118 );
#6330 = VERTEX_POINT( '', #8119 );
#6331 = B_SPLINE_CURVE_WITH_KNOTS( '', 1, ( #8120, #8121 ), .UNSPECIFIED., .F., .F., ( 2, 2 ), ( 0.613611110426538, 0.740513905775974 ), .UNSPECIFIED. );
#6332 = VERTEX_POINT( '', #8122 );
#6333 = LINE( '', #8123, #8124 );
#6334 = VERTEX_POINT( '', #8125 );
#6335 = B_SPLINE_CURVE_WITH_KNOTS( '', 1, ( #8126, #8127 ), .UNSPECIFIED., .F., .F., ( 2, 2 ), ( 0.613611110426538, 0.740513905775974 ), .UNSPECIFIED. );
#6336 = LINE( '', #8128, #8129 );
#6337 = FILL_AREA_STYLE_COLOUR( '', #8130 );
#6338 = VERTEX_POINT( '', #8131 );
#6339 = LINE( '', #8132, #8133 );
#6340 = LINE( '', #8134, #8135 );
#6341 = FILL_AREA_STYLE_COLOUR( '', #8136 );
#6342 = VERTEX_POINT( '', #8137 );
#6343 = CIRCLE( '', #8138, 1.32500000000000 );
#6344 = FILL_AREA_STYLE_COLOUR( '', #8139 );
#6345 = VERTEX_POINT( '', #8140 );
#6346 = VERTEX_POINT( '', #8141 );
#6347 = LINE( '', #8142, #8143 );
#6348 = VERTEX_POINT( '', #8144 );
#6349 = LINE( '', #8145, #8146 );
#6350 = VERTEX_POINT( '', #8147 );
#6351 = LINE( '', #8148, #8149 );
#6352 = LINE( '', #8150, #8151 );
#6353 = FILL_AREA_STYLE_COLOUR( '', #8152 );
#6354 = LINE( '', #8153, #8154 );
#6355 = VERTEX_POINT( '', #8155 );
#6356 = LINE( '', #8156, #8157 );
#6357 = CIRCLE( '', #8158, 0.650000000000000 );
#6358 = VERTEX_POINT( '', #8159 );
#6359 = LINE( '', #8160, #8161 );
#6360 = CIRCLE( '', #8162, 0.800000000000000 );
#6361 = VERTEX_POINT( '', #8163 );
#6362 = CIRCLE( '', #8164, 0.650000000000000 );
#6363 = LINE( '', #8165, #8166 );
#6364 = VERTEX_POINT( '', #8167 );
#6365 = CIRCLE( '', #8168, 0.500000000000000 );
#6366 = VERTEX_POINT( '', #8169 );
#6367 = CIRCLE( '', #8170, 0.500000000000000 );
#6368 = FILL_AREA_STYLE_COLOUR( '', #8171 );
#6369 = VERTEX_POINT( '', #8172 );
#6370 = CIRCLE( '', #8173, 0.0500000000000006 );
#6371 = LINE( '', #8174, #8175 );
#6372 = FILL_AREA_STYLE_COLOUR( '', #8176 );
#6373 = VERTEX_POINT( '', #8177 );
#6374 = LINE( '', #8178, #8179 );
#6375 = VERTEX_POINT( '', #8180 );
#6376 = LINE( '', #8181, #8182 );
#6377 = LINE( '', #8183, #8184 );
#6378 = FILL_AREA_STYLE_COLOUR( '', #8185 );
#6379 = B_SPLINE_CURVE_WITH_KNOTS( '', 3, ( #8186, #8187, #8188, #8189 ), .UNSPECIFIED., .F., .F., ( 4, 4 ), ( 0.973266954868237, 1.00000000000000 ), .UNSPECIFIED. );
#6380 = FILL_AREA_STYLE_COLOUR( '', #8190 );
#6381 = VERTEX_POINT( '', #8191 );
#6382 = LINE( '', #8192, #8193 );
#6383 = LINE( '', #8194, #8195 );
#6384 = FILL_AREA_STYLE_COLOUR( '', #8196 );
#6385 = VERTEX_POINT( '', #8197 );
#6386 = LINE( '', #8198, #8199 );
#6387 = LINE( '', #8200, #8201 );
#6388 = FILL_AREA_STYLE_COLOUR( '', #8202 );
#6389 = VERTEX_POINT( '', #8203 );
#6390 = VERTEX_POINT( '', #8204 );
#6391 = B_SPLINE_CURVE_WITH_KNOTS( '', 3, ( #8205, #8206, #8207, #8208 ), .UNSPECIFIED., .F., .F., ( 4, 4 ), ( 0.449900275854918, 0.515713427242504 ), .UNSPECIFIED. );
#6392 = LINE( '', #8209, #8210 );
#6393 = B_SPLINE_CURVE_WITH_KNOTS( '', 3, ( #8211, #8212, #8213, #8214 ), .UNSPECIFIED., .F., .F., ( 4, 4 ), ( 0.396128007456503, 0.434706550225609 ), .UNSPECIFIED. );
#6394 = B_SPLINE_CURVE_WITH_KNOTS( '', 3, ( #8215, #8216, #8217, #8218 ), .UNSPECIFIED., .F., .F., ( 4, 4 ), ( 0.396128007456503, 0.520656883151474 ), .UNSPECIFIED. );
#6395 = VERTEX_POINT( '', #8219 );
#6396 = LINE( '', #8220, #8221 );
#6397 = LINE( '', #8222, #8223 );
#6398 = FILL_AREA_STYLE_COLOUR( '', #8224 );
#6399 = VERTEX_POINT( '', #8225 );
#6400 = LINE( '', #8226, #8227 );
#6401 = VERTEX_POINT( '', #8228 );
#6402 = LINE( '', #8229, #8230 );
#6403 = LINE( '', #8231, #8232 );
#6404 = FILL_AREA_STYLE_COLOUR( '', #8233 );
#6405 = VERTEX_POINT( '', #8234 );
#6406 = VERTEX_POINT( '', #8235 );
#6407 = B_SPLINE_CURVE_WITH_KNOTS( '', 1, ( #8236, #8237 ), .UNSPECIFIED., .F., .F., ( 2, 2 ), ( 0.971672493844612, 1.00000000000000 ), .UNSPECIFIED. );
#6408 = VERTEX_POINT( '', #8238 );
#6409 = LINE( '', #8239, #8240 );
#6410 = VERTEX_POINT( '', #8241 );
#6411 = B_SPLINE_CURVE_WITH_KNOTS( '', 1, ( #8242, #8243 ), .UNSPECIFIED., .F., .F., ( 2, 2 ), ( 0.971672493844612, 1.00000000000000 ), .UNSPECIFIED. );
#6412 = LINE( '', #8244, #8245 );
#6413 = FILL_AREA_STYLE_COLOUR( '', #8246 );
#6414 = VERTEX_POINT( '', #8247 );
#6415 = VERTEX_POINT( '', #8248 );
#6416 = B_SPLINE_CURVE_WITH_KNOTS( '', 3, ( #8249, #8250, #8251, #8252, #8253, #8254, #8255, #8256, #8257, #8258, #8259, #8260, #8261, #8262, #8263, #8264, #8265 ), .UNSPECIFIED., .F., .F., ( 4, 3, 3, 2, 2, 3, 4 ), ( 0.606662573971491, 0.756804334491811, 0.815206514537475, 0.858159583962296, 0.901112653387117, 0.951875371798270, 1.00000000000000 ), .UNSPECIFIED. );
#6417 = VERTEX_POINT( '', #8266 );
#6418 = LINE( '', #8267, #8268 );
#6419 = VERTEX_POINT( '', #8269 );
#6420 = B_SPLINE_CURVE_WITH_KNOTS( '', 3, ( #8270, #8271, #8272, #8273, #8274, #8275, #8276, #8277, #8278, #8279, #8280, #8281, #8282, #8283, #8284, #8285, #8286 ), .UNSPECIFIED., .F., .F., ( 4, 3, 3, 2, 2, 3, 4 ), ( 0.606662573971491, 0.756804334491811, 0.815206514537475, 0.858159583962296, 0.901112653387117, 0.951875371798270, 1.00000000000000 ), .UNSPECIFIED. );
#6421 = LINE( '', #8287, #8288 );
#6422 = FILL_AREA_STYLE_COLOUR( '', #8289 );
#6423 = B_SPLINE_CURVE_WITH_KNOTS( '', 1, ( #8290, #8291 ), .UNSPECIFIED., .F., .F., ( 2, 2 ), ( 0.523899473310670, 0.613611110426538 ), .UNSPECIFIED. );
#6424 = B_SPLINE_CURVE_WITH_KNOTS( '', 1, ( #8292, #8293 ), .UNSPECIFIED., .F., .F., ( 2, 2 ), ( 0.523899473310670, 0.613611110426538 ), .UNSPECIFIED. );
#6425 = FILL_AREA_STYLE_COLOUR( '', #8294 );
#6426 = VERTEX_POINT( '', #8295 );
#6427 = VERTEX_POINT( '', #8296 );
#6428 = LINE( '', #8297, #8298 );
#6429 = VERTEX_POINT( '', #8299 );
#6430 = LINE( '', #8300, #8301 );
#6431 = VERTEX_POINT( '', #8302 );
#6432 = LINE( '', #8303, #8304 );
#6433 = LINE( '', #8305, #8306 );
#6434 = FILL_AREA_STYLE_COLOUR( '', #8307 );
#6435 = VERTEX_POINT( '', #8308 );
#6436 = B_SPLINE_CURVE_WITH_KNOTS( '', 3, ( #8309, #8310, #8311, #8312, #8313, #8314, #8315, #8316, #8317, #8318, #8319, #8320, #8321, #8322, #8323, #8324, #8325, #8326 ), .UNSPECIFIED., .F., .F., ( 4, 2, 3, 3, 3, 3, 4 ), ( 0.245640314251374, 0.317563337196489, 0.348999890271838, 0.376335385920031, 0.402372375392432, 0.433633459013527, 0.550269344855437 ), .UNSPECIFIED. );
#6437 = VERTEX_POINT( '', #8327 );
#6438 = B_SPLINE_CURVE_WITH_KNOTS( '', 3, ( #8328, #8329, #8330, #8331, #8332, #8333, #8334, #8335, #8336, #8337, #8338, #8339, #8340, #8341, #8342, #8343, #8344, #8345 ), .UNSPECIFIED., .F., .F., ( 4, 2, 3, 3, 3, 3, 4 ), ( 0.245640314251374, 0.317563337196489, 0.348999890271838, 0.376335385920031, 0.402372375392432, 0.433633459013527, 0.550269344855437 ), .UNSPECIFIED. );
#6439 = LINE( '', #8346, #8347 );
#6440 = FILL_AREA_STYLE_COLOUR( '', #8348 );
#6441 = VERTEX_POINT( '', #8349 );
#6442 = B_SPLINE_CURVE_WITH_KNOTS( '', 1, ( #8350, #8351 ), .UNSPECIFIED., .F., .F., ( 2, 2 ), ( 0.000000000000000, 0.231238664377136 ), .UNSPECIFIED. );
#6443 = VERTEX_POINT( '', #8352 );
#6444 = B_SPLINE_CURVE_WITH_KNOTS( '', 1, ( #8353, #8354 ), .UNSPECIFIED., .F., .F., ( 2, 2 ), ( 0.000000000000000, 0.231238664377136 ), .UNSPECIFIED. );
#6445 = LINE( '', #8355, #8356 );
#6446 = FILL_AREA_STYLE_COLOUR( '', #8357 );
#6447 = VERTEX_POINT( '', #8358 );
#6448 = VERTEX_POINT( '', #8359 );
#6449 = LINE( '', #8360, #8361 );
#6450 = LINE( '', #8362, #8363 );
#6451 = VERTEX_POINT( '', #8364 );
#6452 = LINE( '', #8365, #8366 );
#6453 = LINE( '', #8367, #8368 );
#6454 = LINE( '', #8369, #8370 );
#6455 = LINE( '', #8371, #8372 );
#6456 = VERTEX_POINT( '', #8373 );
#6457 = LINE( '', #8374, #8375 );
#6458 = LINE( '', #8376, #8377 );
#6459 = FILL_AREA_STYLE_COLOUR( '', #8378 );
#6460 = CIRCLE( '', #8379, 0.500000000000000 );
#6461 = VERTEX_POINT( '', #8380 );
#6462 = CIRCLE( '', #8381, 3.40000000000000 );
#6463 = FILL_AREA_STYLE_COLOUR( '', #8382 );
#6464 = VERTEX_POINT( '', #8383 );
#6465 = CIRCLE( '', #8384, 0.500000000000000 );
#6466 = CIRCLE( '', #8385, 2.42500000000000 );
#6467 = FILL_AREA_STYLE_COLOUR( '', #8386 );
#6468 = LINE( '', #8387, #8388 );
#6469 = LINE( '', #8389, #8390 );
#6470 = FILL_AREA_STYLE_COLOUR( '', #8391 );
#6471 = VERTEX_POINT( '', #8392 );
#6472 = VERTEX_POINT( '', #8393 );
#6473 = B_SPLINE_CURVE_WITH_KNOTS( '', 3, ( #8394, #8395, #8396, #8397 ), .UNSPECIFIED., .F., .F., ( 4, 4 ), ( 0.751474905777646, 0.766066837949626 ), .UNSPECIFIED. );
#6474 = VERTEX_POINT( '', #8398 );
#6475 = LINE( '', #8399, #8400 );
#6476 = VERTEX_POINT( '', #8401 );
#6477 = B_SPLINE_CURVE_WITH_KNOTS( '', 3, ( #8402, #8403, #8404, #8405 ), .UNSPECIFIED., .F., .F., ( 4, 4 ), ( 0.751474905777646, 0.766066837949626 ), .UNSPECIFIED. );
#6478 = LINE( '', #8406, #8407 );
#6479 = FILL_AREA_STYLE_COLOUR( '', #8408 );
#6480 = B_SPLINE_CURVE_WITH_KNOTS( '', 3, ( #8409, #8410, #8411, #8412 ), .UNSPECIFIED., .F., .F., ( 4, 4 ), ( 0.314257670872102, 0.362117095977395 ), .UNSPECIFIED. );
#6481 = B_SPLINE_CURVE_WITH_KNOTS( '', 3, ( #8413, #8414, #8415, #8416 ), .UNSPECIFIED., .F., .F., ( 4, 4 ), ( 0.314257670872102, 0.362117095977395 ), .UNSPECIFIED. );
#6482 = FILL_AREA_STYLE_COLOUR( '', #8417 );
#6483 = FILL_AREA_STYLE_COLOUR( '', #8418 );
#6484 = LINE( '', #8419, #8420 );
#6485 = FILL_AREA_STYLE_COLOUR( '', #8421 );
#6486 = VERTEX_POINT( '', #8422 );
#6487 = LINE( '', #8423, #8424 );
#6488 = VERTEX_POINT( '', #8425 );
#6489 = CIRCLE( '', #8426, 5.00000000000000 );
#6490 = LINE( '', #8427, #8428 );
#6491 = FILL_AREA_STYLE_COLOUR( '', #8429 );
#6492 = FILL_AREA_STYLE_COLOUR( '', #8430 );
#6493 = VERTEX_POINT( '', #8431 );
#6494 = B_SPLINE_CURVE_WITH_KNOTS( '', 1, ( #8432, #8433 ), .UNSPECIFIED., .F., .F., ( 2, 2 ), ( 0.740513905775974, 0.775615380794607 ), .UNSPECIFIED. );
#6495 = VERTEX_POINT( '', #8434 );
#6496 = B_SPLINE_CURVE_WITH_KNOTS( '', 1, ( #8435, #8436 ), .UNSPECIFIED., .F., .F., ( 2, 2 ), ( 0.740513905775974, 0.775615380794607 ), .UNSPECIFIED. );
#6497 = LINE( '', #8437, #8438 );
#6498 = FILL_AREA_STYLE_COLOUR( '', #8439 );
#6499 = LINE( '', #8440, #8441 );
#6500 = FILL_AREA_STYLE_COLOUR( '', #8442 );
#6501 = VERTEX_POINT( '', #8443 );
#6502 = B_SPLINE_CURVE_WITH_KNOTS( '', 3, ( #8444, #8445, #8446, #8447, #8448, #8449, #8450, #8451, #8452, #8453, #8454, #8455, #8456, #8457, #8458 ), .UNSPECIFIED., .F., .F., ( 4, 2, 3, 3, 3, 4 ), ( 0.610658117094134, 0.649580036061722, 0.684079009692085, 0.719729512721673, 0.782879952987661, 0.947239308468262 ), .UNSPECIFIED. );
#6503 = VERTEX_POINT( '', #8459 );
#6504 = B_SPLINE_CURVE_WITH_KNOTS( '', 3, ( #8460, #8461, #8462, #8463 ), .UNSPECIFIED., .F., .F., ( 4, 4 ), ( 0.558287217147629, 0.610658117094134 ), .UNSPECIFIED. );
#6505 = B_SPLINE_CURVE_WITH_KNOTS( '', 3, ( #8464, #8465, #8466, #8467, #8468, #8469, #8470, #8471, #8472 ), .UNSPECIFIED., .F., .F., ( 4, 3, 2, 4 ), ( 0.409688211292897, 0.465068850248148, 0.502714729188323, 0.558287217147629 ), .UNSPECIFIED. );
#6506 = FILL_AREA_STYLE_COLOUR( '', #8473 );
#6507 = B_SPLINE_CURVE_WITH_KNOTS( '', 3, ( #8474, #8475, #8476, #8477, #8478, #8479 ), .UNSPECIFIED., .F., .F., ( 4, 2, 4 ), ( 0.722434955960306, 0.745729185612108, 0.746885326307301 ), .UNSPECIFIED. );
#6508 = LINE( '', #8480, #8481 );
#6509 = FILL_AREA_STYLE_COLOUR( '', #8482 );
#6510 = B_SPLINE_CURVE_WITH_KNOTS( '', 3, ( #8483, #8484, #8485, #8486, #8487, #8488, #8489, #8490, #8491, #8492, #8493, #8494, #8495, #8496, #8497 ), .UNSPECIFIED., .F., .F., ( 4, 3, 3, 2, 3, 4 ), ( 0.552821966117895, 0.591195853023447, 0.628362709588093, 0.673645756531012, 0.718447068931985, 0.722434955961076 ), .UNSPECIFIED. );
#6511 = B_SPLINE_CURVE_WITH_KNOTS( '', 3, ( #8498, #8499, #8500, #8501, #8502, #8503, #8504, #8505, #8506, #8507, #8508, #8509, #8510, #8511, #8512, #8513 ), .UNSPECIFIED., .F., .F., ( 4, 3, 3, 3, 3, 4 ), ( 0.746885326301809, 0.773011302292232, 0.805021387191843, 0.851113267633909, 0.912015902936809, 0.937811771499920 ), .UNSPECIFIED. );
#6512 = FILL_AREA_STYLE_COLOUR( '', #8514 );
#6513 = LINE( '', #8515, #8516 );
#6514 = FILL_AREA_STYLE_COLOUR( '', #8517 );
#6515 = VERTEX_POINT( '', #8518 );
#6516 = VERTEX_POINT( '', #8519 );
#6517 = B_SPLINE_CURVE_WITH_KNOTS( '', 1, ( #8520, #8521 ), .UNSPECIFIED., .F., .F., ( 2, 2 ), ( 0.877881759759685, 0.905318389752371 ), .UNSPECIFIED. );
#6518 = VERTEX_POINT( '', #8522 );
#6519 = LINE( '', #8523, #8524 );
#6520 = VERTEX_POINT( '', #8525 );
#6521 = B_SPLINE_CURVE_WITH_KNOTS( '', 1, ( #8526, #8527 ), .UNSPECIFIED., .F., .F., ( 2, 2 ), ( 0.877881759759685, 0.905318389752371 ), .UNSPECIFIED. );
#6522 = LINE( '', #8528, #8529 );
#6523 = FILL_AREA_STYLE_COLOUR( '', #8530 );
#6524 = VERTEX_POINT( '', #8531 );
#6525 = VERTEX_POINT( '', #8532 );
#6526 = B_SPLINE_CURVE_WITH_KNOTS( '', 1, ( #8533, #8534 ), .UNSPECIFIED., .F., .F., ( 2, 2 ), ( 0.259566170532524, 0.391042748014596 ), .UNSPECIFIED. );
#6527 = VERTEX_POINT( '', #8535 );
#6528 = LINE( '', #8536, #8537 );
#6529 = VERTEX_POINT( '', #8538 );
#6530 = B_SPLINE_CURVE_WITH_KNOTS( '', 1, ( #8539, #8540 ), .UNSPECIFIED., .F., .F., ( 2, 2 ), ( 0.259566170532524, 0.391042748014596 ), .UNSPECIFIED. );
#6531 = LINE( '', #8541, #8542 );
#6532 = FILL_AREA_STYLE_COLOUR( '', #8543 );
#6533 = VERTEX_POINT( '', #8544 );
#6534 = CIRCLE( '', #8545, 0.0500000000000000 );
#6535 = VERTEX_POINT( '', #8546 );
#6536 = LINE( '', #8547, #8548 );
#6537 = CIRCLE( '', #8549, 0.0500000000000000 );
#6538 = FILL_AREA_STYLE_COLOUR( '', #8550 );
#6539 = B_SPLINE_CURVE_WITH_KNOTS( '', 1, ( #8551, #8552 ), .UNSPECIFIED., .F., .F., ( 2, 2 ), ( 0.905318389752371, 0.971672493844612 ), .UNSPECIFIED. );
#6540 = B_SPLINE_CURVE_WITH_KNOTS( '', 1, ( #8553, #8554 ), .UNSPECIFIED., .F., .F., ( 2, 2 ), ( 0.905318389752371, 0.971672493844612 ), .UNSPECIFIED. );
#6541 = FILL_AREA_STYLE_COLOUR( '', #8555 );
#6542 = LINE( '', #8556, #8557 );
#6543 = VERTEX_POINT( '', #8558 );
#6544 = LINE( '', #8559, #8560 );
#6545 = LINE( '', #8561, #8562 );
#6546 = FILL_AREA_STYLE_COLOUR( '', #8563 );
#6547 = VERTEX_POINT( '', #8564 );
#6548 = LINE( '', #8565, #8566 );
#6549 = B_SPLINE_CURVE_WITH_KNOTS( '', 3, ( #8567, #8568, #8569, #8570 ), .UNSPECIFIED., .F., .F., ( 4, 4 ), ( 0.640874506159269, 0.642911735205082 ), .UNSPECIFIED. );
#6550 = B_SPLINE_CURVE_WITH_KNOTS( '', 3, ( #8571, #8572, #8573, #8574 ), .UNSPECIFIED., .F., .F., ( 4, 4 ), ( 0.640874506159269, 0.751474905777646 ), .UNSPECIFIED. );
#6551 = B_SPLINE_CURVE_WITH_KNOTS( '', 3, ( #8575, #8576, #8577, #8578 ), .UNSPECIFIED., .F., .F., ( 4, 4 ), ( 0.654834361180533, 0.751474905777646 ), .UNSPECIFIED. );
#6552 = FILL_AREA_STYLE_COLOUR( '', #8579 );
#6553 = VERTEX_POINT( '', #8580 );
#6554 = B_SPLINE_CURVE_WITH_KNOTS( '', 3, ( #8581, #8582, #8583, #8584, #8585, #8586, #8587, #8588, #8589 ), .UNSPECIFIED., .F., .F., ( 4, 3, 2, 4 ), ( 0.409688211292897, 0.465068850248148, 0.502714729188323, 0.558287217147629 ), .UNSPECIFIED. );
#6555 = LINE( '', #8590, #8591 );
#6556 = FILL_AREA_STYLE_COLOUR( '', #8592 );
#6557 = VERTEX_POINT( '', #8593 );
#6558 = LINE( '', #8594, #8595 );
#6559 = LINE( '', #8596, #8597 );
#6560 = FILL_AREA_STYLE_COLOUR( '', #8598 );
#6561 = VERTEX_POINT( '', #8599 );
#6562 = LINE( '', #8600, #8601 );
#6563 = CIRCLE( '', #8602, 3.02500000000000 );
#6564 = FILL_AREA_STYLE_COLOUR( '', #8603 );
#6565 = LINE( '', #8604, #8605 );
#6566 = LINE( '', #8606, #8607 );
#6567 = FILL_AREA_STYLE_COLOUR( '', #8608 );
#6568 = CIRCLE( '', #8609, 4.50000000000000 );
#6569 = CIRCLE( '', #8610, 4.50000000000000 );
#6570 = FILL_AREA_STYLE_COLOUR( '', #8611 );
#6571 = CIRCLE( '', #8612, 4.50000000000000 );
#6572 = FILL_AREA_STYLE_COLOUR( '', #8613 );
#6573 = VERTEX_POINT( '', #8614 );
#6574 = B_SPLINE_CURVE_WITH_KNOTS( '', 1, ( #8615, #8616 ), .UNSPECIFIED., .F., .F., ( 2, 2 ), ( 0.000000000000000, 0.427786499215071 ), .UNSPECIFIED. );
#6575 = LINE( '', #8617, #8618 );
#6576 = FILL_AREA_STYLE_COLOUR( '', #8619 );
#6577 = LINE( '', #8620, #8621 );
#6578 = FILL_AREA_STYLE_COLOUR( '', #8622 );
#6579 = LINE( '', #8623, #8624 );
#6580 = FILL_AREA_STYLE_COLOUR( '', #8625 );
#6581 = VERTEX_POINT( '', #8626 );
#6582 = LINE( '', #8627, #8628 );
#6583 = VERTEX_POINT( '', #8629 );
#6584 = LINE( '', #8630, #8631 );
#6585 = LINE( '', #8632, #8633 );
#6586 = FILL_AREA_STYLE_COLOUR( '', #8634 );
#6587 = LINE( '', #8635, #8636 );
#6588 = LINE( '', #8637, #8638 );
#6589 = FILL_AREA_STYLE_COLOUR( '', #8639 );
#6590 = VERTEX_POINT( '', #8640 );
#6591 = CIRCLE( '', #8641, 0.800000000000000 );
#6592 = LINE( '', #8642, #8643 );
#6593 = LINE( '', #8644, #8645 );
#6594 = FILL_AREA_STYLE_COLOUR( '', #8646 );
#6595 = LINE( '', #8647, #8648 );
#6596 = LINE( '', #8649, #8650 );
#6597 = FILL_AREA_STYLE_COLOUR( '', #8651 );
#6598 = VERTEX_POINT( '', #8652 );
#6599 = CIRCLE( '', #8653, 3.50000000000000 );
#6600 = FILL_AREA_STYLE_COLOUR( '', #8654 );
#6601 = VERTEX_POINT( '', #8655 );
#6602 = CIRCLE( '', #8656, 4.45000000000000 );
#6603 = VERTEX_POINT( '', #8657 );
#6604 = CIRCLE( '', #8658, 4.72500000000013 );
#6605 = FILL_AREA_STYLE_COLOUR( '', #8659 );
#6606 = FILL_AREA_STYLE_COLOUR( '', #8660 );
#6607 = LINE( '', #8661, #8662 );
#6608 = LINE( '', #8663, #8664 );
#6609 = FILL_AREA_STYLE_COLOUR( '', #8665 );
#6610 = VERTEX_POINT( '', #8666 );
#6611 = CIRCLE( '', #8667, 4.72500000000007 );
#6612 = VERTEX_POINT( '', #8668 );
#6613 = CIRCLE( '', #8669, 4.45000000000000 );
#6614 = FILL_AREA_STYLE_COLOUR( '', #8670 );
#6615 = VERTEX_POINT( '', #8671 );
#6616 = CIRCLE( '', #8672, 0.650000000000000 );
#6617 = LINE( '', #8673, #8674 );
#6618 = FILL_AREA_STYLE_COLOUR( '', #8675 );
#6619 = FILL_AREA_STYLE_COLOUR( '', #8676 );
#6620 = VERTEX_POINT( '', #8677 );
#6621 = B_SPLINE_CURVE_WITH_KNOTS( '', 1, ( #8678, #8679 ), .UNSPECIFIED., .F., .F., ( 2, 2 ), ( 0.927786499215071, 1.00000000000000 ), .UNSPECIFIED. );
#6622 = LINE( '', #8680, #8681 );
#6623 = FILL_AREA_STYLE_COLOUR( '', #8682 );
#6624 = VERTEX_POINT( '', #8683 );
#6625 = B_SPLINE_CURVE_WITH_KNOTS( '', 3, ( #8684, #8685, #8686, #8687 ), .UNSPECIFIED., .F., .F., ( 4, 4 ), ( 0.878124202881752, 0.984247345950703 ), .UNSPECIFIED. );
#6626 = VERTEX_POINT( '', #8688 );
#6627 = LINE( '', #8689, #8690 );
#6628 = B_SPLINE_CURVE_WITH_KNOTS( '', 3, ( #8691, #8692, #8693, #8694 ), .UNSPECIFIED., .F., .F., ( 4, 4 ), ( 0.878124202881752, 0.984247345950703 ), .UNSPECIFIED. );
#6629 = FILL_AREA_STYLE_COLOUR( '', #8695 );
#6630 = VERTEX_POINT( '', #8696 );
#6631 = B_SPLINE_CURVE_WITH_KNOTS( '', 3, ( #8697, #8698, #8699, #8700, #8701, #8702, #8703, #8704, #8705, #8706, #8707, #8708, #8709, #8710, #8711 ), .UNSPECIFIED., .F., .F., ( 4, 2, 3, 3, 3, 4 ), ( 0.610658117094134, 0.649580036061722, 0.684079009692085, 0.719729512721673, 0.782879952987661, 0.947239308468262 ), .UNSPECIFIED. );
#6632 = LINE( '', #8712, #8713 );
#6633 = FILL_AREA_STYLE_COLOUR( '', #8714 );
#6634 = VERTEX_POINT( '', #8715 );
#6635 = VERTEX_POINT( '', #8716 );
#6636 = LINE( '', #8717, #8718 );
#6637 = VERTEX_POINT( '', #8719 );
#6638 = LINE( '', #8720, #8721 );
#6639 = VERTEX_POINT( '', #8722 );
#6640 = LINE( '', #8723, #8724 );
#6641 = LINE( '', #8725, #8726 );
#6642 = FILL_AREA_STYLE_COLOUR( '', #8727 );
#6643 = VERTEX_POINT( '', #8728 );
#6644 = CIRCLE( '', #8729, 1.22500000000000 );
#6645 = FILL_AREA_STYLE_COLOUR( '', #8730 );
#6646 = LINE( '', #8731, #8732 );
#6647 = FILL_AREA_STYLE_COLOUR( '', #8733 );
#6648 = VERTEX_POINT( '', #8734 );
#6649 = VERTEX_POINT( '', #8735 );
#6650 = B_SPLINE_CURVE_WITH_KNOTS( '', 3, ( #8736, #8737, #8738, #8739 ), .UNSPECIFIED., .F., .F., ( 4, 4 ), ( 0.558846726672027, 0.580204471799121 ), .UNSPECIFIED. );
#6651 = VERTEX_POINT( '', #8740 );
#6652 = LINE( '', #8741, #8742 );
#6653 = VERTEX_POINT( '', #8743 );
#6654 = B_SPLINE_CURVE_WITH_KNOTS( '', 3, ( #8744, #8745, #8746, #8747 ), .UNSPECIFIED., .F., .F., ( 4, 4 ), ( 0.558846726672027, 0.580204471799121 ), .UNSPECIFIED. );
#6655 = LINE( '', #8748, #8749 );
#6656 = FILL_AREA_STYLE_COLOUR( '', #8750 );
#6657 = VERTEX_POINT( '', #8751 );
#6658 = CIRCLE( '', #8752, 5.00000000000000 );
#6659 = FILL_AREA_STYLE_COLOUR( '', #8753 );
#6660 = VERTEX_POINT( '', #8754 );
#6661 = B_SPLINE_CURVE_WITH_KNOTS( '', 3, ( #8755, #8756, #8757, #8758 ), .UNSPECIFIED., .F., .F., ( 4, 4 ), ( 0.000000000000000, 0.189757577982989 ), .UNSPECIFIED. );
#6662 = VERTEX_POINT( '', #8759 );
#6663 = B_SPLINE_CURVE_WITH_KNOTS( '', 3, ( #8760, #8761, #8762, #8763 ), .UNSPECIFIED., .F., .F., ( 4, 4 ), ( 0.000000000000000, 0.189757577982989 ), .UNSPECIFIED. );
#6664 = LINE( '', #8764, #8765 );
#6665 = FILL_AREA_STYLE_COLOUR( '', #8766 );
#6666 = VERTEX_POINT( '', #8767 );
#6667 = LINE( '', #8768, #8769 );
#6668 = VERTEX_POINT( '', #8770 );
#6669 = LINE( '', #8771, #8772 );
#6670 = LINE( '', #8773, #8774 );
#6671 = FILL_AREA_STYLE_COLOUR( '', #8775 );
#6672 = VERTEX_POINT( '', #8776 );
#6673 = CIRCLE( '', #8777, 1.22500000000000 );
#6674 = FILL_AREA_STYLE_COLOUR( '', #8778 );
#6675 = VERTEX_POINT( '', #8779 );
#6676 = LINE( '', #8780, #8781 );
#6677 = LINE( '', #8782, #8783 );
#6678 = FILL_AREA_STYLE_COLOUR( '', #8784 );
#6679 = VERTEX_POINT( '', #8785 );
#6680 = LINE( '', #8786, #8787 );
#6681 = VERTEX_POINT( '', #8788 );
#6682 = LINE( '', #8789, #8790 );
#6683 = LINE( '', #8791, #8792 );
#6684 = FILL_AREA_STYLE_COLOUR( '', #8793 );
#6685 = B_SPLINE_CURVE_WITH_KNOTS( '', 3, ( #8794, #8795, #8796, #8797 ), .UNSPECIFIED., .F., .F., ( 4, 4 ), ( 0.580204471799121, 0.606662573971491 ), .UNSPECIFIED. );
#6686 = B_SPLINE_CURVE_WITH_KNOTS( '', 3, ( #8798, #8799, #8800, #8801 ), .UNSPECIFIED., .F., .F., ( 4, 4 ), ( 0.580204471799121, 0.606662573971491 ), .UNSPECIFIED. );
#6687 = FILL_AREA_STYLE_COLOUR( '', #8802 );
#6688 = LINE( '', #8803, #8804 );
#6689 = FILL_AREA_STYLE_COLOUR( '', #8805 );
#6690 = VERTEX_POINT( '', #8806 );
#6691 = CIRCLE( '', #8807, 0.600000000000000 );
#6692 = VERTEX_POINT( '', #8808 );
#6693 = CIRCLE( '', #8809, 0.650000000000000 );
#6694 = LINE( '', #8810, #8811 );
#6695 = FILL_AREA_STYLE_COLOUR( '', #8812 );
#6696 = VERTEX_POINT( '', #8813 );
#6697 = B_SPLINE_CURVE_WITH_KNOTS( '', 1, ( #8814, #8815 ), .UNSPECIFIED., .F., .F., ( 2, 2 ), ( 0.500000000000000, 0.767088607594937 ), .UNSPECIFIED. );
#6698 = LINE( '', #8816, #8817 );
#6699 = FILL_AREA_STYLE_COLOUR( '', #8818 );
#6700 = LINE( '', #8819, #8820 );
#6701 = FILL_AREA_STYLE_COLOUR( '', #8821 );
#6702 = VERTEX_POINT( '', #8822 );
#6703 = B_SPLINE_CURVE_WITH_KNOTS( '', 3, ( #8823, #8824, #8825, #8826 ), .UNSPECIFIED., .F., .F., ( 4, 4 ), ( 0.000000000000000, 0.0289434027834783 ), .UNSPECIFIED. );
#6704 = VERTEX_POINT( '', #8827 );
#6705 = B_SPLINE_CURVE_WITH_KNOTS( '', 3, ( #8828, #8829, #8830, #8831 ), .UNSPECIFIED., .F., .F., ( 4, 4 ), ( 0.000000000000000, 0.0289434027834783 ), .UNSPECIFIED. );
#6706 = LINE( '', #8832, #8833 );
#6707 = FILL_AREA_STYLE_COLOUR( '', #8834 );
#6708 = VERTEX_POINT( '', #8835 );
#6709 = VERTEX_POINT( '', #8836 );
#6710 = B_SPLINE_CURVE_WITH_KNOTS( '', 3, ( #8837, #8838, #8839, #8840 ), .UNSPECIFIED., .F., .F., ( 4, 4 ), ( 0.124528875694971, 0.149069852529666 ), .UNSPECIFIED. );
#6711 = VERTEX_POINT( '', #8841 );
#6712 = LINE( '', #8842, #8843 );
#6713 = VERTEX_POINT( '', #8844 );
#6714 = B_SPLINE_CURVE_WITH_KNOTS( '', 3, ( #8845, #8846, #8847, #8848 ), .UNSPECIFIED., .F., .F., ( 4, 4 ), ( 0.124528875694971, 0.149069852529666 ), .UNSPECIFIED. );
#6715 = LINE( '', #8849, #8850 );
#6716 = FILL_AREA_STYLE_COLOUR( '', #8851 );
#6717 = VERTEX_POINT( '', #8852 );
#6718 = LINE( '', #8853, #8854 );
#6719 = VERTEX_POINT( '', #8855 );
#6720 = LINE( '', #8856, #8857 );
#6721 = LINE( '', #8858, #8859 );
#6722 = FILL_AREA_STYLE_COLOUR( '', #8860 );
#6723 = VERTEX_POINT( '', #8861 );
#6724 = B_SPLINE_CURVE_WITH_KNOTS( '', 3, ( #8862, #8863, #8864, #8865, #8866, #8867, #8868, #8869, #8870, #8871, #8872, #8873, #8874, #8875, #8876, #8877, #8878 ), .UNSPECIFIED., .F., .F., ( 4, 2, 3, 2, 2, 2, 2, 4 ), ( 0.182860790289622, 0.235547193108223, 0.301844249988295, 0.367171546661368, 0.411439385854306, 0.455707225047244, 0.499975064240182, 0.558846726672027 ), .UNSPECIFIED. );
#6725 = VERTEX_POINT( '', #8879 );
#6726 = LINE( '', #8880, #8881 );
#6727 = B_SPLINE_CURVE_WITH_KNOTS( '', 3, ( #8882, #8883, #8884, #8885, #8886, #8887, #8888, #8889, #8890, #8891, #8892, #8893, #8894, #8895, #8896, #8897, #8898 ), .UNSPECIFIED., .F., .F., ( 4, 2, 3, 2, 2, 2, 2, 4 ), ( 0.182860790289622, 0.235547193108223, 0.301844249988295, 0.367171546661368, 0.411439385854306, 0.455707225047244, 0.499975064240182, 0.558846726672027 ), .UNSPECIFIED. );
#6728 = FILL_AREA_STYLE_COLOUR( '', #8899 );
#6729 = VERTEX_POINT( '', #8900 );
#6730 = B_SPLINE_CURVE_WITH_KNOTS( '', 3, ( #8901, #8902, #8903, #8904 ), .UNSPECIFIED., .F., .F., ( 4, 4 ), ( 0.550269344855437, 0.582301816735135 ), .UNSPECIFIED. );
#6731 = VERTEX_POINT( '', #8905 );
#6732 = B_SPLINE_CURVE_WITH_KNOTS( '', 3, ( #8906, #8907, #8908, #8909 ), .UNSPECIFIED., .F., .F., ( 4, 4 ), ( 0.550269344855437, 0.582301816735135 ), .UNSPECIFIED. );
#6733 = LINE( '', #8910, #8911 );
#6734 = FILL_AREA_STYLE_COLOUR( '', #8912 );
#6735 = LINE( '', #8913, #8914 );
#6736 = LINE( '', #8915, #8916 );
#6737 = FILL_AREA_STYLE_COLOUR( '', #8917 );
#6738 = VERTEX_POINT( '', #8918 );
#6739 = LINE( '', #8919, #8920 );
#6740 = LINE( '', #8921, #8922 );
#6741 = FILL_AREA_STYLE_COLOUR( '', #8923 );
#6742 = VERTEX_POINT( '', #8924 );
#6743 = B_SPLINE_CURVE_WITH_KNOTS( '', 1, ( #8925, #8926 ), .UNSPECIFIED., .F., .F., ( 2, 2 ), ( 0.000000000000000, 0.267088607594936 ), .UNSPECIFIED. );
#6744 = LINE( '', #8927, #8928 );
#6745 = FILL_AREA_STYLE_COLOUR( '', #8929 );
#6746 = FILL_AREA_STYLE_COLOUR( '', #8930 );
#6747 = VERTEX_POINT( '', #8931 );
#6748 = LINE( '', #8932, #8933 );
#6749 = LINE( '', #8934, #8935 );
#6750 = FILL_AREA_STYLE_COLOUR( '', #8936 );
#6751 = LINE( '', #8937, #8938 );
#6752 = FILL_AREA_STYLE_COLOUR( '', #8939 );
#6753 = VERTEX_POINT( '', #8940 );
#6754 = CIRCLE( '', #8941, 3.50000000000000 );
#6755 = FILL_AREA_STYLE_COLOUR( '', #8942 );
#6756 = FILL_AREA_STYLE_COLOUR( '', #8943 );
#6757 = VERTEX_POINT( '', #8944 );
#6758 = LINE( '', #8945, #8946 );
#6759 = LINE( '', #8947, #8948 );
#6760 = FILL_AREA_STYLE_COLOUR( '', #8949 );
#6761 = VERTEX_POINT( '', #8950 );
#6762 = CIRCLE( '', #8951, 0.500000000000000 );
#6763 = FILL_AREA_STYLE_COLOUR( '', #8952 );
#6764 = VERTEX_POINT( '', #8953 );
#6765 = LINE( '', #8954, #8955 );
#6766 = LINE( '', #8956, #8957 );
#6767 = FILL_AREA_STYLE_COLOUR( '', #8958 );
#6768 = LINE( '', #8959, #8960 );
#6769 = FILL_AREA_STYLE_COLOUR( '', #8961 );
#6770 = B_SPLINE_CURVE_WITH_KNOTS( '', 3, ( #8962, #8963, #8964, #8965 ), .UNSPECIFIED., .F., .F., ( 4, 4 ), ( 0.000000000000000, 0.124528875694971 ), .UNSPECIFIED. );
#6771 = B_SPLINE_CURVE_WITH_KNOTS( '', 3, ( #8966, #8967, #8968, #8969 ), .UNSPECIFIED., .F., .F., ( 4, 4 ), ( 0.000000000000000, 0.124528875694971 ), .UNSPECIFIED. );
#6772 = FILL_AREA_STYLE_COLOUR( '', #8970 );
#6773 = B_SPLINE_CURVE_WITH_KNOTS( '', 3, ( #8971, #8972, #8973, #8974, #8975, #8976, #8977, #8978, #8979, #8980, #8981, #8982, #8983, #8984 ), .UNSPECIFIED., .F., .F., ( 4, 3, 2, 2, 3, 4 ), ( 0.0289434027834783, 0.0517568870854070, 0.0811100186776973, 0.113031549284314, 0.144953079890931, 0.182860790289622 ), .UNSPECIFIED. );
#6774 = B_SPLINE_CURVE_WITH_KNOTS( '', 3, ( #8985, #8986, #8987, #8988, #8989, #8990, #8991, #8992, #8993, #8994, #8995, #8996, #8997, #8998 ), .UNSPECIFIED., .F., .F., ( 4, 3, 2, 2, 3, 4 ), ( 0.0289434027834783, 0.0517568870854070, 0.0811100186776973, 0.113031549284314, 0.144953079890931, 0.182860790289622 ), .UNSPECIFIED. );
#6775 = FILL_AREA_STYLE_COLOUR( '', #8999 );
#6776 = VERTEX_POINT( '', #9000 );
#6777 = LINE( '', #9001, #9002 );
#6778 = VERTEX_POINT( '', #9003 );
#6779 = LINE( '', #9004, #9005 );
#6780 = LINE( '', #9006, #9007 );
#6781 = FILL_AREA_STYLE_COLOUR( '', #9008 );
#6782 = B_SPLINE_CURVE_WITH_KNOTS( '', 1, ( #9009, #9010 ), .UNSPECIFIED., .F., .F., ( 2, 2 ), ( 0.391042748014596, 0.486950552238425 ), .UNSPECIFIED. );
#6783 = B_SPLINE_CURVE_WITH_KNOTS( '', 1, ( #9011, #9012 ), .UNSPECIFIED., .F., .F., ( 2, 2 ), ( 0.391042748014596, 0.486950552238425 ), .UNSPECIFIED. );
#6784 = FILL_AREA_STYLE_COLOUR( '', #9013 );
#6785 = VERTEX_POINT( '', #9014 );
#6786 = LINE( '', #9015, #9016 );
#6787 = LINE( '', #9017, #9018 );
#6788 = FILL_AREA_STYLE_COLOUR( '', #9019 );
#6789 = VERTEX_POINT( '', #9020 );
#6790 = LINE( '', #9021, #9022 );
#6791 = LINE( '', #9023, #9024 );
#6792 = FILL_AREA_STYLE_COLOUR( '', #9025 );
#6793 = VERTEX_POINT( '', #9026 );
#6794 = LINE( '', #9027, #9028 );
#6795 = VERTEX_POINT( '', #9029 );
#6796 = LINE( '', #9030, #9031 );
#6797 = LINE( '', #9032, #9033 );
#6798 = FILL_AREA_STYLE_COLOUR( '', #9034 );
#6799 = LINE( '', #9035, #9036 );
#6800 = LINE( '', #9037, #9038 );
#6801 = FILL_AREA_STYLE_COLOUR( '', #9039 );
#6802 = FILL_AREA_STYLE_COLOUR( '', #9040 );
#6803 = FILL_AREA_STYLE_COLOUR( '', #9041 );
#6804 = LINE( '', #9042, #9043 );
#6805 = FILL_AREA_STYLE_COLOUR( '', #9044 );
#6806 = LINE( '', #9045, #9046 );
#6807 = FILL_AREA_STYLE_COLOUR( '', #9047 );
#6808 = VERTEX_POINT( '', #9048 );
#6809 = LINE( '', #9049, #9050 );
#6810 = LINE( '', #9051, #9052 );
#6811 = FILL_AREA_STYLE_COLOUR( '', #9053 );
#6812 = FILL_AREA_STYLE_COLOUR( '', #9054 );
#6813 = VERTEX_POINT( '', #9055 );
#6814 = CIRCLE( '', #9056, 0.600000000000000 );
#6815 = FILL_AREA_STYLE_COLOUR( '', #9057 );
#6816 = B_SPLINE_CURVE_WITH_KNOTS( '', 1, ( #9058, #9059 ), .UNSPECIFIED., .F., .F., ( 2, 2 ), ( 0.231238664377136, 0.259566170532524 ), .UNSPECIFIED. );
#6817 = B_SPLINE_CURVE_WITH_KNOTS( '', 1, ( #9060, #9061 ), .UNSPECIFIED., .F., .F., ( 2, 2 ), ( 0.231238664377136, 0.259566170532524 ), .UNSPECIFIED. );
#6818 = FILL_AREA_STYLE_COLOUR( '', #9062 );
#6819 = B_SPLINE_CURVE_WITH_KNOTS( '', 3, ( #9063, #9064, #9065, #9066 ), .UNSPECIFIED., .F., .F., ( 4, 4 ), ( 0.766066837949626, 0.878124202881752 ), .UNSPECIFIED. );
#6820 = B_SPLINE_CURVE_WITH_KNOTS( '', 3, ( #9067, #9068, #9069, #9070 ), .UNSPECIFIED., .F., .F., ( 4, 4 ), ( 0.766066837949626, 0.878124202881752 ), .UNSPECIFIED. );
#6821 = FILL_AREA_STYLE_COLOUR( '', #9071 );
#6822 = FILL_AREA_STYLE_COLOUR( '', #9072 );
#6823 = FILL_AREA_STYLE_COLOUR( '', #9073 );
#6824 = B_SPLINE_CURVE_WITH_KNOTS( '', 3, ( #9074, #9075, #9076, #9077, #9078, #9079, #9080, #9081, #9082, #9083 ), .UNSPECIFIED., .F., .F., ( 4, 3, 3, 4 ), ( 0.419827024739847, 0.445301318245177, 0.482732751851467, 0.518355841223786 ), .UNSPECIFIED. );
#6825 = FILL_AREA_STYLE_COLOUR( '', #9084 );
#6826 = FILL_AREA_STYLE_COLOUR( '', #9085 );
#6827 = B_SPLINE_CURVE_WITH_KNOTS( '', 1, ( #9086, #9087 ), .UNSPECIFIED., .F., .F., ( 2, 2 ), ( 0.767088607594937, 1.00000000000000 ), .UNSPECIFIED. );
#6828 = FILL_AREA_STYLE_COLOUR( '', #9088 );
#6829 = B_SPLINE_CURVE_WITH_KNOTS( '', 1, ( #9089, #9090 ), .UNSPECIFIED., .F., .F., ( 2, 2 ), ( 0.775615380794607, 0.877881759759685 ), .UNSPECIFIED. );
#6830 = FILL_AREA_STYLE_COLOUR( '', #9091 );
#6831 = LINE( '', #9092, #9093 );
#6832 = FILL_AREA_STYLE_COLOUR( '', #9094 );
#6833 = B_SPLINE_CURVE_WITH_KNOTS( '', 3, ( #9095, #9096, #9097, #9098, #9099, #9100, #9101, #9102, #9103, #9104 ), .UNSPECIFIED., .F., .F., ( 4, 3, 3, 4 ), ( 0.741608345560040, 0.841701158441076, 0.958540723515277, 1.00000000000000 ), .UNSPECIFIED. );
#6834 = FILL_AREA_STYLE_COLOUR( '', #9105 );
#6835 = LINE( '', #9106, #9107 );
#6836 = LINE( '', #9108, #9109 );
#6837 = FILL_AREA_STYLE_COLOUR( '', #9110 );
#6838 = CIRCLE( '', #9111, 0.500000000000000 );
#6839 = VERTEX_POINT( '', #9112 );
#6840 = LINE( '', #9113, #9114 );
#6841 = VERTEX_POINT( '', #9115 );
#6842 = CIRCLE( '', #9116, 0.500000000000000 );
#6843 = LINE( '', #9117, #9118 );
#6844 = VERTEX_POINT( '', #9119 );
#6845 = CIRCLE( '', #9120, 0.500000000000000 );
#6846 = FILL_AREA_STYLE_COLOUR( '', #9121 );
#6847 = LINE( '', #9122, #9123 );
#6848 = FILL_AREA_STYLE_COLOUR( '', #9124 );
#6849 = B_SPLINE_CURVE_WITH_KNOTS( '', 3, ( #9125, #9126, #9127, #9128, #9129, #9130, #9131, #9132, #9133, #9134, #9135, #9136, #9137, #9138, #9139, #9140, #9141, #9142, #9143, #9144 ), .UNSPECIFIED., .F., .F., ( 4, 3, 3, 2, 3, 2, 3, 4 ), ( 0.582301816735135, 0.697897258735781, 0.727682193021292, 0.749965873996904, 0.772249554972515, 0.818209178399425, 0.864168801826336, 0.967967528120303 ), .UNSPECIFIED. );
#6850 = B_SPLINE_CURVE_WITH_KNOTS( '', 3, ( #9145, #9146, #9147, #9148 ), .UNSPECIFIED., .F., .F., ( 4, 4 ), ( 0.189757577982989, 0.218656438483151 ), .UNSPECIFIED. );
#6851 = FILL_AREA_STYLE_COLOUR( '', #9149 );
#6852 = FILL_AREA_STYLE_COLOUR( '', #9150 );
#6853 = LINE( '', #9151, #9152 );
#6854 = FILL_AREA_STYLE_COLOUR( '', #9153 );
#6855 = LINE( '', #9154, #9155 );
#6856 = LINE( '', #9156, #9157 );
#6857 = FILL_AREA_STYLE_COLOUR( '', #9158 );
#6858 = FILL_AREA_STYLE_COLOUR( '', #9159 );
#6859 = CIRCLE( '', #9160, 5.00000000000000 );
#6860 = FILL_AREA_STYLE_COLOUR( '', #9161 );
#6861 = LINE( '', #9162, #9163 );
#6862 = FILL_AREA_STYLE_COLOUR( '', #9164 );
#6863 = B_SPLINE_CURVE_WITH_KNOTS( '', 3, ( #9165, #9166, #9167, #9168 ), .UNSPECIFIED., .F., .F., ( 4, 4 ), ( 0.558287217147629, 0.610658117094134 ), .UNSPECIFIED. );
#6864 = FILL_AREA_STYLE_COLOUR( '', #9169 );
#6865 = FILL_AREA_STYLE_COLOUR( '', #9170 );
#6866 = FILL_AREA_STYLE_COLOUR( '', #9171 );
#6867 = FILL_AREA_STYLE_COLOUR( '', #9172 );
#6868 = FILL_AREA_STYLE_COLOUR( '', #9173 );
#6869 = LINE( '', #9174, #9175 );
#6870 = FILL_AREA_STYLE_COLOUR( '', #9176 );
#6871 = FILL_AREA_STYLE_COLOUR( '', #9177 );
#6872 = FILL_AREA_STYLE_COLOUR( '', #9178 );
#6873 = LINE( '', #9179, #9180 );
#6874 = FILL_AREA_STYLE_COLOUR( '', #9181 );
#6875 = B_SPLINE_CURVE_WITH_KNOTS( '', 1, ( #9182, #9183 ), .UNSPECIFIED., .F., .F., ( 2, 2 ), ( 0.500000000000000, 0.927786499215071 ), .UNSPECIFIED. );
#6876 = FILL_AREA_STYLE_COLOUR( '', #9184 );
#6877 = FILL_AREA_STYLE_COLOUR( '', #9185 );
#6878 = B_SPLINE_CURVE_WITH_KNOTS( '', 3, ( #9186, #9187, #9188, #9189 ), .UNSPECIFIED., .F., .F., ( 4, 4 ), ( 0.189757577982989, 0.218656438483151 ), .UNSPECIFIED. );
#6879 = B_SPLINE_CURVE_WITH_KNOTS( '', 3, ( #9190, #9191, #9192, #9193, #9194, #9195, #9196, #9197, #9198, #9199, #9200, #9201, #9202, #9203, #9204, #9205, #9206, #9207, #9208, #9209 ), .UNSPECIFIED., .F., .F., ( 4, 3, 3, 2, 3, 2, 3, 4 ), ( 0.582301816735135, 0.697897258735781, 0.727682193021292, 0.749965873996904, 0.772249554972515, 0.818209178399425, 0.864168801826336, 0.967967528120303 ), .UNSPECIFIED. );
#6880 = LINE( '', #9210, #9211 );
#6881 = LINE( '', #9212, #9213 );
#6882 = B_SPLINE_CURVE_WITH_KNOTS( '', 1, ( #9214, #9215 ), .UNSPECIFIED., .F., .F., ( 2, 2 ), ( 0.775615380794607, 0.877881759759685 ), .UNSPECIFIED. );
#6883 = FILL_AREA_STYLE_COLOUR( '', #9216 );
#6884 = FILL_AREA_STYLE_COLOUR( '', #9217 );
#6885 = B_SPLINE_CURVE_WITH_KNOTS( '', 3, ( #9218, #9219, #9220, #9221, #9222, #9223, #9224 ), .UNSPECIFIED., .F., .F., ( 4, 3, 4 ), ( 0.149069852529666, 0.242039240282829, 0.261468230552944 ), .UNSPECIFIED. );
#6886 = B_SPLINE_CURVE_WITH_KNOTS( '', 3, ( #9225, #9226, #9227, #9228, #9229, #9230, #9231 ), .UNSPECIFIED., .F., .F., ( 4, 3, 4 ), ( 0.149069852529666, 0.242039240282829, 0.261468230552944 ), .UNSPECIFIED. );
#6887 = FILL_AREA_STYLE_COLOUR( '', #9232 );
#6888 = CIRCLE( '', #9233, 2.42500000000000 );
#6889 = FILL_AREA_STYLE_COLOUR( '', #9234 );
#6890 = FILL_AREA_STYLE_COLOUR( '', #9235 );
#6891 = FILL_AREA_STYLE_COLOUR( '', #9236 );
#6892 = FILL_AREA_STYLE_COLOUR( '', #9237 );
#6893 = FILL_AREA_STYLE_COLOUR( '', #9238 );
#6894 = FILL_AREA_STYLE_COLOUR( '', #9239 );
#6895 = LINE( '', #9240, #9241 );
#6896 = FILL_AREA_STYLE_COLOUR( '', #9242 );
#6897 = FILL_AREA_STYLE_COLOUR( '', #9243 );
#6898 = FILL_AREA_STYLE_COLOUR( '', #9244 );
#6899 = CIRCLE( '', #9245, 2.52500000000000 );
#6900 = FILL_AREA_STYLE_COLOUR( '', #9246 );
#6901 = FILL_AREA_STYLE_COLOUR( '', #9247 );
#6902 = LINE( '', #9248, #9249 );
#6903 = FILL_AREA_STYLE_COLOUR( '', #9250 );
#6904 = FILL_AREA_STYLE_COLOUR( '', #9251 );
#6905 = FILL_AREA_STYLE_COLOUR( '', #9252 );
#6906 = FILL_AREA_STYLE_COLOUR( '', #9253 );
#6907 = FILL_AREA_STYLE_COLOUR( '', #9254 );
#6908 = FILL_AREA_STYLE_COLOUR( '', #9255 );
#6909 = FILL_AREA_STYLE_COLOUR( '', #9256 );
#6910 = FILL_AREA_STYLE_COLOUR( '', #9257 );
#6911 = FILL_AREA_STYLE_COLOUR( '', #9258 );
#6912 = FILL_AREA_STYLE_COLOUR( '', #9259 );
#6913 = COLOUR_RGB( '', 0.119999997317791, 0.119999997317791, 0.119999997317791 );
#6914 = CARTESIAN_POINT( '', ( -3.15000000000000, -5.15000000000000, 0.000000000000000 ) );
#6915 = CARTESIAN_POINT( '', ( -5.15000000000000, -3.15000000000000, 0.000000000000000 ) );
#6916 = CARTESIAN_POINT( '', ( -5.15000000000000, -3.15000000000000, 0.000000000000000 ) );
#6917 = VECTOR( '', #9260, 1000.00000000000 );
#6918 = CARTESIAN_POINT( '', ( -3.15000000000000, -5.15000000000000, 1.10000000000000 ) );
#6919 = CARTESIAN_POINT( '', ( -3.15000000000000, -5.15000000000000, 0.600000000000000 ) );
#6920 = VECTOR( '', #9261, 1000.00000000000 );
#6921 = CARTESIAN_POINT( '', ( -5.15000000000000, -3.15000000000000, 1.10000000000000 ) );
#6922 = CARTESIAN_POINT( '', ( -5.15000000000000, -3.15000000000000, 1.10000000000000 ) );
#6923 = VECTOR( '', #9262, 1000.00000000000 );
#6924 = CARTESIAN_POINT( '', ( -5.15000000000000, -3.15000000000000, 0.600000000000000 ) );
#6925 = VECTOR( '', #9263, 1000.00000000000 );
#6926 = COLOUR_RGB( '', 0.899999976158142, 0.000000000000000, 0.000000000000000 );
#6927 = CARTESIAN_POINT( '', ( -1.33545768708479, -0.352303505636688, 9.75000000000000 ) );
#6928 = CARTESIAN_POINT( '', ( -1.48208148129701, -0.352303505636688, 9.75000000000000 ) );
#6929 = CARTESIAN_POINT( '', ( -1.33545768708479, -0.352303505636688, 9.75000000000000 ) );
#6930 = CARTESIAN_POINT( '', ( -1.38433228515553, -0.352303505636688, 9.75000000000000 ) );
#6931 = CARTESIAN_POINT( '', ( -1.43320688322627, -0.352303505636688, 9.75000000000000 ) );
#6932 = CARTESIAN_POINT( '', ( -1.48208148129701, -0.352303505636688, 9.75000000000000 ) );
#6933 = CARTESIAN_POINT( '', ( -1.33545768708479, -0.352303505636688, 9.74000000000000 ) );
#6934 = CARTESIAN_POINT( '', ( -1.33545768708479, -0.352303505636688, 9.74000000000000 ) );
#6935 = VECTOR( '', #9264, 1000.00000000000 );
#6936 = CARTESIAN_POINT( '', ( -1.48208148129701, -0.352303505636688, 9.74000000000000 ) );
#6937 = CARTESIAN_POINT( '', ( -1.33545768708479, -0.352303505636688, 9.74000000000000 ) );
#6938 = CARTESIAN_POINT( '', ( -1.38433228515553, -0.352303505636688, 9.74000000000000 ) );
#6939 = CARTESIAN_POINT( '', ( -1.43320688322627, -0.352303505636688, 9.74000000000000 ) );
#6940 = CARTESIAN_POINT( '', ( -1.48208148129701, -0.352303505636688, 9.74000000000000 ) );
#6941 = CARTESIAN_POINT( '', ( -1.48208148129701, -0.352303505636688, 9.74000000000000 ) );
#6942 = VECTOR( '', #9265, 1000.00000000000 );
#6943 = COLOUR_RGB( '', 0.119999997317791, 0.119999997317791, 0.119999997317791 );
#6944 = CARTESIAN_POINT( '', ( 4.00000000000000, -3.50000000000000, -0.0500000000000000 ) );
#6945 = AXIS2_PLACEMENT_3D( '', #9266, #9267, #9268 );
#6946 = COLOUR_RGB( '', 0.119999997317791, 0.119999997317791, 0.119999997317791 );
#6947 = CARTESIAN_POINT( '', ( 5.15000000000000, 4.35000000000000, 1.90000000000000 ) );
#6948 = CARTESIAN_POINT( '', ( 4.35000000000000, 5.15000000000000, 1.90000000000000 ) );
#6949 = AXIS2_PLACEMENT_3D( '', #9269, #9270, #9271 );
#6950 = CARTESIAN_POINT( '', ( 5.15000000000000, 4.35000000000000, 0.000000000000000 ) );
#6951 = CARTESIAN_POINT( '', ( 5.15000000000000, 4.35000000000000, 0.600000000000000 ) );
#6952 = VECTOR( '', #9272, 1000.00000000000 );
#6953 = CARTESIAN_POINT( '', ( 4.35000000000000, 5.15000000000000, 0.000000000000000 ) );
#6954 = AXIS2_PLACEMENT_3D( '', #9273, #9274, #9275 );
#6955 = CARTESIAN_POINT( '', ( 4.35000000000000, 5.15000000000000, 0.600000000000000 ) );
#6956 = VECTOR( '', #9276, 1000.00000000000 );
#6957 = COLOUR_RGB( '', 0.899999976158142, 0.000000000000000, 0.000000000000000 );
#6958 = CARTESIAN_POINT( '', ( 0.393159676259257, 0.0690469766784248, 9.75000000000000 ) );
#6959 = CARTESIAN_POINT( '', ( 0.0719361319458022, -0.00122544145306524, 9.75000000000000 ) );
#6960 = CARTESIAN_POINT( '', ( 0.393159676259257, 0.0690469766784248, 9.75000000000000 ) );
#6961 = CARTESIAN_POINT( '', ( 0.341455496194948, 0.0482109638166888, 9.75000000000000 ) );
#6962 = CARTESIAN_POINT( '', ( 0.263513374008452, 0.0296900634951456, 9.75000000000000 ) );
#6963 = CARTESIAN_POINT( '', ( 0.159333309699771, 0.0150276840739234, 9.75000000000000 ) );
#6964 = CARTESIAN_POINT( '', ( 0.124045208835048, 0.0100612106188886, 9.75000000000000 ) );
#6965 = CARTESIAN_POINT( '', ( 0.0949198498168508, 0.00464946423852639, 9.75000000000000 ) );
#6966 = CARTESIAN_POINT( '', ( 0.0719361319469668, -0.00122544145276755, 9.75000000000000 ) );
#6967 = CARTESIAN_POINT( '', ( 0.393159676259257, 0.0690469766784248, 9.74000000000000 ) );
#6968 = CARTESIAN_POINT( '', ( 0.393159676259257, 0.0690469766784248, 9.74000000000000 ) );
#6969 = VECTOR( '', #9277, 1000.00000000000 );
#6970 = CARTESIAN_POINT( '', ( 0.00113395278658786, -0.222657203385884, 9.74000000000000 ) );
#6971 = CARTESIAN_POINT( '', ( 0.393159676259257, 0.0690469766784248, 9.74000000000000 ) );
#6972 = CARTESIAN_POINT( '', ( 0.341455496194948, 0.0482109638166888, 9.74000000000000 ) );
#6973 = CARTESIAN_POINT( '', ( 0.263513374008452, 0.0296900634951456, 9.74000000000000 ) );
#6974 = CARTESIAN_POINT( '', ( 0.159333309699771, 0.0150276840739234, 9.74000000000000 ) );
#6975 = CARTESIAN_POINT( '', ( 0.100651447370728, 0.00676875530168805, 9.74000000000000 ) );
#6976 = CARTESIAN_POINT( '', ( 0.0590117662914104, -0.00272151206755558, 9.74000000000000 ) );
#6977 = CARTESIAN_POINT( '', ( 0.0343172325293528, -0.0135253705884564, 9.74000000000000 ) );
#6978 = CARTESIAN_POINT( '', ( 0.00990607866292476, -0.0242052504050178, 9.74000000000000 ) );
#6979 = CARTESIAN_POINT( '', ( -0.00889820155424836, -0.0389916085305784, 9.74000000000000 ) );
#6980 = CARTESIAN_POINT( '', ( -0.0220171726153413, -0.0598276213923144, 9.74000000000000 ) );
#6981 = CARTESIAN_POINT( '', ( -0.0350072736267188, -0.0804589582927373, 9.74000000000000 ) );
#6982 = CARTESIAN_POINT( '', ( -0.0420814812970142, -0.102271351295851, 9.74000000000000 ) );
#6983 = CARTESIAN_POINT( '', ( -0.0420814812970138, -0.165551094061126, 9.74000000000000 ) );
#6984 = CARTESIAN_POINT( '', ( -0.0274191018757913, -0.197190965443761, 9.74000000000000 ) );
#6985 = CARTESIAN_POINT( '', ( 0.00113395278658786, -0.222657203385884, 9.74000000000000 ) );
#6986 = CARTESIAN_POINT( '', ( 0.00113395278658786, -0.222657203385884, 9.75000000000000 ) );
#6987 = CARTESIAN_POINT( '', ( 0.00113395278658786, -0.222657203385884, 9.74000000000000 ) );
#6988 = VECTOR( '', #9278, 1000.00000000000 );
#6989 = CARTESIAN_POINT( '', ( -0.0411694045981746, -0.111880082716825, 9.75000000000000 ) );
#6990 = CARTESIAN_POINT( '', ( -0.0411694056565673, -0.111880082586645, 9.75000000000000 ) );
#6991 = CARTESIAN_POINT( '', ( -0.0417739565630129, -0.116793671811179, 9.75000000000000 ) );
#6992 = CARTESIAN_POINT( '', ( -0.0420814812970141, -0.121817133286737, 9.75000000000000 ) );
#6993 = CARTESIAN_POINT( '', ( -0.0420814812970138, -0.165551094061126, 9.75000000000000 ) );
#6994 = CARTESIAN_POINT( '', ( -0.0274191018757913, -0.197190965443761, 9.75000000000000 ) );
#6995 = CARTESIAN_POINT( '', ( 0.00113395278658786, -0.222657203385884, 9.75000000000000 ) );
#6996 = CARTESIAN_POINT( '', ( -0.0411694058233150, -0.111880083941915, 9.74200000000000 ) );
#6997 = CARTESIAN_POINT( '', ( -0.0411694058233150, -0.111880083941915, 9.74000000000000 ) );
#6998 = VECTOR( '', #9279, 1000.00000000000 );
#6999 = CARTESIAN_POINT( '', ( 0.0719361319458022, -0.00122544145306524, 9.74200000000000 ) );
#7000 = CARTESIAN_POINT( '', ( 0.0719361319469668, -0.00122544145276755, 9.74200000000000 ) );
#7001 = CARTESIAN_POINT( '', ( 0.0566993920761392, -0.00512012943539299, 9.74200000000000 ) );
#7002 = CARTESIAN_POINT( '', ( 0.0441618081677826, -0.00921836874664315, 9.74200000000000 ) );
#7003 = CARTESIAN_POINT( '', ( 0.0343172325293528, -0.0135253705884564, 9.74200000000000 ) );
#7004 = CARTESIAN_POINT( '', ( 0.00990607866292476, -0.0242052504050178, 9.74200000000000 ) );
#7005 = CARTESIAN_POINT( '', ( -0.00889820155424836, -0.0389916085305784, 9.74200000000000 ) );
#7006 = CARTESIAN_POINT( '', ( -0.0220171726153413, -0.0598276213923144, 9.74200000000000 ) );
#7007 = CARTESIAN_POINT( '', ( -0.0322988685972870, -0.0761573738342280, 9.74200000000000 ) );
#7008 = CARTESIAN_POINT( '', ( -0.0388743991957803, -0.0932270296164051, 9.74200000000000 ) );
#7009 = CARTESIAN_POINT( '', ( -0.0411694058233200, -0.111880083941956, 9.74200000000000 ) );
#7010 = CARTESIAN_POINT( '', ( 0.0719361220907713, -0.00122544397212593, 9.74000000000000 ) );
#7011 = VECTOR( '', #9280, 1000.00000000000 );
#7012 = COLOUR_RGB( '', 0.699999988079071, 0.699999988079071, 0.699999988079071 );
#7013 = CARTESIAN_POINT( '', ( 2.90000000000000, -0.475000000000000, 0.700000000000000 ) );
#7014 = CARTESIAN_POINT( '', ( 2.90000000000000, -0.475000000000000, -0.400000000000000 ) );
#7015 = CARTESIAN_POINT( '', ( 2.90000000000000, -0.475000000000000, 0.700000000000000 ) );
#7016 = VECTOR( '', #9281, 1000.00000000000 );
#7017 = CARTESIAN_POINT( '', ( 2.60000000000000, -0.475000000000000, 0.700000000000000 ) );
#7018 = CARTESIAN_POINT( '', ( 2.90000000000000, -0.475000000000000, 0.700000000000000 ) );
#7019 = VECTOR( '', #9282, 1000.00000000000 );
#7020 = CARTESIAN_POINT( '', ( 2.60000000000000, -0.475000000000000, -0.400000000000000 ) );
#7021 = CARTESIAN_POINT( '', ( 2.60000000000000, -0.475000000000000, 0.700000000000000 ) );
#7022 = VECTOR( '', #9283, 1000.00000000000 );
#7023 = CARTESIAN_POINT( '', ( 2.95000000000000, -0.475000000000000, -0.750000000000000 ) );
#7024 = AXIS2_PLACEMENT_3D( '', #9284, #9285, #9286 );
#7025 = CARTESIAN_POINT( '', ( 5.50000000000000, -0.475000000000000, -0.750000000000000 ) );
#7026 = CARTESIAN_POINT( '', ( 2.95000000000000, -0.475000000000000, -0.750000000000000 ) );
#7027 = VECTOR( '', #9287, 1000.00000000000 );
#7028 = CARTESIAN_POINT( '', ( 5.50000000000000, -0.475000000000000, -0.450000000000000 ) );
#7029 = CARTESIAN_POINT( '', ( 5.50000000000000, -0.475000000000000, -0.450000000000000 ) );
#7030 = VECTOR( '', #9288, 1000.00000000000 );
#7031 = CARTESIAN_POINT( '', ( 2.95000000000000, -0.475000000000000, -0.450000000000000 ) );
#7032 = CARTESIAN_POINT( '', ( 2.95000000000000, -0.475000000000000, -0.450000000000000 ) );
#7033 = VECTOR( '', #9289, 1000.00000000000 );
#7034 = AXIS2_PLACEMENT_3D( '', #9290, #9291, #9292 );
#7035 = COLOUR_RGB( '', 0.119999997317791, 0.119999997317791, 0.119999997317791 );
#7036 = CARTESIAN_POINT( '', ( 1.82500000000000, 0.000000000000000, 0.200000000000000 ) );
#7037 = AXIS2_PLACEMENT_3D( '', #9293, #9294, #9295 );
#7038 = CARTESIAN_POINT( '', ( 1.82500000000000, 0.000000000000000, 0.300000000000000 ) );
#7039 = AXIS2_PLACEMENT_3D( '', #9296, #9297, #9298 );
#7040 = COLOUR_RGB( '', 0.699999988079071, 0.699999988079071, 0.699999988079071 );
#7041 = CARTESIAN_POINT( '', ( 0.403584149113020, 0.474294826048808, 9.75000000000000 ) );
#7042 = CARTESIAN_POINT( '', ( 2.43951839509359, 2.51022907321224, 9.75000000000000 ) );
#7043 = CARTESIAN_POINT( '', ( -1.12757025938492E-014, 0.0707106781186577, 9.75000000000000 ) );
#7044 = VECTOR( '', #9299, 1000.00000000000 );
#7045 = CARTESIAN_POINT( '', ( 0.403584149113019, 0.474294826048808, 9.74200000000000 ) );
#7046 = CARTESIAN_POINT( '', ( 0.403584148288581, 0.474294826407247, 9.74000000000000 ) );
#7047 = VECTOR( '', #9300, 1000.00000000000 );
#7048 = CARTESIAN_POINT( '', ( 2.43951839509359, 2.51022907321224, 9.74200000000000 ) );
#7049 = CARTESIAN_POINT( '', ( -1.12753521446622E-014, 0.0707106781186577, 9.74200000000000 ) );
#7050 = VECTOR( '', #9301, 1000.00000000000 );
#7051 = CARTESIAN_POINT( '', ( 2.43951839509359, 2.51022907321224, 9.74200000000000 ) );
#7052 = VECTOR( '', #9302, 1000.00000000000 );
#7053 = COLOUR_RGB( '', 0.119999997317791, 0.119999997317791, 0.119999997317791 );
#7054 = CARTESIAN_POINT( '', ( -4.68374849879880, -1.75000000000000, 0.600000000000000 ) );
#7055 = CARTESIAN_POINT( '', ( -1.75000000000000, -4.68374849879880, 0.600000000000000 ) );
#7056 = AXIS2_PLACEMENT_3D( '', #9303, #9304, #9305 );
#7057 = CARTESIAN_POINT( '', ( -4.68374849879880, -1.75000000000000, 1.10000000000000 ) );
#7058 = CARTESIAN_POINT( '', ( -4.68374849879880, -1.75000000000000, 1.10000000000000 ) );
#7059 = VECTOR( '', #9306, 1000.00000000000 );
#7060 = CARTESIAN_POINT( '', ( -1.75000000000000, -4.68374849879880, 1.10000000000000 ) );
#7061 = AXIS2_PLACEMENT_3D( '', #9307, #9308, #9309 );
#7062 = CARTESIAN_POINT( '', ( -1.75000000000000, -4.68374849879880, 1.10000000000000 ) );
#7063 = VECTOR( '', #9310, 1000.00000000000 );
#7064 = COLOUR_RGB( '', 0.119999997317791, 0.119999997317791, 0.119999997317791 );
#7065 = CARTESIAN_POINT( '', ( 1.75000000000000, -5.15000000000000, 0.600000000000000 ) );
#7066 = CARTESIAN_POINT( '', ( -1.75000000000000, -5.15000000000000, 0.600000000000000 ) );
#7067 = CARTESIAN_POINT( '', ( 3.15000000000000, -5.15000000000000, 0.600000000000000 ) );
#7068 = VECTOR( '', #9311, 1000.00000000000 );
#7069 = CARTESIAN_POINT( '', ( 1.75000000000000, -4.68374849879880, 0.600000000000000 ) );
#7070 = CARTESIAN_POINT( '', ( 1.75000000000000, 1.62775137191965E-015, 0.600000000000000 ) );
#7071 = VECTOR( '', #9312, 1000.00000000000 );
#7072 = CARTESIAN_POINT( '', ( 4.68374849879880, -1.75000000000000, 0.600000000000000 ) );
#7073 = AXIS2_PLACEMENT_3D( '', #9313, #9314, #9315 );
#7074 = CARTESIAN_POINT( '', ( 5.15000000000000, -1.75000000000000, 0.600000000000000 ) );
#7075 = CARTESIAN_POINT( '', ( -3.25550274383929E-015, -1.75000000000000, 0.600000000000000 ) );
#7076 = VECTOR( '', #9316, 1000.00000000000 );
#7077 = CARTESIAN_POINT( '', ( 5.15000000000000, 1.75000000000000, 0.600000000000000 ) );
#7078 = CARTESIAN_POINT( '', ( 5.15000000000000, 5.15000000000000, 0.600000000000000 ) );
#7079 = VECTOR( '', #9317, 1000.00000000000 );
#7080 = CARTESIAN_POINT( '', ( 4.68374849879880, 1.75000000000000, 0.600000000000000 ) );
#7081 = CARTESIAN_POINT( '', ( 0.000000000000000, 1.75000000000000, 0.600000000000000 ) );
#7082 = VECTOR( '', #9318, 1000.00000000000 );
#7083 = CARTESIAN_POINT( '', ( 1.75000000000000, 4.68374849879880, 0.600000000000000 ) );
#7084 = AXIS2_PLACEMENT_3D( '', #9319, #9320, #9321 );
#7085 = CARTESIAN_POINT( '', ( 1.75000000000000, 5.15000000000000, 0.600000000000000 ) );
#7086 = CARTESIAN_POINT( '', ( 1.75000000000000, 8.13875685959828E-016, 0.600000000000000 ) );
#7087 = VECTOR( '', #9322, 1000.00000000000 );
#7088 = CARTESIAN_POINT( '', ( -1.75000000000000, 5.15000000000000, 0.600000000000000 ) );
#7089 = CARTESIAN_POINT( '', ( -5.15000000000000, 5.15000000000000, 0.600000000000000 ) );
#7090 = VECTOR( '', #9323, 1000.00000000000 );
#7091 = CARTESIAN_POINT( '', ( -1.75000000000000, 4.68374849879880, 0.600000000000000 ) );
#7092 = CARTESIAN_POINT( '', ( -1.75000000000000, 8.13875685959828E-016, 0.600000000000000 ) );
#7093 = VECTOR( '', #9324, 1000.00000000000 );
#7094 = CARTESIAN_POINT( '', ( -4.68374849879880, 1.75000000000000, 0.600000000000000 ) );
#7095 = AXIS2_PLACEMENT_3D( '', #9325, #9326, #9327 );
#7096 = CARTESIAN_POINT( '', ( -5.15000000000000, 1.75000000000000, 0.600000000000000 ) );
#7097 = CARTESIAN_POINT( '', ( 0.000000000000000, 1.75000000000000, 0.600000000000000 ) );
#7098 = VECTOR( '', #9328, 1000.00000000000 );
#7099 = CARTESIAN_POINT( '', ( -5.15000000000000, -1.75000000000000, 0.600000000000000 ) );
#7100 = CARTESIAN_POINT( '', ( -5.15000000000000, -3.15000000000000, 0.600000000000000 ) );
#7101 = VECTOR( '', #9329, 1000.00000000000 );
#7102 = CARTESIAN_POINT( '', ( 0.000000000000000, -1.75000000000000, 0.600000000000000 ) );
#7103 = VECTOR( '', #9330, 1000.00000000000 );
#7104 = CARTESIAN_POINT( '', ( -1.75000000000000, 1.62775137191965E-015, 0.600000000000000 ) );
#7105 = VECTOR( '', #9331, 1000.00000000000 );
#7106 = CARTESIAN_POINT( '', ( 0.600000000000001, 2.40000000000000, 0.600000000000000 ) );
#7107 = AXIS2_PLACEMENT_3D( '', #9332, #9333, #9334 );
#7108 = CARTESIAN_POINT( '', ( 0.600000000000001, -2.40000000000000, 0.600000000000000 ) );
#7109 = AXIS2_PLACEMENT_3D( '', #9335, #9336, #9337 );
#7110 = COLOUR_RGB( '', 0.119999997317791, 0.119999997317791, 0.119999997317791 );
#7111 = CARTESIAN_POINT( '', ( -3.00000000000000, -3.50000000000000, -0.0500000000000000 ) );
#7112 = AXIS2_PLACEMENT_3D( '', #9338, #9339, #9340 );
#7113 = CARTESIAN_POINT( '', ( -4.00000000000000, -3.50000000000000, 0.000000000000000 ) );
#7114 = AXIS2_PLACEMENT_3D( '', #9341, #9342, #9343 );
#7115 = COLOUR_RGB( '', 0.899999976158142, 0.000000000000000, 0.000000000000000 );
#7116 = CARTESIAN_POINT( '', ( -0.194787195791237, -0.124076508498232, 9.75000000000000 ) );
#7117 = CARTESIAN_POINT( '', ( -0.116049925520417, 0.0453392469036390, 9.75000000000000 ) );
#7118 = CARTESIAN_POINT( '', ( -0.194787195791270, -0.124076508499435, 9.75000000000000 ) );
#7119 = CARTESIAN_POINT( '', ( -0.193743795935782, -0.0858357562831312, 9.75000000000000 ) );
#7120 = CARTESIAN_POINT( '', ( -0.183822903847207, -0.0509625635935417, 9.75000000000000 ) );
#7121 = CARTESIAN_POINT( '', ( -0.166325854287368, -0.0181555956688420, 9.75000000000000 ) );
#7122 = CARTESIAN_POINT( '', ( -0.153062231853751, 0.00671369639419021, 9.75000000000000 ) );
#7123 = CARTESIAN_POINT( '', ( -0.136179574298322, 0.0277129465891105, 9.75000000000000 ) );
#7124 = CARTESIAN_POINT( '', ( -0.116049925520417, 0.0453392469036389, 9.75000000000000 ) );
#7125 = CARTESIAN_POINT( '', ( -0.194787195791237, -0.124076508498232, 9.74200000000000 ) );
#7126 = CARTESIAN_POINT( '', ( -0.194787196048581, -0.124076517929913, 9.74000000000000 ) );
#7127 = VECTOR( '', #9344, 1000.00000000000 );
#7128 = CARTESIAN_POINT( '', ( -0.170004722033984, -0.240715400152634, 9.74200000000000 ) );
#7129 = CARTESIAN_POINT( '', ( -0.170004722034074, -0.240715400152681, 9.74200000000000 ) );
#7130 = CARTESIAN_POINT( '', ( -0.186628142246744, -0.208462225143979, 9.74200000000000 ) );
#7131 = CARTESIAN_POINT( '', ( -0.194878908949747, -0.171823942903363, 9.74200000000000 ) );
#7132 = CARTESIAN_POINT( '', ( -0.194878908949747, -0.128563402192802, 9.74200000000000 ) );
#7133 = CARTESIAN_POINT( '', ( -0.194848250984213, -0.126314189952578, 9.74200000000000 ) );
#7134 = CARTESIAN_POINT( '', ( -0.194787195791270, -0.124076508499435, 9.74200000000000 ) );
#7135 = CARTESIAN_POINT( '', ( -0.170004713885365, -0.240715415963009, 9.75000000000000 ) );
#7136 = CARTESIAN_POINT( '', ( -0.170004722034220, -0.240715400152398, 9.74000000000000 ) );
#7137 = VECTOR( '', #9345, 1000.00000000000 );
#7138 = CARTESIAN_POINT( '', ( 0.266776028877275, -0.337486709825713, 9.75000000000000 ) );
#7139 = CARTESIAN_POINT( '', ( 0.266776028877275, -0.337486709825713, 9.75000000000000 ) );
#7140 = CARTESIAN_POINT( '', ( 0.261564184301935, -0.339756473030157, 9.75000000000000 ) );
#7141 = CARTESIAN_POINT( '', ( 0.256360877051985, -0.341866720934270, 9.75000000000000 ) );
#7142 = CARTESIAN_POINT( '', ( 0.251166107127424, -0.343814759655980, 9.75000000000000 ) );
#7143 = CARTESIAN_POINT( '', ( 0.202453602172132, -0.362081949014215, 9.75000000000000 ) );
#7144 = CARTESIAN_POINT( '', ( 0.150072859538999, -0.371596110138295, 9.75000000000000 ) );
#7145 = CARTESIAN_POINT( '', ( 0.00113395278658807, -0.371596110138296, 9.75000000000000 ) );
#7146 = CARTESIAN_POINT( '', ( -0.0698628317793294, -0.349216688916430, 9.75000000000000 ) );
#7147 = CARTESIAN_POINT( '', ( -0.120023603483508, -0.304457846472701, 9.75000000000000 ) );
#7148 = CARTESIAN_POINT( '', ( -0.141197757498415, -0.285563985967091, 9.75000000000000 ) );
#7149 = CARTESIAN_POINT( '', ( -0.157842214981932, -0.264313395118922, 9.75000000000000 ) );
#7150 = CARTESIAN_POINT( '', ( -0.170004713885365, -0.240715415963009, 9.75000000000000 ) );
#7151 = CARTESIAN_POINT( '', ( 0.266776030848509, -0.337486708967239, 9.74200000000000 ) );
#7152 = CARTESIAN_POINT( '', ( 0.266776030848509, -0.337486708967239, 9.74000000000000 ) );
#7153 = VECTOR( '', #9346, 1000.00000000000 );
#7154 = CARTESIAN_POINT( '', ( 0.355362960234620, -0.284652301853558, 9.74200000000000 ) );
#7155 = CARTESIAN_POINT( '', ( 0.355362960234620, -0.284652301853557, 9.74200000000000 ) );
#7156 = CARTESIAN_POINT( '', ( 0.325564901902939, -0.306973636444022, 9.74200000000000 ) );
#7157 = CARTESIAN_POINT( '', ( 0.296035925440902, -0.324743997188110, 9.74200000000000 ) );
#7158 = CARTESIAN_POINT( '', ( 0.266776030848508, -0.337486708967239, 9.74200000000000 ) );
#7159 = CARTESIAN_POINT( '', ( 0.355362960234620, -0.284652301853558, 9.75000000000000 ) );
#7160 = CARTESIAN_POINT( '', ( 0.355362971519126, -0.284652293400481, 9.74000000000000 ) );
#7161 = VECTOR( '', #9347, 1000.00000000000 );
#7162 = CARTESIAN_POINT( '', ( 0.401648422239964, -0.246580032967878, 9.75000000000000 ) );
#7163 = CARTESIAN_POINT( '', ( 0.401648422239964, -0.246580032967878, 9.75000000000000 ) );
#7164 = CARTESIAN_POINT( '', ( 0.386148465154059, -0.260436055211337, 9.75000000000000 ) );
#7165 = CARTESIAN_POINT( '', ( 0.370719977818945, -0.273148561442159, 9.75000000000000 ) );
#7166 = CARTESIAN_POINT( '', ( 0.355362960234620, -0.284652301853557, 9.75000000000000 ) );
#7167 = CARTESIAN_POINT( '', ( 0.401648422239964, -0.246580032967878, 9.74000000000000 ) );
#7168 = CARTESIAN_POINT( '', ( 0.401648422239964, -0.246580032967878, 9.74000000000000 ) );
#7169 = VECTOR( '', #9348, 1000.00000000000 );
#7170 = CARTESIAN_POINT( '', ( 0.392387972079192, 0.180944082787750, 9.74000000000000 ) );
#7171 = CARTESIAN_POINT( '', ( 0.401648422239964, -0.246580032967878, 9.74000000000000 ) );
#7172 = CARTESIAN_POINT( '', ( 0.350715946355719, -0.292110579591672, 9.74000000000000 ) );
#7173 = CARTESIAN_POINT( '', ( 0.300555174651539, -0.325293859334437, 9.74000000000000 ) );
#7174 = CARTESIAN_POINT( '', ( 0.251166107127424, -0.343814759655980, 9.74000000000000 ) );
#7175 = CARTESIAN_POINT( '', ( 0.202453602172132, -0.362081949014215, 9.74000000000000 ) );
#7176 = CARTESIAN_POINT( '', ( 0.150072859538999, -0.371596110138295, 9.74000000000000 ) );
#7177 = CARTESIAN_POINT( '', ( 0.00113395278658807, -0.371596110138296, 9.74000000000000 ) );
#7178 = CARTESIAN_POINT( '', ( -0.0698628317793294, -0.349216688916430, 9.74000000000000 ) );
#7179 = CARTESIAN_POINT( '', ( -0.120023603483508, -0.304457846472701, 9.74000000000000 ) );
#7180 = CARTESIAN_POINT( '', ( -0.170138107510533, -0.259740289033201, 9.74000000000000 ) );
#7181 = CARTESIAN_POINT( '', ( -0.194878908949747, -0.201821190524148, 9.74000000000000 ) );
#7182 = CARTESIAN_POINT( '', ( -0.194878908949746, -0.0899240844148230, 9.74000000000000 ) );
#7183 = CARTESIAN_POINT( '', ( -0.184846754608911, -0.0528822837717362, 9.74000000000000 ) );
#7184 = CARTESIAN_POINT( '', ( -0.166325854287368, -0.0181555956688420, 9.74000000000000 ) );
#7185 = CARTESIAN_POINT( '', ( -0.148125384767235, 0.0159702846814067, 9.74000000000000 ) );
#7186 = CARTESIAN_POINT( '', ( -0.123110420203765, 0.0428090345562380, 9.74000000000000 ) );
#7187 = CARTESIAN_POINT( '', ( -0.0922422530011940, 0.0636450474179747, 9.74000000000000 ) );
#7188 = CARTESIAN_POINT( '', ( -0.0622620923261324, 0.0838816558736409, 9.74000000000000 ) );
#7189 = CARTESIAN_POINT( '', ( -0.0274191018757919, 0.0999151438809974, 9.74000000000000 ) );
#7190 = CARTESIAN_POINT( '', ( 0.0103944029473590, 0.109947298221833, 9.74000000000000 ) );
#7191 = CARTESIAN_POINT( '', ( 0.0382616317936811, 0.117340644650449, 9.74000000000000 ) );
#7192 = CARTESIAN_POINT( '', ( 0.0806194833332117, 0.124609677643055, 9.74000000000000 ) );
#7193 = CARTESIAN_POINT( '', ( 0.137725592657970, 0.131555015263634, 9.74000000000000 ) );
#7194 = CARTESIAN_POINT( '', ( 0.252698266965222, 0.145538178355057, 9.74000000000000 ) );
#7195 = CARTESIAN_POINT( '', ( 0.338368679474691, 0.161651478286142, 9.74000000000000 ) );
#7196 = CARTESIAN_POINT( '', ( 0.392387972079192, 0.180944082787750, 9.74000000000000 ) );
#7197 = CARTESIAN_POINT( '', ( 0.392387972079192, 0.180944082787750, 9.75000000000000 ) );
#7198 = CARTESIAN_POINT( '', ( 0.392387972079192, 0.180944082787750, 9.74000000000000 ) );
#7199 = VECTOR( '', #9349, 1000.00000000000 );
#7200 = CARTESIAN_POINT( '', ( 0.212245263057785, 0.141534570012229, 9.75000000000000 ) );
#7201 = CARTESIAN_POINT( '', ( 0.212245263057313, 0.141534570012159, 9.75000000000000 ) );
#7202 = CARTESIAN_POINT( '', ( 0.290363939910048, 0.153103791574166, 9.75000000000000 ) );
#7203 = CARTESIAN_POINT( '', ( 0.350769560952133, 0.166080364528086, 9.75000000000000 ) );
#7204 = CARTESIAN_POINT( '', ( 0.392387972079192, 0.180944082787750, 9.75000000000000 ) );
#7205 = CARTESIAN_POINT( '', ( 0.212245245535927, 0.141534567417276, 9.74200000000000 ) );
#7206 = CARTESIAN_POINT( '', ( 0.212245245535927, 0.141534567417276, 9.74000000000000 ) );
#7207 = VECTOR( '', #9350, 1000.00000000000 );
#7208 = CARTESIAN_POINT( '', ( 0.0474031108813643, 0.118113791968204, 9.74200000000000 ) );
#7209 = CARTESIAN_POINT( '', ( 0.0474031108965536, 0.118113791971062, 9.74200000000000 ) );
#7210 = CARTESIAN_POINT( '', ( 0.0717176701532497, 0.122689197347013, 9.74200000000000 ) );
#7211 = CARTESIAN_POINT( '', ( 0.101803788860550, 0.127186147234218, 9.74200000000000 ) );
#7212 = CARTESIAN_POINT( '', ( 0.137725592657970, 0.131555015263634, 9.74200000000000 ) );
#7213 = CARTESIAN_POINT( '', ( 0.164119165782182, 0.134765044427390, 9.74200000000000 ) );
#7214 = CARTESIAN_POINT( '', ( 0.188968522172892, 0.138087330896577, 9.74200000000000 ) );
#7215 = CARTESIAN_POINT( '', ( 0.212245245535454, 0.141534567417206, 9.74200000000000 ) );
#7216 = CARTESIAN_POINT( '', ( 0.0474031108813641, 0.118113791968204, 9.75000000000000 ) );
#7217 = CARTESIAN_POINT( '', ( 0.0474031145365579, 0.118113792656022, 9.74000000000000 ) );
#7218 = VECTOR( '', #9351, 1000.00000000000 );
#7219 = CARTESIAN_POINT( '', ( -0.0270150342802423, 0.0977257155312224, 9.75000000000000 ) );
#7220 = CARTESIAN_POINT( '', ( -0.0270150342802422, 0.0977257155312224, 9.75000000000000 ) );
#7221 = CARTESIAN_POINT( '', ( -0.0149369136960665, 0.102444298147339, 9.75000000000000 ) );
#7222 = CARTESIAN_POINT( '', ( -0.00244242359766728, 0.106541609546622, 9.75000000000000 ) );
#7223 = CARTESIAN_POINT( '', ( 0.0103944029473590, 0.109947298221833, 9.75000000000000 ) );
#7224 = CARTESIAN_POINT( '', ( 0.0207321390821341, 0.112689962910651, 9.75000000000000 ) );
#7225 = CARTESIAN_POINT( '', ( 0.0330639909776863, 0.115415520302752, 9.75000000000000 ) );
#7226 = CARTESIAN_POINT( '', ( 0.0474031108821424, 0.118113791968350, 9.75000000000000 ) );
#7227 = CARTESIAN_POINT( '', ( -0.0270150342802423, 0.0977257155312224, 9.74200000000000 ) );
#7228 = CARTESIAN_POINT( '', ( -0.0270150365326310, 0.0977257146512774, 9.74000000000000 ) );
#7229 = VECTOR( '', #9352, 1000.00000000000 );
#7230 = CARTESIAN_POINT( '', ( -0.116049925520417, 0.0453392469036390, 9.74200000000000 ) );
#7231 = CARTESIAN_POINT( '', ( -0.116049925520417, 0.0453392469036389, 9.74200000000000 ) );
#7232 = CARTESIAN_POINT( '', ( -0.108557477780808, 0.0518999244100549, 9.74200000000000 ) );
#7233 = CARTESIAN_POINT( '', ( -0.100615192015296, 0.0579933135834558, 9.74200000000000 ) );
#7234 = CARTESIAN_POINT( '', ( -0.0922422530011940, 0.0636450474179747, 9.74200000000000 ) );
#7235 = CARTESIAN_POINT( '', ( -0.0724396763447966, 0.0770117866610427, 9.74200000000000 ) );
#7236 = CARTESIAN_POINT( '', ( -0.0505154945363040, 0.0885447454902158, 9.74200000000000 ) );
#7237 = CARTESIAN_POINT( '', ( -0.0270150342802422, 0.0977257155312224, 9.74200000000000 ) );
#7238 = CARTESIAN_POINT( '', ( -0.116049925254838, 0.0453392471361906, 9.74000000000000 ) );
#7239 = VECTOR( '', #9353, 1000.00000000000 );
#7240 = COLOUR_RGB( '', 0.119999997317791, 0.119999997317791, 0.119999997317791 );
#7241 = CARTESIAN_POINT( '', ( 1.32500000000000, 0.000000000000000, 0.300000000000000 ) );
#7242 = AXIS2_PLACEMENT_3D( '', #9354, #9355, #9356 );
#7243 = COLOUR_RGB( '', 0.119999997317791, 0.119999997317791, 0.119999997317791 );
#7244 = CARTESIAN_POINT( '', ( 1.75000000000000, 5.15000000000000, 1.90000000000000 ) );
#7245 = CARTESIAN_POINT( '', ( 1.75000000000000, 5.15000000000000, 1.90000000000000 ) );
#7246 = VECTOR( '', #9357, 1000.00000000000 );
#7247 = CARTESIAN_POINT( '', ( 0.650000000000000, 5.15000000000000, 0.000000000000000 ) );
#7248 = CARTESIAN_POINT( '', ( -5.15000000000000, 5.15000000000000, 0.000000000000000 ) );
#7249 = VECTOR( '', #9358, 1000.00000000000 );
#7250 = CARTESIAN_POINT( '', ( 0.650000000000000, 5.15000000000000, 0.300000000000000 ) );
#7251 = CARTESIAN_POINT( '', ( 0.650000000000000, 5.15000000000000, 0.300000000000000 ) );
#7252 = VECTOR( '', #9359, 1000.00000000000 );
#7253 = CARTESIAN_POINT( '', ( -0.650000000000000, 5.15000000000000, 0.300000000000000 ) );
#7254 = CARTESIAN_POINT( '', ( -0.650000000000000, 5.15000000000000, 0.300000000000000 ) );
#7255 = VECTOR( '', #9360, 1000.00000000000 );
#7256 = CARTESIAN_POINT( '', ( -0.650000000000000, 5.15000000000000, 0.000000000000000 ) );
#7257 = CARTESIAN_POINT( '', ( -0.650000000000000, 5.15000000000000, 0.300000000000000 ) );
#7258 = VECTOR( '', #9361, 1000.00000000000 );
#7259 = CARTESIAN_POINT( '', ( -4.35000000000000, 5.15000000000000, 0.000000000000000 ) );
#7260 = CARTESIAN_POINT( '', ( -5.15000000000000, 5.15000000000000, 0.000000000000000 ) );
#7261 = VECTOR( '', #9362, 1000.00000000000 );
#7262 = CARTESIAN_POINT( '', ( -4.35000000000000, 5.15000000000000, 1.90000000000000 ) );
#7263 = CARTESIAN_POINT( '', ( -4.35000000000000, 5.15000000000000, 0.600000000000000 ) );
#7264 = VECTOR( '', #9363, 1000.00000000000 );
#7265 = CARTESIAN_POINT( '', ( -1.75000000000000, 5.15000000000000, 1.90000000000000 ) );
#7266 = CARTESIAN_POINT( '', ( -1.75000000000000, 5.15000000000000, 1.90000000000000 ) );
#7267 = VECTOR( '', #9364, 1000.00000000000 );
#7268 = CARTESIAN_POINT( '', ( -1.75000000000000, 5.15000000000000, 1.90000000000000 ) );
#7269 = VECTOR( '', #9365, 1000.00000000000 );
#7270 = CARTESIAN_POINT( '', ( 1.75000000000000, 5.15000000000000, 1.90000000000000 ) );
#7271 = VECTOR( '', #9366, 1000.00000000000 );
#7272 = COLOUR_RGB( '', 0.899999976158142, 0.000000000000000, 0.000000000000000 );
#7273 = CARTESIAN_POINT( '', ( 2.60409215214350, -0.352303505636687, 9.75000000000000 ) );
#7274 = CARTESIAN_POINT( '', ( 2.46209858301167, -0.352303505636687, 9.75000000000000 ) );
#7275 = CARTESIAN_POINT( '', ( 2.60409215214350, -0.352303505636687, 9.75000000000000 ) );
#7276 = CARTESIAN_POINT( '', ( 2.55676096243289, -0.352303505636687, 9.75000000000000 ) );
#7277 = CARTESIAN_POINT( '', ( 2.50942977272228, -0.352303505636687, 9.75000000000000 ) );
#7278 = CARTESIAN_POINT( '', ( 2.46209858301167, -0.352303505636687, 9.75000000000000 ) );
#7279 = CARTESIAN_POINT( '', ( 2.60409215214350, -0.352303505636687, 9.74000000000000 ) );
#7280 = CARTESIAN_POINT( '', ( 2.60409215214350, -0.352303505636687, 9.74000000000000 ) );
#7281 = VECTOR( '', #9367, 1000.00000000000 );
#7282 = CARTESIAN_POINT( '', ( 2.46209858301167, -0.352303505636687, 9.74000000000000 ) );
#7283 = CARTESIAN_POINT( '', ( 2.60409215214350, -0.352303505636687, 9.74000000000000 ) );
#7284 = CARTESIAN_POINT( '', ( 2.55676096243289, -0.352303505636687, 9.74000000000000 ) );
#7285 = CARTESIAN_POINT( '', ( 2.50942977272228, -0.352303505636687, 9.74000000000000 ) );
#7286 = CARTESIAN_POINT( '', ( 2.46209858301167, -0.352303505636687, 9.74000000000000 ) );
#7287 = CARTESIAN_POINT( '', ( 2.46209858301167, -0.352303505636687, 9.74000000000000 ) );
#7288 = VECTOR( '', #9368, 1000.00000000000 );
#7289 = COLOUR_RGB( '', 0.899999976158142, 0.000000000000000, 0.000000000000000 );
#7290 = CARTESIAN_POINT( '', ( 2.24756482095379, 0.643966590826336, 9.74000000000000 ) );
#7291 = CARTESIAN_POINT( '', ( 2.10557125182195, 0.643966590826335, 9.74000000000000 ) );
#7292 = CARTESIAN_POINT( '', ( 2.24756482095379, 0.643966590826336, 9.74000000000000 ) );
#7293 = CARTESIAN_POINT( '', ( 2.10557125182195, 0.643966590826335, 9.74000000000000 ) );
#7294 = CARTESIAN_POINT( '', ( 2.24756482095379, 0.806796172819905, 9.74000000000000 ) );
#7295 = CARTESIAN_POINT( '', ( 2.24756482095379, 0.806796172819905, 9.74000000000000 ) );
#7296 = CARTESIAN_POINT( '', ( 2.24756482095379, 0.643966590826336, 9.74000000000000 ) );
#7297 = CARTESIAN_POINT( '', ( 2.10557125182195, 0.806796172819904, 9.74000000000000 ) );
#7298 = CARTESIAN_POINT( '', ( 2.10557125182195, 0.806796172819904, 9.74000000000000 ) );
#7299 = CARTESIAN_POINT( '', ( 2.24756482095379, 0.806796172819905, 9.74000000000000 ) );
#7300 = CARTESIAN_POINT( '', ( 2.10557125182195, 0.643966590826335, 9.74000000000000 ) );
#7301 = CARTESIAN_POINT( '', ( 2.10557125182195, 0.806796172819904, 9.74000000000000 ) );
#7302 = COLOUR_RGB( '', 0.119999997317791, 0.119999997317791, 0.119999997317791 );
#7303 = CARTESIAN_POINT( '', ( 1.92500000000000, 0.000000000000000, 0.200000000000000 ) );
#7304 = AXIS2_PLACEMENT_3D( '', #9369, #9370, #9371 );
#7305 = CARTESIAN_POINT( '', ( 1.92500000000000, 0.000000000000000, 0.300000000000000 ) );
#7306 = AXIS2_PLACEMENT_3D( '', #9372, #9373, #9374 );
#7307 = COLOUR_RGB( '', 0.119999997317791, 0.119999997317791, 0.119999997317791 );
#7308 = CARTESIAN_POINT( '', ( -2.25000000000000, 0.000000000000000, 0.700000000000000 ) );
#7309 = AXIS2_PLACEMENT_3D( '', #9375, #9376, #9377 );
#7310 = CARTESIAN_POINT( '', ( -2.39875000000000, -0.355841871482263, 0.300000000000000 ) );
#7311 = CARTESIAN_POINT( '', ( -2.39875000000000, -0.355841871482264, 0.200000000000000 ) );
#7312 = CARTESIAN_POINT( '', ( -2.39875000000000, -0.355841871482264, 0.450000000000000 ) );
#7313 = VECTOR( '', #9378, 1000.00000000000 );
#7314 = CARTESIAN_POINT( '', ( -2.48875000000000, -0.426319642404617, 0.200000000000000 ) );
#7315 = AXIS2_PLACEMENT_3D( '', #9379, #9380, #9381 );
#7316 = CARTESIAN_POINT( '', ( -2.48875000000000, -0.426319642404616, 0.300000000000000 ) );
#7317 = CARTESIAN_POINT( '', ( -2.48875000000000, -0.426319642404617, 0.450000000000000 ) );
#7318 = VECTOR( '', #9382, 1000.00000000000 );
#7319 = CARTESIAN_POINT( '', ( -2.99329545454545, -0.436814974328398, 0.300000000000000 ) );
#7320 = AXIS2_PLACEMENT_3D( '', #9383, #9384, #9385 );
#7321 = CARTESIAN_POINT( '', ( -2.99329545454545, -0.436814974328400, 0.200000000000000 ) );
#7322 = CARTESIAN_POINT( '', ( -2.99329545454545, -0.436814974328400, 0.450000000000000 ) );
#7323 = VECTOR( '', #9386, 1000.00000000000 );
#7324 = CARTESIAN_POINT( '', ( -3.10511363636363, -0.351986228805324, 0.200000000000000 ) );
#7325 = AXIS2_PLACEMENT_3D( '', #9387, #9388, #9389 );
#7326 = CARTESIAN_POINT( '', ( -3.10511363636363, -0.351986228805323, 0.300000000000000 ) );
#7327 = CARTESIAN_POINT( '', ( -3.10511363636363, -0.351986228805324, 0.450000000000000 ) );
#7328 = VECTOR( '', #9390, 1000.00000000000 );
#7329 = CARTESIAN_POINT( '', ( -3.10511363636363, 0.351986228805323, 0.300000000000000 ) );
#7330 = AXIS2_PLACEMENT_3D( '', #9391, #9392, #9393 );
#7331 = CARTESIAN_POINT( '', ( -3.10511363636363, 0.351986228805324, 0.200000000000000 ) );
#7332 = CARTESIAN_POINT( '', ( -3.10511363636363, 0.351986228805324, 0.450000000000000 ) );
#7333 = VECTOR( '', #9394, 1000.00000000000 );
#7334 = CARTESIAN_POINT( '', ( -2.99329545454545, 0.436814974328400, 0.200000000000000 ) );
#7335 = AXIS2_PLACEMENT_3D( '', #9395, #9396, #9397 );
#7336 = CARTESIAN_POINT( '', ( -2.99329545454545, 0.436814974328399, 0.300000000000000 ) );
#7337 = CARTESIAN_POINT( '', ( -2.99329545454545, 0.436814974328400, 0.450000000000000 ) );
#7338 = VECTOR( '', #9398, 1000.00000000000 );
#7339 = CARTESIAN_POINT( '', ( -2.48875000000000, 0.426319642404616, 0.300000000000000 ) );
#7340 = AXIS2_PLACEMENT_3D( '', #9399, #9400, #9401 );
#7341 = CARTESIAN_POINT( '', ( -2.48875000000000, 0.426319642404617, 0.200000000000000 ) );
#7342 = CARTESIAN_POINT( '', ( -2.48875000000000, 0.426319642404617, 0.450000000000000 ) );
#7343 = VECTOR( '', #9402, 1000.00000000000 );
#7344 = CARTESIAN_POINT( '', ( -2.39875000000000, 0.355841871482264, 0.200000000000000 ) );
#7345 = AXIS2_PLACEMENT_3D( '', #9403, #9404, #9405 );
#7346 = CARTESIAN_POINT( '', ( -2.39875000000000, 0.355841871482263, 0.300000000000000 ) );
#7347 = CARTESIAN_POINT( '', ( -2.39875000000000, 0.355841871482264, 0.450000000000000 ) );
#7348 = VECTOR( '', #9406, 1000.00000000000 );
#7349 = AXIS2_PLACEMENT_3D( '', #9407, #9408, #9409 );
#7350 = COLOUR_RGB( '', 0.899999976158142, 0.000000000000000, 0.000000000000000 );
#7351 = CARTESIAN_POINT( '', ( -0.0431019878146678, 1.75634749060501, 9.75000000000000 ) );
#7352 = CARTESIAN_POINT( '', ( 1.20674051077522, 1.75634749060501, 9.75000000000000 ) );
#7353 = CARTESIAN_POINT( '', ( -0.0431019878146684, 1.75634749060501, 9.75000000000000 ) );
#7354 = VECTOR( '', #9410, 1000.00000000000 );
#7355 = CARTESIAN_POINT( '', ( 1.20674051077522, 1.75634749060501, 9.74000000000000 ) );
#7356 = CARTESIAN_POINT( '', ( 1.20674051077522, 1.75634749060501, 9.74000000000000 ) );
#7357 = VECTOR( '', #9411, 1000.00000000000 );
#7358 = CARTESIAN_POINT( '', ( -0.0431019878146678, 1.75634749060501, 9.74000000000000 ) );
#7359 = CARTESIAN_POINT( '', ( -0.0431019878146684, 1.75634749060501, 9.74000000000000 ) );
#7360 = VECTOR( '', #9412, 1000.00000000000 );
#7361 = CARTESIAN_POINT( '', ( -0.0431019878146678, 1.75634749060501, 9.74000000000000 ) );
#7362 = VECTOR( '', #9413, 1000.00000000000 );
#7363 = COLOUR_RGB( '', 0.119999997317791, 0.119999997317791, 0.119999997317791 );
#7364 = CARTESIAN_POINT( '', ( 5.15000000000000, -3.15000000000000, 0.000000000000000 ) );
#7365 = CARTESIAN_POINT( '', ( 5.15000000000000, 5.15000000000000, 0.000000000000000 ) );
#7366 = VECTOR( '', #9414, 1000.00000000000 );
#7367 = CARTESIAN_POINT( '', ( 5.15000000000000, 1.75000000000000, 1.90000000000000 ) );
#7368 = CARTESIAN_POINT( '', ( 5.15000000000000, 5.15000000000000, 1.90000000000000 ) );
#7369 = VECTOR( '', #9415, 1000.00000000000 );
#7370 = CARTESIAN_POINT( '', ( 5.15000000000000, 1.75000000000000, 1.90000000000000 ) );
#7371 = VECTOR( '', #9416, 1000.00000000000 );
#7372 = CARTESIAN_POINT( '', ( 5.15000000000000, -1.75000000000000, 1.10000000000000 ) );
#7373 = CARTESIAN_POINT( '', ( 5.15000000000000, -1.75000000000000, 1.10000000000000 ) );
#7374 = VECTOR( '', #9417, 1000.00000000000 );
#7375 = CARTESIAN_POINT( '', ( 5.15000000000000, -3.15000000000000, 1.10000000000000 ) );
#7376 = CARTESIAN_POINT( '', ( 5.15000000000000, -3.15000000000000, 1.10000000000000 ) );
#7377 = VECTOR( '', #9418, 1000.00000000000 );
#7378 = CARTESIAN_POINT( '', ( 5.15000000000000, -3.15000000000000, 0.600000000000000 ) );
#7379 = VECTOR( '', #9419, 1000.00000000000 );
#7380 = COLOUR_RGB( '', 0.119999997317791, 0.119999997317791, 0.119999997317791 );
#7381 = CARTESIAN_POINT( '', ( 2.48875000000000, 0.426319642404615, 0.200000000000000 ) );
#7382 = AXIS2_PLACEMENT_3D( '', #9420, #9421, #9422 );
#7383 = CARTESIAN_POINT( '', ( 2.39875000000000, 0.355841871482262, 0.200000000000000 ) );
#7384 = AXIS2_PLACEMENT_3D( '', #9423, #9424, #9425 );
#7385 = AXIS2_PLACEMENT_3D( '', #9426, #9427, #9428 );
#7386 = COLOUR_RGB( '', 0.119999997317791, 0.119999997317791, 0.119999997317791 );
#7387 = CARTESIAN_POINT( '', ( 2.39875000000000, 0.355841871482263, 0.300000000000000 ) );
#7388 = CARTESIAN_POINT( '', ( 2.39875000000000, 0.355841871482262, 0.450000000000000 ) );
#7389 = VECTOR( '', #9429, 1000.00000000000 );
#7390 = AXIS2_PLACEMENT_3D( '', #9430, #9431, #9432 );
#7391 = COLOUR_RGB( '', 0.899999976158142, 0.000000000000000, 0.000000000000000 );
#7392 = CARTESIAN_POINT( '', ( 0.362961405928891, 3.52179173964185, 9.75000000000000 ) );
#7393 = CARTESIAN_POINT( '', ( 0.861191314091611, 3.52179173964186, 9.75000000000000 ) );
#7394 = CARTESIAN_POINT( '', ( 0.362961405928889, 3.52179173964186, 9.75000000000000 ) );
#7395 = VECTOR( '', #9433, 1000.00000000000 );
#7396 = CARTESIAN_POINT( '', ( 0.362961405928891, 3.52179173964185, 9.74000000000000 ) );
#7397 = CARTESIAN_POINT( '', ( 0.362961405928891, 3.52179173964185, 9.74000000000000 ) );
#7398 = VECTOR( '', #9434, 1000.00000000000 );
#7399 = CARTESIAN_POINT( '', ( 0.861191314091611, 3.52179173964186, 9.74000000000000 ) );
#7400 = CARTESIAN_POINT( '', ( 0.362961405928889, 3.52179173964186, 9.74000000000000 ) );
#7401 = VECTOR( '', #9435, 1000.00000000000 );
#7402 = CARTESIAN_POINT( '', ( 0.861191314091611, 3.52179173964186, 9.74000000000000 ) );
#7403 = VECTOR( '', #9436, 1000.00000000000 );
#7404 = COLOUR_RGB( '', 0.899999976158142, 0.000000000000000, 0.000000000000000 );
#7405 = CARTESIAN_POINT( '', ( -0.922595950750390, -0.185615402742797, 9.75000000000000 ) );
#7406 = CARTESIAN_POINT( '', ( -0.657495235106477, 0.586784543189027, 9.75000000000000 ) );
#7407 = CARTESIAN_POINT( '', ( -0.922595950750390, -0.185615402742797, 9.75000000000000 ) );
#7408 = CARTESIAN_POINT( '', ( -0.909476979689297, -0.143171672839260, 9.75000000000000 ) );
#7409 = CARTESIAN_POINT( '', ( -0.888640966827560, -0.0814353384341157, 9.75000000000000 ) );
#7410 = CARTESIAN_POINT( '', ( -0.860859616345245, 0.000365304652700857, 9.75000000000000 ) );
#7411 = CARTESIAN_POINT( '', ( -0.794327643466745, 0.196265002572725, 9.75000000000000 ) );
#7412 = CARTESIAN_POINT( '', ( -0.725822058119966, 0.391494417012957, 9.75000000000000 ) );
#7413 = CARTESIAN_POINT( '', ( -0.657495235106478, 0.586784543189023, 9.75000000000000 ) );
#7414 = CARTESIAN_POINT( '', ( -0.922595950750390, -0.185615402742797, 9.74000000000000 ) );
#7415 = CARTESIAN_POINT( '', ( -0.922595950750390, -0.185615402742797, 9.74000000000000 ) );
#7416 = VECTOR( '', #9437, 1000.00000000000 );
#7417 = CARTESIAN_POINT( '', ( -0.580730998981901, 0.806796172819904, 9.74000000000000 ) );
#7418 = CARTESIAN_POINT( '', ( -0.922595950750390, -0.185615402742797, 9.74000000000000 ) );
#7419 = CARTESIAN_POINT( '', ( -0.909476979689297, -0.143171672839260, 9.74000000000000 ) );
#7420 = CARTESIAN_POINT( '', ( -0.888640966827560, -0.0814353384341157, 9.74000000000000 ) );
#7421 = CARTESIAN_POINT( '', ( -0.860859616345245, 0.000365304652700858, 9.74000000000000 ) );
#7422 = CARTESIAN_POINT( '', ( -0.769350230212971, 0.269809608264393, 9.74000000000000 ) );
#7423 = CARTESIAN_POINT( '', ( -0.674107204769683, 0.537985883430836, 9.74000000000000 ) );
#7424 = CARTESIAN_POINT( '', ( -0.580730998981901, 0.806796172819904, 9.74000000000000 ) );
#7425 = CARTESIAN_POINT( '', ( -0.580730998981901, 0.806796172819904, 9.75000000000000 ) );
#7426 = CARTESIAN_POINT( '', ( -0.580730998981901, 0.806796172819904, 9.74000000000000 ) );
#7427 = VECTOR( '', #9438, 1000.00000000000 );
#7428 = CARTESIAN_POINT( '', ( -0.620864685730818, 0.691575350051952, 9.75000000000000 ) );
#7429 = CARTESIAN_POINT( '', ( -0.620864685730818, 0.691575350051951, 9.75000000000000 ) );
#7430 = CARTESIAN_POINT( '', ( -0.607459558244185, 0.729973042403547, 9.75000000000000 ) );
#7431 = CARTESIAN_POINT( '', ( -0.594076212989718, 0.768378132494370, 9.75000000000000 ) );
#7432 = CARTESIAN_POINT( '', ( -0.580730998981901, 0.806796172819904, 9.75000000000000 ) );
#7433 = CARTESIAN_POINT( '', ( -0.620864685730818, 0.691575350051952, 9.74200000000000 ) );
#7434 = CARTESIAN_POINT( '', ( -0.620864682160406, 0.691575360279052, 9.74000000000000 ) );
#7435 = VECTOR( '', #9439, 1000.00000000000 );
#7436 = CARTESIAN_POINT( '', ( -0.657495235106477, 0.586784543189027, 9.74200000000000 ) );
#7437 = CARTESIAN_POINT( '', ( -0.657495235106477, 0.586784543189027, 9.74200000000000 ) );
#7438 = CARTESIAN_POINT( '', ( -0.645275229802458, 0.621711476309026, 9.74200000000000 ) );
#7439 = CARTESIAN_POINT( '', ( -0.633060942395701, 0.656640351356396, 9.74200000000000 ) );
#7440 = CARTESIAN_POINT( '', ( -0.620864685730818, 0.691575350051951, 9.74200000000000 ) );
#7441 = CARTESIAN_POINT( '', ( -0.657495231529970, 0.586784553411314, 9.74000000000000 ) );
#7442 = VECTOR( '', #9440, 1000.00000000000 );
#7443 = COLOUR_RGB( '', 0.699999988079071, 0.699999988079071, 0.699999988079071 );
#7444 = CARTESIAN_POINT( '', ( 2.43951839509359, -2.51022907321225, 9.74200000000000 ) );
#7445 = CARTESIAN_POINT( '', ( 2.43951839509359, -2.51022907321225, 9.74200000000000 ) );
#7446 = VECTOR( '', #9441, 1000.00000000000 );
#7447 = CARTESIAN_POINT( '', ( 2.43951839509359, -2.51022907321225, 9.75000000000000 ) );
#7448 = CARTESIAN_POINT( '', ( 2.43951839509359, -2.51022907321225, 9.75000000000000 ) );
#7449 = VECTOR( '', #9442, 1000.00000000000 );
#7450 = CARTESIAN_POINT( '', ( 2.43951839509359, -2.51022907321225, 9.74200000000000 ) );
#7451 = VECTOR( '', #9443, 1000.00000000000 );
#7452 = COLOUR_RGB( '', 0.119999997317791, 0.119999997317791, 0.119999997317791 );
#7453 = CARTESIAN_POINT( '', ( 4.68374849879880, 1.75000000000000, 1.90000000000000 ) );
#7454 = CARTESIAN_POINT( '', ( 5.15000000000000, 1.75000000000000, 1.90000000000000 ) );
#7455 = VECTOR( '', #9444, 1000.00000000000 );
#7456 = CARTESIAN_POINT( '', ( 4.68374849879880, 1.75000000000000, 1.90000000000000 ) );
#7457 = VECTOR( '', #9445, 1000.00000000000 );
#7458 = COLOUR_RGB( '', 0.899999976158142, 0.000000000000000, 0.000000000000000 );
#7459 = CARTESIAN_POINT( '', ( 0.00113395278658786, -0.222657203385884, 9.74000000000000 ) );
#7460 = CARTESIAN_POINT( '', ( 0.0297334729569613, -0.248164883537838, 9.74000000000000 ) );
#7461 = CARTESIAN_POINT( '', ( 0.0721307373525043, -0.260470708209035, 9.74000000000000 ) );
#7462 = CARTESIAN_POINT( '', ( 0.183256139281765, -0.260470708209035, 9.74000000000000 ) );
#7463 = CARTESIAN_POINT( '', ( 0.231873502625816, -0.248123441328006, 9.74000000000000 ) );
#7464 = CARTESIAN_POINT( '', ( 0.275088936709417, -0.224200611746013, 9.74000000000000 ) );
#7465 = CARTESIAN_POINT( '', ( 0.317713678992023, -0.200604772268142, 9.74000000000000 ) );
#7466 = CARTESIAN_POINT( '', ( 0.349172537995591, -0.167094502421254, 9.74000000000000 ) );
#7467 = CARTESIAN_POINT( '', ( 0.369236846677263, -0.125422476697781, 9.74000000000000 ) );
#7468 = CARTESIAN_POINT( '', ( 0.384508511470051, -0.0937044036666079, 9.74000000000000 ) );
#7469 = CARTESIAN_POINT( '', ( 0.392387972079192, -0.0459369461511569, 9.74000000000000 ) );
#7470 = CARTESIAN_POINT( '', ( 0.392387972079192, 0.0173427966141165, 9.74000000000000 ) );
#7471 = CARTESIAN_POINT( '', ( 0.392387972079192, 0.0345775233022191, 9.74000000000000 ) );
#7472 = CARTESIAN_POINT( '', ( 0.392902441532569, 0.0518122499903221, 9.74000000000000 ) );
#7473 = CARTESIAN_POINT( '', ( 0.393159676259257, 0.0690469766784248, 9.74000000000000 ) );
#7474 = CARTESIAN_POINT( '', ( 0.431744885262473, -0.352303505636687, 9.74000000000000 ) );
#7475 = CARTESIAN_POINT( '', ( 0.431744885262473, -0.352303505636687, 9.74000000000000 ) );
#7476 = CARTESIAN_POINT( '', ( 0.416310801661186, -0.322978746794244, 9.74000000000000 ) );
#7477 = CARTESIAN_POINT( '', ( 0.406278647320350, -0.287480354511286, 9.74000000000000 ) );
#7478 = CARTESIAN_POINT( '', ( 0.401648422239964, -0.246580032967878, 9.74000000000000 ) );
#7479 = CARTESIAN_POINT( '', ( 0.578368679474691, -0.352303505636687, 9.74000000000000 ) );
#7480 = CARTESIAN_POINT( '', ( 0.578368679474691, -0.352303505636687, 9.74000000000000 ) );
#7481 = CARTESIAN_POINT( '', ( 0.529494081403952, -0.352303505636687, 9.74000000000000 ) );
#7482 = CARTESIAN_POINT( '', ( 0.480619483333212, -0.352303505636688, 9.74000000000000 ) );
#7483 = CARTESIAN_POINT( '', ( 0.431744885262473, -0.352303505636687, 9.74000000000000 ) );
#7484 = CARTESIAN_POINT( '', ( -0.170184375187689, 0.248854050633409, 9.74000000000000 ) );
#7485 = CARTESIAN_POINT( '', ( -0.170184375187689, 0.248854050633409, 9.74000000000000 ) );
#7486 = CARTESIAN_POINT( '', ( -0.157837108306660, 0.308275272498361, 9.74000000000000 ) );
#7487 = CARTESIAN_POINT( '', ( -0.137001095444924, 0.356120931662347, 9.74000000000000 ) );
#7488 = CARTESIAN_POINT( '', ( -0.107676336602480, 0.393162732305435, 9.74000000000000 ) );
#7489 = CARTESIAN_POINT( '', ( -0.0787271349703979, 0.429730144893327, 9.74000000000000 ) );
#7490 = CARTESIAN_POINT( '', ( -0.0366795520365640, 0.457985883430837, 9.74000000000000 ) );
#7491 = CARTESIAN_POINT( '', ( 0.0181114447480026, 0.478050192112508, 9.74000000000000 ) );
#7492 = CARTESIAN_POINT( '', ( 0.0733337157769803, 0.498272432207627, 9.74000000000000 ) );
#7493 = CARTESIAN_POINT( '', ( 0.136953888477906, 0.507374950954952, 9.74000000000000 ) );
#7494 = CARTESIAN_POINT( '', ( 0.281262570149932, 0.507374950954952, 9.74000000000000 ) );
#7495 = CARTESIAN_POINT( '', ( 0.339140383654754, 0.498886204974245, 9.74000000000000 ) );
#7496 = CARTESIAN_POINT( '', ( 0.384670930278549, 0.481908713012830, 9.74000000000000 ) );
#7497 = CARTESIAN_POINT( '', ( 0.429523973182089, 0.465183849557272, 9.74000000000000 ) );
#7498 = CARTESIAN_POINT( '', ( 0.462613052465044, 0.444095208189679, 9.74000000000000 ) );
#7499 = CARTESIAN_POINT( '', ( 0.504285078188517, 0.393162732305435, 9.74000000000000 ) );
#7500 = CARTESIAN_POINT( '', ( 0.518947457609739, 0.360751156742734, 9.74000000000000 ) );
#7501 = CARTESIAN_POINT( '', ( 0.527436203590446, 0.322165947739519, 9.74000000000000 ) );
#7502 = CARTESIAN_POINT( '', ( 0.532867575971081, 0.297477891463901, 9.74000000000000 ) );
#7503 = CARTESIAN_POINT( '', ( 0.535153245391089, 0.253484275713795, 9.74000000000000 ) );
#7504 = CARTESIAN_POINT( '', ( 0.535153245391090, 0.190204532948521, 9.74000000000000 ) );
#7505 = CARTESIAN_POINT( '', ( 0.535153245391089, 0.126667555456560, 9.74000000000000 ) );
#7506 = CARTESIAN_POINT( '', ( 0.535153245391089, 0.0631305779645987, 9.74000000000000 ) );
#7507 = CARTESIAN_POINT( '', ( 0.535153245391089, -0.000406399527362575, 9.74000000000000 ) );
#7508 = CARTESIAN_POINT( '', ( 0.535153245391089, -0.133139518498424, 9.74000000000000 ) );
#7509 = CARTESIAN_POINT( '', ( 0.538240062111346, -0.217255274125434, 9.74000000000000 ) );
#7510 = CARTESIAN_POINT( '', ( 0.543641991371797, -0.251981962228327, 9.74000000000000 ) );
#7511 = CARTESIAN_POINT( '', ( 0.549179359552953, -0.287579329107186, 9.74000000000000 ) );
#7512 = CARTESIAN_POINT( '', ( 0.561391187513276, -0.320663634254051, 9.74000000000000 ) );
#7513 = CARTESIAN_POINT( '', ( 0.578368679474691, -0.352303505636687, 9.74000000000000 ) );
#7514 = CARTESIAN_POINT( '', ( -0.0289625102359199, 0.229561446131801, 9.74000000000000 ) );
#7515 = CARTESIAN_POINT( '', ( -0.0289625102359199, 0.229561446131801, 9.74000000000000 ) );
#7516 = CARTESIAN_POINT( '', ( -0.0760364652198429, 0.235992314299004, 9.74000000000000 ) );
#7517 = CARTESIAN_POINT( '', ( -0.123110420203766, 0.242423182466206, 9.74000000000000 ) );
#7518 = CARTESIAN_POINT( '', ( -0.170184375187689, 0.248854050633409, 9.74000000000000 ) );
#7519 = CARTESIAN_POINT( '', ( 0.392387972079192, 0.180944082787750, 9.74000000000000 ) );
#7520 = CARTESIAN_POINT( '', ( 0.393159676259256, 0.200236687289357, 9.74000000000000 ) );
#7521 = CARTESIAN_POINT( '', ( 0.393159676259257, 0.212583954170386, 9.74000000000000 ) );
#7522 = CARTESIAN_POINT( '', ( 0.393159676259256, 0.276635401115724, 9.74000000000000 ) );
#7523 = CARTESIAN_POINT( '', ( 0.380040705198163, 0.317535722659132, 9.74000000000000 ) );
#7524 = CARTESIAN_POINT( '', ( 0.353031058895912, 0.342230256421190, 9.74000000000000 ) );
#7525 = CARTESIAN_POINT( '', ( 0.317518598195265, 0.374698791918925, 9.74000000000000 ) );
#7526 = CARTESIAN_POINT( '', ( 0.261969965648325, 0.390075915585177, 9.74000000000000 ) );
#7527 = CARTESIAN_POINT( '', ( 0.190201476902343, 0.390847619765242, 9.74000000000000 ) );
#7528 = CARTESIAN_POINT( '', ( 0.123850886786550, 0.391561066970788, 9.74000000000000 ) );
#7529 = CARTESIAN_POINT( '', ( 0.0744458498926973, 0.378500352884213, 9.74000000000000 ) );
#7530 = CARTESIAN_POINT( '', ( 0.0420342743299962, 0.355349227482283, 9.74000000000000 ) );
#7531 = CARTESIAN_POINT( '', ( 0.00976869685541479, 0.332302386429012, 9.74000000000000 ) );
#7532 = CARTESIAN_POINT( '', ( -0.0135284266346346, 0.289754372176817, 9.74000000000000 ) );
#7533 = CARTESIAN_POINT( '', ( -0.0289625102359199, 0.229561446131801, 9.74000000000000 ) );
#7534 = COLOUR_RGB( '', 0.119999997317791, 0.119999997317791, 0.119999997317791 );
#7535 = CARTESIAN_POINT( '', ( 3.10511363636363, 0.351986228805329, 0.200000000000000 ) );
#7536 = CARTESIAN_POINT( '', ( 3.10511363636363, 0.351986228805329, 0.300000000000000 ) );
#7537 = CARTESIAN_POINT( '', ( 3.10511363636363, 0.351986228805329, 0.450000000000000 ) );
#7538 = VECTOR( '', #9446, 1000.00000000000 );
#7539 = AXIS2_PLACEMENT_3D( '', #9447, #9448, #9449 );
#7540 = AXIS2_PLACEMENT_3D( '', #9450, #9451, #9452 );
#7541 = COLOUR_RGB( '', 0.899999976158142, 0.000000000000000, 0.000000000000000 );
#7542 = CARTESIAN_POINT( '', ( -0.524396593837207, -0.352303505636688, 9.75000000000000 ) );
#7543 = CARTESIAN_POINT( '', ( -0.524396593837207, 0.453685915718551, 9.75000000000000 ) );
#7544 = CARTESIAN_POINT( '', ( -0.524396593837207, -0.352303505636688, 9.75000000000000 ) );
#7545 = CARTESIAN_POINT( '', ( -0.524396593837207, -0.0836403651849417, 9.75000000000000 ) );
#7546 = CARTESIAN_POINT( '', ( -0.524396593837207, 0.185022775266804, 9.75000000000000 ) );
#7547 = CARTESIAN_POINT( '', ( -0.524396593837207, 0.453685915718551, 9.75000000000000 ) );
#7548 = CARTESIAN_POINT( '', ( -0.524396593837207, -0.352303505636688, 9.74000000000000 ) );
#7549 = CARTESIAN_POINT( '', ( -0.524396593837207, -0.352303505636688, 9.74000000000000 ) );
#7550 = VECTOR( '', #9453, 1000.00000000000 );
#7551 = CARTESIAN_POINT( '', ( -0.524396593837207, 0.619272057064277, 9.74000000000000 ) );
#7552 = CARTESIAN_POINT( '', ( -0.524396593837207, -0.352303505636688, 9.74000000000000 ) );
#7553 = CARTESIAN_POINT( '', ( -0.524396593837207, -0.0284449847363664, 9.74000000000000 ) );
#7554 = CARTESIAN_POINT( '', ( -0.524396593837207, 0.295413536163955, 9.74000000000000 ) );
#7555 = CARTESIAN_POINT( '', ( -0.524396593837207, 0.619272057064277, 9.74000000000000 ) );
#7556 = CARTESIAN_POINT( '', ( -0.524396593837207, 0.619272057064277, 9.75000000000000 ) );
#7557 = CARTESIAN_POINT( '', ( -0.524396593837207, 0.619272057064277, 9.74000000000000 ) );
#7558 = VECTOR( '', #9454, 1000.00000000000 );
#7559 = CARTESIAN_POINT( '', ( -0.524396593837207, 0.595107271955852, 9.75000000000000 ) );
#7560 = CARTESIAN_POINT( '', ( -0.524396593837207, 0.595107271955852, 9.75000000000000 ) );
#7561 = CARTESIAN_POINT( '', ( -0.524396593837207, 0.603162200325327, 9.75000000000000 ) );
#7562 = CARTESIAN_POINT( '', ( -0.524396593837207, 0.611217128694802, 9.75000000000000 ) );
#7563 = CARTESIAN_POINT( '', ( -0.524396593837207, 0.619272057064277, 9.75000000000000 ) );
#7564 = CARTESIAN_POINT( '', ( -0.524396593837207, 0.595107271955853, 9.74200000000000 ) );
#7565 = CARTESIAN_POINT( '', ( -0.524396593837207, 0.595107271955853, 9.74200000000000 ) );
#7566 = VECTOR( '', #9455, 1000.00000000000 );
#7567 = CARTESIAN_POINT( '', ( -0.524396593837207, 0.453685915718550, 9.74200000000000 ) );
#7568 = CARTESIAN_POINT( '', ( -0.524396593837207, -1.17037098936851E-016, 9.74200000000000 ) );
#7569 = VECTOR( '', #9456, 1000.00000000000 );
#7570 = CARTESIAN_POINT( '', ( -0.524396593837207, 0.453685915718550, 9.74200000000000 ) );
#7571 = VECTOR( '', #9457, 1000.00000000000 );
#7572 = COLOUR_RGB( '', 0.119999997317791, 0.119999997317791, 0.119999997317791 );
#7573 = CARTESIAN_POINT( '', ( -1.75000000000000, -5.15000000000000, 1.10000000000000 ) );
#7574 = CARTESIAN_POINT( '', ( -1.75000000000000, -5.15000000000000, 1.10000000000000 ) );
#7575 = VECTOR( '', #9458, 1000.00000000000 );
#7576 = CARTESIAN_POINT( '', ( -1.75000000000000, -5.15000000000000, 1.10000000000000 ) );
#7577 = VECTOR( '', #9459, 1000.00000000000 );
#7578 = COLOUR_RGB( '', 0.699999988079071, 0.699999988079071, 0.699999988079071 );
#7579 = CARTESIAN_POINT( '', ( 2.95000000000000, 0.475000000000000, -0.750000000000000 ) );
#7580 = CARTESIAN_POINT( '', ( 2.95000000000000, -0.475000000000000, -0.750000000000000 ) );
#7581 = VECTOR( '', #9460, 1000.00000000000 );
#7582 = CARTESIAN_POINT( '', ( 2.60000000000000, 0.475000000000000, -0.400000000000000 ) );
#7583 = CARTESIAN_POINT( '', ( 2.60000000000000, -0.475000000000000, -0.400000000000000 ) );
#7584 = VECTOR( '', #9461, 1000.00000000000 );
#7585 = AXIS2_PLACEMENT_3D( '', #9462, #9463, #9464 );
#7586 = COLOUR_RGB( '', 0.899999976158142, 0.000000000000000, 0.000000000000000 );
#7587 = CARTESIAN_POINT( '', ( 1.77373845439431, 0.488854050633410, 9.75000000000000 ) );
#7588 = CARTESIAN_POINT( '', ( 1.95894745760974, 0.488854050633410, 9.75000000000000 ) );
#7589 = CARTESIAN_POINT( '', ( 1.77373845439431, 0.488854050633410, 9.75000000000000 ) );
#7590 = CARTESIAN_POINT( '', ( 1.95894745760974, 0.488854050633410, 9.75000000000000 ) );
#7591 = CARTESIAN_POINT( '', ( 1.77373845439431, 0.488854050633410, 9.74000000000000 ) );
#7592 = CARTESIAN_POINT( '', ( 1.77373845439431, 0.488854050633410, 9.74000000000000 ) );
#7593 = VECTOR( '', #9465, 1000.00000000000 );
#7594 = CARTESIAN_POINT( '', ( 1.95894745760974, 0.488854050633410, 9.74000000000000 ) );
#7595 = CARTESIAN_POINT( '', ( 1.77373845439431, 0.488854050633410, 9.74000000000000 ) );
#7596 = CARTESIAN_POINT( '', ( 1.95894745760974, 0.488854050633410, 9.74000000000000 ) );
#7597 = CARTESIAN_POINT( '', ( 1.95894745760974, 0.488854050633410, 9.74000000000000 ) );
#7598 = VECTOR( '', #9466, 1000.00000000000 );
#7599 = COLOUR_RGB( '', 0.899999976158142, 0.000000000000000, 0.000000000000000 );
#7600 = CARTESIAN_POINT( '', ( 0.880876718059899, 0.488854050633409, 9.75000000000000 ) );
#7601 = CARTESIAN_POINT( '', ( 0.880876718059899, 0.361522860922798, 9.75000000000000 ) );
#7602 = CARTESIAN_POINT( '', ( 0.880876718059899, 0.488854050633409, 9.75000000000000 ) );
#7603 = CARTESIAN_POINT( '', ( 0.880876718059899, 0.446410320729872, 9.75000000000000 ) );
#7604 = CARTESIAN_POINT( '', ( 0.880876718059899, 0.403966590826335, 9.75000000000000 ) );
#7605 = CARTESIAN_POINT( '', ( 0.880876718059899, 0.361522860922798, 9.75000000000000 ) );
#7606 = CARTESIAN_POINT( '', ( 0.880876718059899, 0.488854050633409, 9.74000000000000 ) );
#7607 = CARTESIAN_POINT( '', ( 0.880876718059899, 0.488854050633409, 9.74000000000000 ) );
#7608 = VECTOR( '', #9467, 1000.00000000000 );
#7609 = CARTESIAN_POINT( '', ( 0.880876718059899, 0.361522860922798, 9.74000000000000 ) );
#7610 = CARTESIAN_POINT( '', ( 0.880876718059899, 0.488854050633409, 9.74000000000000 ) );
#7611 = CARTESIAN_POINT( '', ( 0.880876718059899, 0.446410320729872, 9.74000000000000 ) );
#7612 = CARTESIAN_POINT( '', ( 0.880876718059899, 0.403966590826335, 9.74000000000000 ) );
#7613 = CARTESIAN_POINT( '', ( 0.880876718059899, 0.361522860922798, 9.74000000000000 ) );
#7614 = CARTESIAN_POINT( '', ( 0.880876718059899, 0.361522860922798, 9.74000000000000 ) );
#7615 = VECTOR( '', #9468, 1000.00000000000 );
#7616 = COLOUR_RGB( '', 0.699999988079071, 0.699999988079071, 0.699999988079071 );
#7617 = CARTESIAN_POINT( '', ( 0.185006846723414, -0.255717511606807, 9.75000000000000 ) );
#7618 = CARTESIAN_POINT( '', ( 0.00113395278658786, -0.222657203385884, 9.75000000000000 ) );
#7619 = CARTESIAN_POINT( '', ( 0.0297334729569613, -0.248164883537838, 9.75000000000000 ) );
#7620 = CARTESIAN_POINT( '', ( 0.0721307373525043, -0.260470708209035, 9.75000000000000 ) );
#7621 = CARTESIAN_POINT( '', ( 0.147671942132582, -0.260470708209035, 9.75000000000000 ) );
#7622 = CARTESIAN_POINT( '', ( 0.166752495057022, -0.258874351069465, 9.75000000000000 ) );
#7623 = CARTESIAN_POINT( '', ( 0.185006846723414, -0.255717511606807, 9.75000000000000 ) );
#7624 = CARTESIAN_POINT( '', ( -3.03576608295941E-015, -0.0707106781186531, 9.75000000000000 ) );
#7625 = CARTESIAN_POINT( '', ( 2.43951839509359, -2.51022907321225, 9.75000000000000 ) );
#7626 = VECTOR( '', #9469, 1000.00000000000 );
#7627 = CARTESIAN_POINT( '', ( -2.43951839509359, -2.51022907321225, 9.75000000000000 ) );
#7628 = VECTOR( '', #9470, 1000.00000000000 );
#7629 = COLOUR_RGB( '', 0.119999997317791, 0.119999997317791, 0.119999997317791 );
#7630 = CARTESIAN_POINT( '', ( -0.650000000000000, -2.40000000000000, 0.000000000000000 ) );
#7631 = CARTESIAN_POINT( '', ( -0.650000000000000, -5.15000000000000, 0.000000000000000 ) );
#7632 = CARTESIAN_POINT( '', ( -0.650000000000000, -2.40000000000000, 0.000000000000000 ) );
#7633 = VECTOR( '', #9471, 1000.00000000000 );
#7634 = CARTESIAN_POINT( '', ( -0.650000000000000, -2.40000000000000, 0.300000000000000 ) );
#7635 = CARTESIAN_POINT( '', ( -0.650000000000000, -2.40000000000000, 0.300000000000000 ) );
#7636 = VECTOR( '', #9472, 1000.00000000000 );
#7637 = CARTESIAN_POINT( '', ( -0.650000000000000, -5.15000000000000, 0.300000000000000 ) );
#7638 = CARTESIAN_POINT( '', ( -0.650000000000000, -2.40000000000000, 0.300000000000000 ) );
#7639 = VECTOR( '', #9473, 1000.00000000000 );
#7640 = CARTESIAN_POINT( '', ( -0.650000000000000, -5.15000000000000, 0.300000000000000 ) );
#7641 = VECTOR( '', #9474, 1000.00000000000 );
#7642 = COLOUR_RGB( '', 0.699999988079071, 0.699999988079071, 0.699999988079071 );
#7643 = CARTESIAN_POINT( '', ( -5.50000000000000, -0.475000000000000, -0.750000000000000 ) );
#7644 = CARTESIAN_POINT( '', ( -5.50000000000000, 0.475000000000000, -0.750000000000000 ) );
#7645 = CARTESIAN_POINT( '', ( -5.50000000000000, 0.475000000000000, -0.750000000000000 ) );
#7646 = VECTOR( '', #9475, 1000.00000000000 );
#7647 = CARTESIAN_POINT( '', ( -5.50000000000000, -0.475000000000000, -0.450000000000000 ) );
#7648 = CARTESIAN_POINT( '', ( -5.50000000000000, -0.475000000000000, -0.750000000000000 ) );
#7649 = VECTOR( '', #9476, 1000.00000000000 );
#7650 = CARTESIAN_POINT( '', ( -5.50000000000000, 0.475000000000000, -0.450000000000000 ) );
#7651 = CARTESIAN_POINT( '', ( -5.50000000000000, -0.475000000000000, -0.450000000000000 ) );
#7652 = VECTOR( '', #9477, 1000.00000000000 );
#7653 = CARTESIAN_POINT( '', ( -5.50000000000000, 0.475000000000000, -0.450000000000000 ) );
#7654 = VECTOR( '', #9478, 1000.00000000000 );
#7655 = COLOUR_RGB( '', 0.899999976158142, 0.000000000000000, 0.000000000000000 );
#7656 = CARTESIAN_POINT( '', ( 2.10557125182195, 0.806796172819904, 9.75000000000000 ) );
#7657 = CARTESIAN_POINT( '', ( 2.24756482095379, 0.806796172819905, 9.75000000000000 ) );
#7658 = CARTESIAN_POINT( '', ( 2.10557125182195, 0.806796172819904, 9.75000000000000 ) );
#7659 = CARTESIAN_POINT( '', ( 2.24756482095379, 0.806796172819905, 9.75000000000000 ) );
#7660 = CARTESIAN_POINT( '', ( 2.10557125182195, 0.806796172819904, 9.74000000000000 ) );
#7661 = VECTOR( '', #9479, 1000.00000000000 );
#7662 = CARTESIAN_POINT( '', ( 2.24756482095379, 0.806796172819905, 9.74000000000000 ) );
#7663 = VECTOR( '', #9480, 1000.00000000000 );
#7664 = COLOUR_RGB( '', 0.119999997317791, 0.119999997317791, 0.119999997317791 );
#7665 = CARTESIAN_POINT( '', ( 2.99329545454545, 0.436814974328402, 0.300000000000000 ) );
#7666 = AXIS2_PLACEMENT_3D( '', #9481, #9482, #9483 );
#7667 = CARTESIAN_POINT( '', ( 2.48875000000000, 0.426319642404615, 0.300000000000000 ) );
#7668 = AXIS2_PLACEMENT_3D( '', #9484, #9485, #9486 );
#7669 = AXIS2_PLACEMENT_3D( '', #9487, #9488, #9489 );
#7670 = COLOUR_RGB( '', 0.119999997317791, 0.119999997317791, 0.119999997317791 );
#7671 = CARTESIAN_POINT( '', ( -1.75000000000000, 4.68374849879880, 1.90000000000000 ) );
#7672 = CARTESIAN_POINT( '', ( -1.75000000000000, 4.68374849879880, 1.90000000000000 ) );
#7673 = VECTOR( '', #9490, 1000.00000000000 );
#7674 = CARTESIAN_POINT( '', ( -4.68374849879880, 1.75000000000000, 1.90000000000000 ) );
#7675 = AXIS2_PLACEMENT_3D( '', #9491, #9492, #9493 );
#7676 = CARTESIAN_POINT( '', ( -4.68374849879880, 1.75000000000000, 1.90000000000000 ) );
#7677 = VECTOR( '', #9494, 1000.00000000000 );
#7678 = COLOUR_RGB( '', 0.119999997317791, 0.119999997317791, 0.119999997317791 );
#7679 = CARTESIAN_POINT( '', ( 3.10511363636363, -0.351986228805331, 0.300000000000000 ) );
#7680 = CARTESIAN_POINT( '', ( 3.10511363636363, -0.351986228805330, 0.200000000000000 ) );
#7681 = CARTESIAN_POINT( '', ( 3.10511363636363, -0.351986228805330, 0.450000000000000 ) );
#7682 = VECTOR( '', #9495, 1000.00000000000 );
#7683 = AXIS2_PLACEMENT_3D( '', #9496, #9497, #9498 );
#7684 = AXIS2_PLACEMENT_3D( '', #9499, #9500, #9501 );
#7685 = COLOUR_RGB( '', 0.119999997317791, 0.119999997317791, 0.119999997317791 );
#7686 = CARTESIAN_POINT( '', ( 3.15000000000000, -5.15000000000000, 0.000000000000000 ) );
#7687 = VECTOR( '', #9502, 1000.00000000000 );
#7688 = CARTESIAN_POINT( '', ( 0.650000000000000, -5.15000000000000, 0.300000000000000 ) );
#7689 = CARTESIAN_POINT( '', ( -0.650000000000000, -5.15000000000000, 0.300000000000000 ) );
#7690 = VECTOR( '', #9503, 1000.00000000000 );
#7691 = CARTESIAN_POINT( '', ( 0.650000000000000, -5.15000000000000, 0.000000000000000 ) );
#7692 = CARTESIAN_POINT( '', ( 0.650000000000000, -5.15000000000000, 0.300000000000000 ) );
#7693 = VECTOR( '', #9504, 1000.00000000000 );
#7694 = CARTESIAN_POINT( '', ( 3.15000000000000, -5.15000000000000, 0.000000000000000 ) );
#7695 = CARTESIAN_POINT( '', ( 3.15000000000000, -5.15000000000000, 0.000000000000000 ) );
#7696 = VECTOR( '', #9505, 1000.00000000000 );
#7697 = CARTESIAN_POINT( '', ( 3.15000000000000, -5.15000000000000, 1.10000000000000 ) );
#7698 = CARTESIAN_POINT( '', ( 3.15000000000000, -5.15000000000000, 0.600000000000000 ) );
#7699 = VECTOR( '', #9506, 1000.00000000000 );
#7700 = CARTESIAN_POINT( '', ( 1.75000000000000, -5.15000000000000, 1.10000000000000 ) );
#7701 = CARTESIAN_POINT( '', ( 1.75000000000000, -5.15000000000000, 1.10000000000000 ) );
#7702 = VECTOR( '', #9507, 1000.00000000000 );
#7703 = CARTESIAN_POINT( '', ( 1.75000000000000, -5.15000000000000, 1.10000000000000 ) );
#7704 = VECTOR( '', #9508, 1000.00000000000 );
#7705 = CARTESIAN_POINT( '', ( -3.15000000000000, -5.15000000000000, 1.10000000000000 ) );
#7706 = VECTOR( '', #9509, 1000.00000000000 );
#7707 = COLOUR_RGB( '', 0.899999976158142, 0.000000000000000, 0.000000000000000 );
#7708 = CARTESIAN_POINT( '', ( -1.80000000000000, 1.72928932188135, 9.75000000000000 ) );
#7709 = CARTESIAN_POINT( '', ( -1.80000000000000, -1.72928932188133, 9.75000000000000 ) );
#7710 = CARTESIAN_POINT( '', ( -1.80000000000000, 4.12431812546025, 9.75000000000000 ) );
#7711 = VECTOR( '', #9510, 1000.00000000000 );
#7712 = CARTESIAN_POINT( '', ( -1.80000000000000, 1.72928932188135, 9.74200000000000 ) );
#7713 = CARTESIAN_POINT( '', ( -1.80000000000000, 1.72928932188135, 9.74000000000000 ) );
#7714 = VECTOR( '', #9511, 1000.00000000000 );
#7715 = CARTESIAN_POINT( '', ( -1.80000000000000, 1.87071067811864, 9.74200000000000 ) );
#7716 = CARTESIAN_POINT( '', ( -1.80000000000000, 4.12431812546025, 9.74200000000000 ) );
#7717 = VECTOR( '', #9512, 1000.00000000000 );
#7718 = CARTESIAN_POINT( '', ( -1.80000000000000, 1.87071067811864, 9.75000000000000 ) );
#7719 = CARTESIAN_POINT( '', ( -1.80000000000000, 1.87071067811864, 9.74000000000000 ) );
#7720 = VECTOR( '', #9513, 1000.00000000000 );
#7721 = CARTESIAN_POINT( '', ( -1.80000000000000, 4.12431812546025, 9.75000000000000 ) );
#7722 = CARTESIAN_POINT( '', ( -1.80000000000000, 4.12431812546025, 9.75000000000000 ) );
#7723 = VECTOR( '', #9514, 1000.00000000000 );
#7724 = CARTESIAN_POINT( '', ( -1.80000000000000, 4.12431812546025, 9.74000000000000 ) );
#7725 = CARTESIAN_POINT( '', ( -1.80000000000000, 4.12431812546025, 9.74000000000000 ) );
#7726 = VECTOR( '', #9515, 1000.00000000000 );
#7727 = CARTESIAN_POINT( '', ( -1.80000000000000, -4.12431812546025, 9.74000000000000 ) );
#7728 = CARTESIAN_POINT( '', ( -1.80000000000000, 4.12431812546025, 9.74000000000000 ) );
#7729 = VECTOR( '', #9516, 1000.00000000000 );
#7730 = CARTESIAN_POINT( '', ( -1.80000000000000, -4.12431812546025, 9.75000000000000 ) );
#7731 = CARTESIAN_POINT( '', ( -1.80000000000000, -4.12431812546025, 9.74000000000000 ) );
#7732 = VECTOR( '', #9517, 1000.00000000000 );
#7733 = CARTESIAN_POINT( '', ( -1.80000000000000, -1.87071067811866, 9.75000000000000 ) );
#7734 = CARTESIAN_POINT( '', ( -1.80000000000000, 4.12431812546025, 9.75000000000000 ) );
#7735 = VECTOR( '', #9518, 1000.00000000000 );
#7736 = CARTESIAN_POINT( '', ( -1.80000000000000, -1.87071067811866, 9.74200000000000 ) );
#7737 = CARTESIAN_POINT( '', ( -1.80000000000000, -1.87071067811866, 9.74000000000000 ) );
#7738 = VECTOR( '', #9519, 1000.00000000000 );
#7739 = CARTESIAN_POINT( '', ( -1.80000000000000, -1.72928932188133, 9.74200000000000 ) );
#7740 = CARTESIAN_POINT( '', ( -1.80000000000000, 4.12431812546025, 9.74200000000000 ) );
#7741 = VECTOR( '', #9520, 1000.00000000000 );
#7742 = CARTESIAN_POINT( '', ( -1.80000000000000, -1.72928932188132, 9.74000000000000 ) );
#7743 = VECTOR( '', #9521, 1000.00000000000 );
#7744 = COLOUR_RGB( '', 0.699999988079071, 0.699999988079071, 0.699999988079071 );
#7745 = CARTESIAN_POINT( '', ( 0.377796780535373, 0.307086102418441, 9.74200000000000 ) );
#7746 = CARTESIAN_POINT( '', ( 0.0707106781186486, -1.87990943322127E-015, 9.74200000000000 ) );
#7747 = VECTOR( '', #9522, 1000.00000000000 );
#7748 = CARTESIAN_POINT( '', ( 0.377796784600108, 0.307086093304931, 9.75000000000000 ) );
#7749 = CARTESIAN_POINT( '', ( 0.0707106781186486, -1.87990943322127E-015, 9.75000000000000 ) );
#7750 = VECTOR( '', #9523, 1000.00000000000 );
#7751 = CARTESIAN_POINT( '', ( 0.377796780535373, 0.307086102418441, 9.74000000000000 ) );
#7752 = VECTOR( '', #9524, 1000.00000000000 );
#7753 = COLOUR_RGB( '', 0.699999988079071, 0.699999988079071, 0.699999988079071 );
#7754 = CARTESIAN_POINT( '', ( 0.392387972079192, 0.180944082787750, 9.75000000000000 ) );
#7755 = CARTESIAN_POINT( '', ( 0.393159676259256, 0.200236687289357, 9.75000000000000 ) );
#7756 = CARTESIAN_POINT( '', ( 0.393159676259257, 0.212583954170386, 9.75000000000000 ) );
#7757 = CARTESIAN_POINT( '', ( 0.393159676259257, 0.254407754983896, 9.75000000000000 ) );
#7758 = CARTESIAN_POINT( '', ( 0.388100318377570, 0.283984612932320, 9.75000000000000 ) );
#7759 = CARTESIAN_POINT( '', ( 0.377796784602766, 0.307086093298970, 9.75000000000000 ) );
#7760 = COLOUR_RGB( '', 0.699999988079071, 0.699999988079071, 0.699999988079071 );
#7761 = CARTESIAN_POINT( '', ( -0.530665223385922, 0.601375901504568, 9.74200000000000 ) );
#7762 = CARTESIAN_POINT( '', ( -1.12753521446622E-014, 0.0707106781186577, 9.74200000000000 ) );
#7763 = VECTOR( '', #9525, 1000.00000000000 );
#7764 = CARTESIAN_POINT( '', ( -0.567351586974540, 0.496640908855883, 9.74200000000000 ) );
#7765 = CARTESIAN_POINT( '', ( -0.660298820500350, 0.231288149198296, 9.74200000000000 ) );
#7766 = VECTOR( '', #9526, 1000.00000000000 );
#7767 = CARTESIAN_POINT( '', ( -0.0707106781186618, 5.64279456466298E-015, 9.74200000000000 ) );
#7768 = VECTOR( '', #9527, 1000.00000000000 );
#7769 = COLOUR_RGB( '', 0.899999976158142, 0.000000000000000, 0.000000000000000 );
#7770 = CARTESIAN_POINT( '', ( 0.578368679474691, -0.352303505636687, 9.75000000000000 ) );
#7771 = CARTESIAN_POINT( '', ( 0.431744885262473, -0.352303505636687, 9.75000000000000 ) );
#7772 = CARTESIAN_POINT( '', ( 0.578368679474691, -0.352303505636687, 9.75000000000000 ) );
#7773 = CARTESIAN_POINT( '', ( 0.529494081403952, -0.352303505636687, 9.75000000000000 ) );
#7774 = CARTESIAN_POINT( '', ( 0.480619483333212, -0.352303505636688, 9.75000000000000 ) );
#7775 = CARTESIAN_POINT( '', ( 0.431744885262473, -0.352303505636687, 9.75000000000000 ) );
#7776 = CARTESIAN_POINT( '', ( 0.578368679474691, -0.352303505636687, 9.74000000000000 ) );
#7777 = VECTOR( '', #9528, 1000.00000000000 );
#7778 = CARTESIAN_POINT( '', ( 0.431744885262473, -0.352303505636687, 9.74000000000000 ) );
#7779 = VECTOR( '', #9529, 1000.00000000000 );
#7780 = COLOUR_RGB( '', 0.699999988079071, 0.699999988079071, 0.699999988079071 );
#7781 = CARTESIAN_POINT( '', ( -1.12753521446622E-014, 0.0707106781186577, 9.74200000000000 ) );
#7782 = VECTOR( '', #9530, 1000.00000000000 );
#7783 = CARTESIAN_POINT( '', ( -1.12757025938492E-014, 0.0707106781186577, 9.75000000000000 ) );
#7784 = VECTOR( '', #9531, 1000.00000000000 );
#7785 = COLOUR_RGB( '', 0.119999997317791, 0.119999997317791, 0.119999997317791 );
#7786 = CARTESIAN_POINT( '', ( 2.48875000000000, -0.426319642404616, 0.300000000000000 ) );
#7787 = AXIS2_PLACEMENT_3D( '', #9532, #9533, #9534 );
#7788 = CARTESIAN_POINT( '', ( 2.99329545454545, -0.436814974328402, 0.300000000000000 ) );
#7789 = AXIS2_PLACEMENT_3D( '', #9535, #9536, #9537 );
#7790 = AXIS2_PLACEMENT_3D( '', #9538, #9539, #9540 );
#7791 = COLOUR_RGB( '', 0.699999988079071, 0.699999988079071, 0.699999988079071 );
#7792 = CARTESIAN_POINT( '', ( -5.00000000000000, 0.000000000000000, 9.25000000000000 ) );
#7793 = AXIS2_PLACEMENT_3D( '', #9541, #9542, #9543 );
#7794 = CARTESIAN_POINT( '', ( 5.00000000000000, 0.000000000000000, 2.80000000000000 ) );
#7795 = AXIS2_PLACEMENT_3D( '', #9544, #9545, #9546 );
#7796 = COLOUR_RGB( '', 0.899999976158142, 0.000000000000000, 0.000000000000000 );
#7797 = CARTESIAN_POINT( '', ( -0.423014183755357, -0.352303505636688, 9.74200000000000 ) );
#7798 = CARTESIAN_POINT( '', ( -0.377001095444924, -0.352303505636688, 9.74200000000000 ) );
#7799 = CARTESIAN_POINT( '', ( -4.26759497549648E-016, -0.352303505636688, 9.74200000000000 ) );
#7800 = VECTOR( '', #9547, 1000.00000000000 );
#7801 = CARTESIAN_POINT( '', ( -0.377001095444924, -0.352303505636688, 9.74000000000000 ) );
#7802 = CARTESIAN_POINT( '', ( -0.377001095444924, -0.352303505636688, 9.74000000000000 ) );
#7803 = VECTOR( '', #9548, 1000.00000000000 );
#7804 = CARTESIAN_POINT( '', ( -0.377001095444924, -0.352303505636688, 9.74000000000000 ) );
#7805 = CARTESIAN_POINT( '', ( -0.426132928242351, -0.352303505636688, 9.74000000000000 ) );
#7806 = CARTESIAN_POINT( '', ( -0.475264761039779, -0.352303505636687, 9.74000000000000 ) );
#7807 = CARTESIAN_POINT( '', ( -0.524396593837207, -0.352303505636688, 9.74000000000000 ) );
#7808 = CARTESIAN_POINT( '', ( -0.423014183755358, -0.352303505636688, 9.75000000000000 ) );
#7809 = CARTESIAN_POINT( '', ( -0.423014183755358, -0.352303505636688, 9.75000000000000 ) );
#7810 = CARTESIAN_POINT( '', ( -0.456808320449308, -0.352303505636688, 9.75000000000000 ) );
#7811 = CARTESIAN_POINT( '', ( -0.490602457143257, -0.352303505636688, 9.75000000000000 ) );
#7812 = CARTESIAN_POINT( '', ( -0.524396593837207, -0.352303505636688, 9.75000000000000 ) );
#7813 = CARTESIAN_POINT( '', ( -0.423014183755357, -0.352303505636688, 9.74200000000000 ) );
#7814 = VECTOR( '', #9549, 1000.00000000000 );
#7815 = COLOUR_RGB( '', 0.899999976158142, 0.000000000000000, 0.000000000000000 );
#7816 = CARTESIAN_POINT( '', ( -0.238186408806640, 2.87733742673898, 9.75000000000000 ) );
#7817 = CARTESIAN_POINT( '', ( -0.189435821482604, 2.59572208110845, 9.75000000000000 ) );
#7818 = CARTESIAN_POINT( '', ( -0.238186408806639, 2.87733742673898, 9.75000000000000 ) );
#7819 = VECTOR( '', #9550, 1000.00000000000 );
#7820 = CARTESIAN_POINT( '', ( -0.238186408806640, 2.87733742673898, 9.74000000000000 ) );
#7821 = CARTESIAN_POINT( '', ( -0.238186408806640, 2.87733742673898, 9.74000000000000 ) );
#7822 = VECTOR( '', #9551, 1000.00000000000 );
#7823 = CARTESIAN_POINT( '', ( -0.189435821482604, 2.59572208110845, 9.74000000000000 ) );
#7824 = CARTESIAN_POINT( '', ( -0.238186408806639, 2.87733742673898, 9.74000000000000 ) );
#7825 = VECTOR( '', #9552, 1000.00000000000 );
#7826 = CARTESIAN_POINT( '', ( -0.189435821482604, 2.59572208110845, 9.74000000000000 ) );
#7827 = VECTOR( '', #9553, 1000.00000000000 );
#7828 = COLOUR_RGB( '', 0.699999988079071, 0.699999988079071, 0.699999988079071 );
#7829 = CARTESIAN_POINT( '', ( -2.95000000000000, -0.475000000000000, -0.450000000000000 ) );
#7830 = CARTESIAN_POINT( '', ( -5.50000000000000, -0.475000000000000, -0.450000000000000 ) );
#7831 = VECTOR( '', #9554, 1000.00000000000 );
#7832 = CARTESIAN_POINT( '', ( -2.95000000000000, 0.475000000000000, -0.450000000000000 ) );
#7833 = CARTESIAN_POINT( '', ( -2.95000000000000, -0.475000000000000, -0.450000000000000 ) );
#7834 = VECTOR( '', #9555, 1000.00000000000 );
#7835 = CARTESIAN_POINT( '', ( -5.50000000000000, 0.475000000000000, -0.450000000000000 ) );
#7836 = VECTOR( '', #9556, 1000.00000000000 );
#7837 = COLOUR_RGB( '', 0.119999997317791, 0.119999997317791, 0.119999997317791 );
#7838 = CARTESIAN_POINT( '', ( 0.725000000000000, 0.000000000000000, 0.200000000000000 ) );
#7839 = AXIS2_PLACEMENT_3D( '', #9557, #9558, #9559 );
#7840 = CARTESIAN_POINT( '', ( 0.725000000000000, 0.000000000000000, 0.300000000000000 ) );
#7841 = AXIS2_PLACEMENT_3D( '', #9560, #9561, #9562 );
#7842 = COLOUR_RGB( '', 0.899999976158142, 0.000000000000000, 0.000000000000000 );
#7843 = CARTESIAN_POINT( '', ( 1.60935689329387, 2.43869156975021, 9.75000000000000 ) );
#7844 = CARTESIAN_POINT( '', ( 1.86599508615976, 2.87733742673898, 9.75000000000000 ) );
#7845 = CARTESIAN_POINT( '', ( 1.60935689329387, 2.43869156975021, 9.75000000000000 ) );
#7846 = VECTOR( '', #9563, 1000.00000000000 );
#7847 = CARTESIAN_POINT( '', ( 1.86599508615976, 2.87733742673898, 9.74000000000000 ) );
#7848 = CARTESIAN_POINT( '', ( 1.86599508615976, 2.87733742673898, 9.74000000000000 ) );
#7849 = VECTOR( '', #9564, 1000.00000000000 );
#7850 = CARTESIAN_POINT( '', ( 1.60935689329387, 2.43869156975021, 9.74000000000000 ) );
#7851 = CARTESIAN_POINT( '', ( 1.60935689329387, 2.43869156975021, 9.74000000000000 ) );
#7852 = VECTOR( '', #9565, 1000.00000000000 );
#7853 = CARTESIAN_POINT( '', ( 1.60935689329387, 2.43869156975021, 9.74000000000000 ) );
#7854 = VECTOR( '', #9566, 1000.00000000000 );
#7855 = COLOUR_RGB( '', 0.699999988079071, 0.699999988079071, 0.699999988079071 );
#7856 = CARTESIAN_POINT( '', ( -0.567351586974540, 0.496640908855883, 9.75000000000000 ) );
#7857 = CARTESIAN_POINT( '', ( -0.0707106781186618, 5.64279456466298E-015, 9.75000000000000 ) );
#7858 = VECTOR( '', #9567, 1000.00000000000 );
#7859 = CARTESIAN_POINT( '', ( -0.567351586974540, 0.496640908855883, 9.74200000000000 ) );
#7860 = VECTOR( '', #9568, 1000.00000000000 );
#7861 = COLOUR_RGB( '', 0.699999988079071, 0.699999988079071, 0.699999988079071 );
#7862 = CARTESIAN_POINT( '', ( 0.287538528621360, -0.216827841312880, 9.74200000000000 ) );
#7863 = CARTESIAN_POINT( '', ( 0.185006835439542, -0.255717513558197, 9.74200000000000 ) );
#7864 = CARTESIAN_POINT( '', ( 0.185006835439542, -0.255717513558198, 9.74200000000000 ) );
#7865 = CARTESIAN_POINT( '', ( 0.217520107794085, -0.250094790807918, 9.74200000000000 ) );
#7866 = CARTESIAN_POINT( '', ( 0.247412335724958, -0.239521587290981, 9.74200000000000 ) );
#7867 = CARTESIAN_POINT( '', ( 0.275088936709417, -0.224200611746013, 9.74200000000000 ) );
#7868 = CARTESIAN_POINT( '', ( 0.279350487300094, -0.221841539097602, 9.74200000000000 ) );
#7869 = CARTESIAN_POINT( '', ( 0.283500427443550, -0.219383365108099, 9.74200000000000 ) );
#7870 = CARTESIAN_POINT( '', ( 0.287538528621360, -0.216827841312880, 9.74200000000000 ) );
#7871 = CARTESIAN_POINT( '', ( 2.51022907321224, -2.43951839509359, 9.74200000000000 ) );
#7872 = VECTOR( '', #9569, 1000.00000000000 );
#7873 = CARTESIAN_POINT( '', ( -3.03541563377235E-015, -0.0707106781186531, 9.74200000000000 ) );
#7874 = CARTESIAN_POINT( '', ( -2.43951839509359, -2.51022907321225, 9.74200000000000 ) );
#7875 = VECTOR( '', #9570, 1000.00000000000 );
#7876 = CARTESIAN_POINT( '', ( 2.43951839509359, -2.51022907321225, 9.74200000000000 ) );
#7877 = VECTOR( '', #9571, 1000.00000000000 );
#7878 = COLOUR_RGB( '', 0.119999997317791, 0.119999997317791, 0.119999997317791 );
#7879 = CARTESIAN_POINT( '', ( 4.00000000000000, 3.50000000000000, -0.0500000000000000 ) );
#7880 = AXIS2_PLACEMENT_3D( '', #9572, #9573, #9574 );
#7881 = CARTESIAN_POINT( '', ( 3.00000000000000, 3.50000000000000, 0.000000000000000 ) );
#7882 = AXIS2_PLACEMENT_3D( '', #9575, #9576, #9577 );
#7883 = COLOUR_RGB( '', 0.119999997317791, 0.119999997317791, 0.119999997317791 );
#7884 = CARTESIAN_POINT( '', ( 1.75000000000000, 4.68374849879880, 1.90000000000000 ) );
#7885 = CARTESIAN_POINT( '', ( 1.75000000000000, 4.68374849879880, 1.90000000000000 ) );
#7886 = VECTOR( '', #9578, 1000.00000000000 );
#7887 = CARTESIAN_POINT( '', ( 1.75000000000000, 5.15000000000000, 1.90000000000000 ) );
#7888 = VECTOR( '', #9579, 1000.00000000000 );
#7889 = COLOUR_RGB( '', 0.699999988079071, 0.699999988079071, 0.699999988079071 );
#7890 = CARTESIAN_POINT( '', ( 2.90000000000000, 0.475000000000000, 0.700000000000000 ) );
#7891 = CARTESIAN_POINT( '', ( 2.90000000000000, 0.475000000000000, -0.400000000000000 ) );
#7892 = CARTESIAN_POINT( '', ( 2.90000000000000, 0.475000000000000, 0.700000000000000 ) );
#7893 = VECTOR( '', #9580, 1000.00000000000 );
#7894 = CARTESIAN_POINT( '', ( 2.90000000000000, 0.475000000000000, 0.700000000000000 ) );
#7895 = VECTOR( '', #9581, 1000.00000000000 );
#7896 = CARTESIAN_POINT( '', ( 2.90000000000000, 0.475000000000000, -0.400000000000000 ) );
#7897 = VECTOR( '', #9582, 1000.00000000000 );
#7898 = COLOUR_RGB( '', 0.119999997317791, 0.119999997317791, 0.119999997317791 );
#7899 = CARTESIAN_POINT( '', ( 2.99329545454545, 0.436814974328402, 0.200000000000000 ) );
#7900 = AXIS2_PLACEMENT_3D( '', #9583, #9584, #9585 );
#7901 = AXIS2_PLACEMENT_3D( '', #9586, #9587, #9588 );
#7902 = COLOUR_RGB( '', 0.899999976158142, 0.000000000000000, 0.000000000000000 );
#7903 = CARTESIAN_POINT( '', ( 2.10557125182195, 0.488854050633409, 9.75000000000000 ) );
#7904 = CARTESIAN_POINT( '', ( 2.24756482095379, 0.488854050633410, 9.75000000000000 ) );
#7905 = CARTESIAN_POINT( '', ( 2.10557125182195, 0.488854050633409, 9.75000000000000 ) );
#7906 = CARTESIAN_POINT( '', ( 2.24756482095379, 0.488854050633410, 9.75000000000000 ) );
#7907 = CARTESIAN_POINT( '', ( 2.10557125182195, 0.488854050633409, 9.74000000000000 ) );
#7908 = CARTESIAN_POINT( '', ( 2.10557125182195, 0.488854050633409, 9.74000000000000 ) );
#7909 = VECTOR( '', #9589, 1000.00000000000 );
#7910 = CARTESIAN_POINT( '', ( 2.24756482095379, 0.488854050633410, 9.74000000000000 ) );
#7911 = CARTESIAN_POINT( '', ( 2.10557125182195, 0.488854050633409, 9.74000000000000 ) );
#7912 = CARTESIAN_POINT( '', ( 2.24756482095379, 0.488854050633410, 9.74000000000000 ) );
#7913 = CARTESIAN_POINT( '', ( 2.24756482095379, 0.488854050633410, 9.74000000000000 ) );
#7914 = VECTOR( '', #9590, 1000.00000000000 );
#7915 = COLOUR_RGB( '', 0.699999988079071, 0.699999988079071, 0.699999988079071 );
#7916 = CARTESIAN_POINT( '', ( 5.50000000000000, 0.475000000000000, -0.750000000000000 ) );
#7917 = CARTESIAN_POINT( '', ( 5.50000000000000, -0.475000000000000, -0.750000000000000 ) );
#7918 = VECTOR( '', #9591, 1000.00000000000 );
#7919 = CARTESIAN_POINT( '', ( 2.95000000000000, 0.475000000000000, -0.750000000000000 ) );
#7920 = VECTOR( '', #9592, 1000.00000000000 );
#7921 = COLOUR_RGB( '', 0.899999976158142, 0.000000000000000, 0.000000000000000 );
#7922 = CARTESIAN_POINT( '', ( 2.59020147690235, 0.488854050633410, 9.75000000000000 ) );
#7923 = CARTESIAN_POINT( '', ( 2.59020147690235, 0.369239902723442, 9.75000000000000 ) );
#7924 = CARTESIAN_POINT( '', ( 2.59020147690235, 0.488854050633410, 9.75000000000000 ) );
#7925 = CARTESIAN_POINT( '', ( 2.59020147690235, 0.448982667996754, 9.75000000000000 ) );
#7926 = CARTESIAN_POINT( '', ( 2.59020147690235, 0.409111285360097, 9.75000000000000 ) );
#7927 = CARTESIAN_POINT( '', ( 2.59020147690235, 0.369239902723442, 9.75000000000000 ) );
#7928 = CARTESIAN_POINT( '', ( 2.59020147690235, 0.488854050633410, 9.74000000000000 ) );
#7929 = CARTESIAN_POINT( '', ( 2.59020147690235, 0.488854050633410, 9.74000000000000 ) );
#7930 = VECTOR( '', #9593, 1000.00000000000 );
#7931 = CARTESIAN_POINT( '', ( 2.59020147690235, 0.369239902723442, 9.74000000000000 ) );
#7932 = CARTESIAN_POINT( '', ( 2.59020147690235, 0.488854050633410, 9.74000000000000 ) );
#7933 = CARTESIAN_POINT( '', ( 2.59020147690235, 0.448982667996754, 9.74000000000000 ) );
#7934 = CARTESIAN_POINT( '', ( 2.59020147690235, 0.409111285360097, 9.74000000000000 ) );
#7935 = CARTESIAN_POINT( '', ( 2.59020147690235, 0.369239902723442, 9.74000000000000 ) );
#7936 = CARTESIAN_POINT( '', ( 2.59020147690235, 0.369239902723442, 9.74000000000000 ) );
#7937 = VECTOR( '', #9594, 1000.00000000000 );
#7938 = COLOUR_RGB( '', 0.899999976158142, 0.000000000000000, 0.000000000000000 );
#7939 = CARTESIAN_POINT( '', ( 3.45759697529462, 0.0829376519195829, 9.74000000000000 ) );
#7940 = CARTESIAN_POINT( '', ( 3.45759697529462, 0.0829376519195829, 9.74000000000000 ) );
#7941 = CARTESIAN_POINT( '', ( 3.45759697529462, -0.0281877500096768, 9.74000000000000 ) );
#7942 = CARTESIAN_POINT( '', ( 3.47920469233642, -0.109216688916429, 9.74000000000000 ) );
#7943 = CARTESIAN_POINT( '', ( 3.52319183060010, -0.159377460620609, 9.74000000000000 ) );
#7944 = CARTESIAN_POINT( '', ( 3.56756151689522, -0.209974471308035, 9.74000000000000 ) );
#7945 = CARTESIAN_POINT( '', ( 3.62274166982839, -0.235776174446976, 9.74000000000000 ) );
#7946 = CARTESIAN_POINT( '', ( 3.75470308461939, -0.235776174446976, 9.74000000000000 ) );
#7947 = CARTESIAN_POINT( '', ( 3.80949408140395, -0.210309936504854, 9.74000000000000 ) );
#7948 = CARTESIAN_POINT( '', ( 3.85348121966762, -0.160149164800674, 9.74000000000000 ) );
#7949 = CARTESIAN_POINT( '', ( 3.89818637115956, -0.109169606081788, 9.74000000000000 ) );
#7950 = CARTESIAN_POINT( '', ( 3.92061948333321, -0.0297311583698056, 9.74000000000000 ) );
#7951 = CARTESIAN_POINT( '', ( 3.92061948333321, 0.180944082787751, 9.74000000000000 ) );
#7952 = CARTESIAN_POINT( '', ( 3.89746835793128, 0.258886204974246, 9.74000000000000 ) );
#7953 = CARTESIAN_POINT( '', ( 3.85193781130749, 0.312133793398683, 9.74000000000000 ) );
#7954 = CARTESIAN_POINT( '', ( 3.80716960579436, 0.364489830354718, 9.74000000000000 ) );
#7955 = CARTESIAN_POINT( '', ( 3.75084456371907, 0.390075915585179, 9.74000000000000 ) );
#7956 = CARTESIAN_POINT( '', ( 3.68602141259366, 0.390847619765243, 9.74000000000000 ) );
#7957 = CARTESIAN_POINT( '', ( 3.62275982242778, 0.391600733933884, 9.74000000000000 ) );
#7958 = CARTESIAN_POINT( '', ( 3.56872237722389, 0.364609677643057, 9.74000000000000 ) );
#7959 = CARTESIAN_POINT( '', ( 3.52396353478016, 0.312905497578748, 9.74000000000000 ) );
#7960 = CARTESIAN_POINT( '', ( 3.47953526827705, 0.261583189721712, 9.74000000000000 ) );
#7961 = CARTESIAN_POINT( '', ( 3.45759697529462, 0.184802603688072, 9.74000000000000 ) );
#7962 = CARTESIAN_POINT( '', ( 3.45759697529462, 0.0829376519195829, 9.74000000000000 ) );
#7963 = CARTESIAN_POINT( '', ( 3.45759697529462, 0.0829376519195829, 9.75000000000000 ) );
#7964 = CARTESIAN_POINT( '', ( 3.45759697529462, 0.0829376519195829, 9.75000000000000 ) );
#7965 = CARTESIAN_POINT( '', ( 3.45759697529462, -0.0281877500096768, 9.75000000000000 ) );
#7966 = CARTESIAN_POINT( '', ( 3.47920469233642, -0.109216688916429, 9.75000000000000 ) );
#7967 = CARTESIAN_POINT( '', ( 3.52319183060010, -0.159377460620609, 9.75000000000000 ) );
#7968 = CARTESIAN_POINT( '', ( 3.56756151689522, -0.209974471308035, 9.75000000000000 ) );
#7969 = CARTESIAN_POINT( '', ( 3.62274166982839, -0.235776174446976, 9.75000000000000 ) );
#7970 = CARTESIAN_POINT( '', ( 3.75470308461939, -0.235776174446976, 9.75000000000000 ) );
#7971 = CARTESIAN_POINT( '', ( 3.80949408140395, -0.210309936504854, 9.75000000000000 ) );
#7972 = CARTESIAN_POINT( '', ( 3.85348121966762, -0.160149164800674, 9.75000000000000 ) );
#7973 = CARTESIAN_POINT( '', ( 3.89818637115956, -0.109169606081788, 9.75000000000000 ) );
#7974 = CARTESIAN_POINT( '', ( 3.92061948333321, -0.0297311583698056, 9.75000000000000 ) );
#7975 = CARTESIAN_POINT( '', ( 3.92061948333321, 0.180944082787751, 9.75000000000000 ) );
#7976 = CARTESIAN_POINT( '', ( 3.89746835793128, 0.258886204974246, 9.75000000000000 ) );
#7977 = CARTESIAN_POINT( '', ( 3.85193781130749, 0.312133793398683, 9.75000000000000 ) );
#7978 = CARTESIAN_POINT( '', ( 3.80716960579436, 0.364489830354718, 9.75000000000000 ) );
#7979 = CARTESIAN_POINT( '', ( 3.75084456371907, 0.390075915585179, 9.75000000000000 ) );
#7980 = CARTESIAN_POINT( '', ( 3.68602141259366, 0.390847619765243, 9.75000000000000 ) );
#7981 = CARTESIAN_POINT( '', ( 3.62275982242778, 0.391600733933884, 9.75000000000000 ) );
#7982 = CARTESIAN_POINT( '', ( 3.56872237722389, 0.364609677643057, 9.75000000000000 ) );
#7983 = CARTESIAN_POINT( '', ( 3.52396353478016, 0.312905497578748, 9.75000000000000 ) );
#7984 = CARTESIAN_POINT( '', ( 3.47953526827705, 0.261583189721712, 9.75000000000000 ) );
#7985 = CARTESIAN_POINT( '', ( 3.45759697529462, 0.184802603688072, 9.75000000000000 ) );
#7986 = CARTESIAN_POINT( '', ( 3.45759697529462, 0.0829376519195829, 9.75000000000000 ) );
#7987 = COLOUR_RGB( '', 0.899999976158142, 0.000000000000000, 0.000000000000000 );
#7988 = CARTESIAN_POINT( '', ( 0.893995689120993, -0.352303505636687, 9.75000000000000 ) );
#7989 = CARTESIAN_POINT( '', ( 0.752773824169224, -0.352303505636687, 9.75000000000000 ) );
#7990 = CARTESIAN_POINT( '', ( 0.893995689120993, -0.352303505636687, 9.75000000000000 ) );
#7991 = CARTESIAN_POINT( '', ( 0.846921734137070, -0.352303505636687, 9.75000000000000 ) );
#7992 = CARTESIAN_POINT( '', ( 0.799847779153147, -0.352303505636687, 9.75000000000000 ) );
#7993 = CARTESIAN_POINT( '', ( 0.752773824169224, -0.352303505636687, 9.75000000000000 ) );
#7994 = CARTESIAN_POINT( '', ( 0.893995689120993, -0.352303505636687, 9.74000000000000 ) );
#7995 = CARTESIAN_POINT( '', ( 0.893995689120993, -0.352303505636687, 9.74000000000000 ) );
#7996 = VECTOR( '', #9595, 1000.00000000000 );
#7997 = CARTESIAN_POINT( '', ( 0.752773824169224, -0.352303505636687, 9.74000000000000 ) );
#7998 = CARTESIAN_POINT( '', ( 0.893995689120993, -0.352303505636687, 9.74000000000000 ) );
#7999 = CARTESIAN_POINT( '', ( 0.846921734137070, -0.352303505636687, 9.74000000000000 ) );
#8000 = CARTESIAN_POINT( '', ( 0.799847779153147, -0.352303505636687, 9.74000000000000 ) );
#8001 = CARTESIAN_POINT( '', ( 0.752773824169224, -0.352303505636687, 9.74000000000000 ) );
#8002 = CARTESIAN_POINT( '', ( 0.752773824169224, -0.352303505636687, 9.74000000000000 ) );
#8003 = VECTOR( '', #9596, 1000.00000000000 );
#8004 = COLOUR_RGB( '', 0.699999988079071, 0.699999988079071, 0.699999988079071 );
#8005 = CARTESIAN_POINT( '', ( 2.51022907321224, 2.43951839509359, 9.74200000000000 ) );
#8006 = CARTESIAN_POINT( '', ( 0.486064722834619, 0.415354044715968, 9.74200000000000 ) );
#8007 = CARTESIAN_POINT( '', ( 0.0707106781186486, -1.87990943322127E-015, 9.74200000000000 ) );
#8008 = VECTOR( '', #9597, 1000.00000000000 );
#8009 = CARTESIAN_POINT( '', ( 0.486064722822351, 0.415354044731703, 9.75000000000000 ) );
#8010 = CARTESIAN_POINT( '', ( 0.486064722834619, 0.415354044715968, 9.74000000000000 ) );
#8011 = VECTOR( '', #9598, 1000.00000000000 );
#8012 = CARTESIAN_POINT( '', ( 2.51022907321224, 2.43951839509359, 9.75000000000000 ) );
#8013 = CARTESIAN_POINT( '', ( 0.0707106781186486, -1.87990943322127E-015, 9.75000000000000 ) );
#8014 = VECTOR( '', #9599, 1000.00000000000 );
#8015 = CARTESIAN_POINT( '', ( 2.51022907321224, 2.43951839509359, 9.74200000000000 ) );
#8016 = VECTOR( '', #9600, 1000.00000000000 );
#8017 = COLOUR_RGB( '', 0.899999976158142, 0.000000000000000, 0.000000000000000 );
#8018 = CARTESIAN_POINT( '', ( -0.377001095444924, 0.806796172819904, 9.75000000000000 ) );
#8019 = CARTESIAN_POINT( '', ( -0.580730998981901, 0.806796172819904, 9.75000000000000 ) );
#8020 = CARTESIAN_POINT( '', ( -0.512821031136242, 0.806796172819903, 9.75000000000000 ) );
#8021 = CARTESIAN_POINT( '', ( -0.444911063290584, 0.806796172819904, 9.75000000000000 ) );
#8022 = CARTESIAN_POINT( '', ( -0.377001095444924, 0.806796172819904, 9.75000000000000 ) );
#8023 = CARTESIAN_POINT( '', ( -0.377001095444924, 0.806796172819904, 9.74000000000000 ) );
#8024 = CARTESIAN_POINT( '', ( -0.580730998981901, 0.806796172819904, 9.74000000000000 ) );
#8025 = CARTESIAN_POINT( '', ( -0.512821031136242, 0.806796172819903, 9.74000000000000 ) );
#8026 = CARTESIAN_POINT( '', ( -0.444911063290584, 0.806796172819904, 9.74000000000000 ) );
#8027 = CARTESIAN_POINT( '', ( -0.377001095444924, 0.806796172819904, 9.74000000000000 ) );
#8028 = CARTESIAN_POINT( '', ( -0.377001095444924, 0.806796172819904, 9.74000000000000 ) );
#8029 = VECTOR( '', #9601, 1000.00000000000 );
#8030 = COLOUR_RGB( '', 0.699999988079071, 0.699999988079071, 0.699999988079071 );
#8031 = CARTESIAN_POINT( '', ( 0.302053279093017, 0.372763956580483, 9.74200000000000 ) );
#8032 = CARTESIAN_POINT( '', ( 0.377796780538032, 0.307086102412480, 9.74200000000000 ) );
#8033 = CARTESIAN_POINT( '', ( 0.371508710370404, 0.321184537235232, 9.74200000000000 ) );
#8034 = CARTESIAN_POINT( '', ( 0.363267472672001, 0.332871249540194, 9.74200000000000 ) );
#8035 = CARTESIAN_POINT( '', ( 0.353031058895912, 0.342230256421190, 9.74200000000000 ) );
#8036 = CARTESIAN_POINT( '', ( 0.339061456824192, 0.355002464029620, 9.74200000000000 ) );
#8037 = CARTESIAN_POINT( '', ( 0.321991429352118, 0.365129922542427, 9.74200000000000 ) );
#8038 = CARTESIAN_POINT( '', ( 0.302053279092998, 0.372763956580489, 9.74200000000000 ) );
#8039 = CARTESIAN_POINT( '', ( -1.12753521446622E-014, 0.0707106781186577, 9.74200000000000 ) );
#8040 = VECTOR( '', #9602, 1000.00000000000 );
#8041 = COLOUR_RGB( '', 0.899999976158142, 0.000000000000000, 0.000000000000000 );
#8042 = CARTESIAN_POINT( '', ( 1.12190573451725, 2.87733742673898, 9.75000000000000 ) );
#8043 = CARTESIAN_POINT( '', ( 1.24673678387735, 3.08257138078225, 9.75000000000000 ) );
#8044 = CARTESIAN_POINT( '', ( 1.12190573451725, 2.87733742673898, 9.75000000000000 ) );
#8045 = VECTOR( '', #9603, 1000.00000000000 );
#8046 = CARTESIAN_POINT( '', ( 1.24673678387735, 3.08257138078225, 9.74000000000000 ) );
#8047 = CARTESIAN_POINT( '', ( 1.24673678387735, 3.08257138078225, 9.74000000000000 ) );
#8048 = VECTOR( '', #9604, 1000.00000000000 );
#8049 = CARTESIAN_POINT( '', ( 1.12190573451725, 2.87733742673898, 9.74000000000000 ) );
#8050 = CARTESIAN_POINT( '', ( 1.12190573451725, 2.87733742673898, 9.74000000000000 ) );
#8051 = VECTOR( '', #9605, 1000.00000000000 );
#8052 = CARTESIAN_POINT( '', ( 1.12190573451725, 2.87733742673898, 9.74000000000000 ) );
#8053 = VECTOR( '', #9606, 1000.00000000000 );
#8054 = COLOUR_RGB( '', 0.699999988079071, 0.699999988079071, 0.699999988079071 );
#8055 = CARTESIAN_POINT( '', ( 4.50000000000000, 0.000000000000000, 7.39228753967389E-016 ) );
#8056 = AXIS2_PLACEMENT_3D( '', #9607, #9608, #9609 );
#8057 = CARTESIAN_POINT( '', ( 5.00000000000000, 0.000000000000000, 0.500000000000000 ) );
#8058 = AXIS2_PLACEMENT_3D( '', #9610, #9611, #9612 );
#8059 = COLOUR_RGB( '', 0.119999997317791, 0.119999997317791, 0.119999997317791 );
#8060 = CARTESIAN_POINT( '', ( 0.625000000000000, 0.000000000000000, 0.200000000000000 ) );
#8061 = AXIS2_PLACEMENT_3D( '', #9613, #9614, #9615 );
#8062 = CARTESIAN_POINT( '', ( 0.625000000000000, 0.000000000000000, 0.300000000000000 ) );
#8063 = AXIS2_PLACEMENT_3D( '', #9616, #9617, #9618 );
#8064 = COLOUR_RGB( '', 0.899999976158142, 0.000000000000000, 0.000000000000000 );
#8065 = CARTESIAN_POINT( '', ( -0.0289625102359199, 0.229561446131801, 9.75000000000000 ) );
#8066 = CARTESIAN_POINT( '', ( -0.170184375187689, 0.248854050633409, 9.75000000000000 ) );
#8067 = CARTESIAN_POINT( '', ( -0.0289625102359199, 0.229561446131801, 9.75000000000000 ) );
#8068 = CARTESIAN_POINT( '', ( -0.0760364652198429, 0.235992314299004, 9.75000000000000 ) );
#8069 = CARTESIAN_POINT( '', ( -0.123110420203766, 0.242423182466206, 9.75000000000000 ) );
#8070 = CARTESIAN_POINT( '', ( -0.170184375187689, 0.248854050633409, 9.75000000000000 ) );
#8071 = CARTESIAN_POINT( '', ( -0.0289625102359199, 0.229561446131801, 9.74000000000000 ) );
#8072 = VECTOR( '', #9619, 1000.00000000000 );
#8073 = CARTESIAN_POINT( '', ( -0.170184375187689, 0.248854050633409, 9.74000000000000 ) );
#8074 = VECTOR( '', #9620, 1000.00000000000 );
#8075 = COLOUR_RGB( '', 0.119999997317791, 0.119999997317791, 0.119999997317791 );
#8076 = CARTESIAN_POINT( '', ( -0.650000000000000, 2.40000000000000, 0.000000000000000 ) );
#8077 = CARTESIAN_POINT( '', ( -0.650000000000000, 2.40000000000000, 0.000000000000000 ) );
#8078 = VECTOR( '', #9621, 1000.00000000000 );
#8079 = CARTESIAN_POINT( '', ( -0.650000000000000, 2.40000000000000, 0.300000000000000 ) );
#8080 = CARTESIAN_POINT( '', ( -0.650000000000000, 2.40000000000000, 0.300000000000000 ) );
#8081 = VECTOR( '', #9622, 1000.00000000000 );
#8082 = CARTESIAN_POINT( '', ( -0.650000000000000, 2.40000000000000, 0.300000000000000 ) );
#8083 = VECTOR( '', #9623, 1000.00000000000 );
#8084 = COLOUR_RGB( '', 0.699999988079071, 0.699999988079071, 0.699999988079071 );
#8085 = CARTESIAN_POINT( '', ( -2.60000000000000, -0.475000000000000, -0.400000000000000 ) );
#8086 = CARTESIAN_POINT( '', ( -2.60000000000000, 0.475000000000000, -0.400000000000000 ) );
#8087 = CARTESIAN_POINT( '', ( -2.60000000000000, 0.475000000000000, -0.400000000000000 ) );
#8088 = VECTOR( '', #9624, 1000.00000000000 );
#8089 = CARTESIAN_POINT( '', ( -2.95000000000000, -0.475000000000000, -0.750000000000000 ) );
#8090 = AXIS2_PLACEMENT_3D( '', #9625, #9626, #9627 );
#8091 = CARTESIAN_POINT( '', ( -2.95000000000000, 0.475000000000000, -0.750000000000000 ) );
#8092 = CARTESIAN_POINT( '', ( -2.95000000000000, 0.475000000000000, -0.750000000000000 ) );
#8093 = VECTOR( '', #9628, 1000.00000000000 );
#8094 = AXIS2_PLACEMENT_3D( '', #9629, #9630, #9631 );
#8095 = COLOUR_RGB( '', 0.899999976158142, 0.000000000000000, 0.000000000000000 );
#8096 = CARTESIAN_POINT( '', ( 0.752773824169224, 0.488854050633409, 9.75000000000000 ) );
#8097 = CARTESIAN_POINT( '', ( 0.752773824169224, -0.352303505636687, 9.75000000000000 ) );
#8098 = CARTESIAN_POINT( '', ( 0.752773824169224, -0.0719176535466551, 9.75000000000000 ) );
#8099 = CARTESIAN_POINT( '', ( 0.752773824169224, 0.208468198543377, 9.75000000000000 ) );
#8100 = CARTESIAN_POINT( '', ( 0.752773824169224, 0.488854050633409, 9.75000000000000 ) );
#8101 = CARTESIAN_POINT( '', ( 0.752773824169224, 0.488854050633409, 9.74000000000000 ) );
#8102 = CARTESIAN_POINT( '', ( 0.752773824169224, -0.352303505636687, 9.74000000000000 ) );
#8103 = CARTESIAN_POINT( '', ( 0.752773824169224, -0.0719176535466551, 9.74000000000000 ) );
#8104 = CARTESIAN_POINT( '', ( 0.752773824169224, 0.208468198543377, 9.74000000000000 ) );
#8105 = CARTESIAN_POINT( '', ( 0.752773824169224, 0.488854050633409, 9.74000000000000 ) );
#8106 = CARTESIAN_POINT( '', ( 0.752773824169224, 0.488854050633409, 9.74000000000000 ) );
#8107 = VECTOR( '', #9632, 1000.00000000000 );
#8108 = COLOUR_RGB( '', 0.899999976158142, 0.000000000000000, 0.000000000000000 );
#8109 = CARTESIAN_POINT( '', ( 2.24756482095379, -0.352303505636687, 9.74000000000000 ) );
#8110 = CARTESIAN_POINT( '', ( 2.10557125182195, -0.352303505636687, 9.74000000000000 ) );
#8111 = CARTESIAN_POINT( '', ( 2.24756482095379, -0.352303505636687, 9.74000000000000 ) );
#8112 = CARTESIAN_POINT( '', ( 2.10557125182195, -0.352303505636687, 9.74000000000000 ) );
#8113 = CARTESIAN_POINT( '', ( 2.24756482095379, 0.488854050633410, 9.74000000000000 ) );
#8114 = CARTESIAN_POINT( '', ( 2.24756482095379, -0.352303505636687, 9.74000000000000 ) );
#8115 = CARTESIAN_POINT( '', ( 2.10557125182195, -0.352303505636687, 9.74000000000000 ) );
#8116 = CARTESIAN_POINT( '', ( 2.10557125182195, 0.488854050633409, 9.74000000000000 ) );
#8117 = COLOUR_RGB( '', 0.899999976158142, 0.000000000000000, 0.000000000000000 );
#8118 = CARTESIAN_POINT( '', ( 1.63637511034286, 0.175542153527300, 9.75000000000000 ) );
#8119 = CARTESIAN_POINT( '', ( 1.99135903317244, -0.352303505636687, 9.75000000000000 ) );
#8120 = CARTESIAN_POINT( '', ( 1.63637511034286, 0.175542153527300, 9.75000000000000 ) );
#8121 = CARTESIAN_POINT( '', ( 1.99135903317244, -0.352303505636687, 9.75000000000000 ) );
#8122 = CARTESIAN_POINT( '', ( 1.63637511034286, 0.175542153527300, 9.74000000000000 ) );
#8123 = CARTESIAN_POINT( '', ( 1.63637511034286, 0.175542153527300, 9.74000000000000 ) );
#8124 = VECTOR( '', #9633, 1000.00000000000 );
#8125 = CARTESIAN_POINT( '', ( 1.99135903317244, -0.352303505636687, 9.74000000000000 ) );
#8126 = CARTESIAN_POINT( '', ( 1.63637511034286, 0.175542153527300, 9.74000000000000 ) );
#8127 = CARTESIAN_POINT( '', ( 1.99135903317244, -0.352303505636687, 9.74000000000000 ) );
#8128 = CARTESIAN_POINT( '', ( 1.99135903317244, -0.352303505636687, 9.74000000000000 ) );
#8129 = VECTOR( '', #9634, 1000.00000000000 );
#8130 = COLOUR_RGB( '', 0.699999988079071, 0.699999988079071, 0.699999988079071 );
#8131 = CARTESIAN_POINT( '', ( 0.302053279093017, 0.372763956580483, 9.75000000000000 ) );
#8132 = CARTESIAN_POINT( '', ( -1.12757025938492E-014, 0.0707106781186577, 9.75000000000000 ) );
#8133 = VECTOR( '', #9635, 1000.00000000000 );
#8134 = CARTESIAN_POINT( '', ( 0.302053278636579, 0.372763956755246, 9.74000000000000 ) );
#8135 = VECTOR( '', #9636, 1000.00000000000 );
#8136 = COLOUR_RGB( '', 0.119999997317791, 0.119999997317791, 0.119999997317791 );
#8137 = CARTESIAN_POINT( '', ( 1.32500000000000, 0.000000000000000, 0.200000000000000 ) );
#8138 = AXIS2_PLACEMENT_3D( '', #9637, #9638, #9639 );
#8139 = COLOUR_RGB( '', 0.899999976158142, 0.000000000000000, 0.000000000000000 );
#8140 = CARTESIAN_POINT( '', ( -0.628081678471357, 1.75634749060501, 9.75000000000000 ) );
#8141 = CARTESIAN_POINT( '', ( -0.671415533870503, 2.05960240670319, 9.75000000000000 ) );
#8142 = CARTESIAN_POINT( '', ( -0.628081678471359, 1.75634749060501, 9.75000000000000 ) );
#8143 = VECTOR( '', #9640, 1000.00000000000 );
#8144 = CARTESIAN_POINT( '', ( -0.628081678471357, 1.75634749060501, 9.74000000000000 ) );
#8145 = CARTESIAN_POINT( '', ( -0.628081678471357, 1.75634749060501, 9.74000000000000 ) );
#8146 = VECTOR( '', #9641, 1000.00000000000 );
#8147 = CARTESIAN_POINT( '', ( -0.671415533870503, 2.05960240670319, 9.74000000000000 ) );
#8148 = CARTESIAN_POINT( '', ( -0.628081678471359, 1.75634749060501, 9.74000000000000 ) );
#8149 = VECTOR( '', #9642, 1000.00000000000 );
#8150 = CARTESIAN_POINT( '', ( -0.671415533870503, 2.05960240670319, 9.74000000000000 ) );
#8151 = VECTOR( '', #9643, 1000.00000000000 );
#8152 = COLOUR_RGB( '', 0.119999997317791, 0.119999997317791, 0.119999997317791 );
#8153 = CARTESIAN_POINT( '', ( 5.15000000000000, -3.15000000000000, 0.000000000000000 ) );
#8154 = VECTOR( '', #9644, 1000.00000000000 );
#8155 = CARTESIAN_POINT( '', ( 0.650000000000000, -2.40000000000000, 0.000000000000000 ) );
#8156 = CARTESIAN_POINT( '', ( 0.650000000000000, -5.15000000000000, 0.000000000000000 ) );
#8157 = VECTOR( '', #9645, 1000.00000000000 );
#8158 = AXIS2_PLACEMENT_3D( '', #9646, #9647, #9648 );
#8159 = CARTESIAN_POINT( '', ( -5.15000000000000, 4.35000000000000, 0.000000000000000 ) );
#8160 = CARTESIAN_POINT( '', ( -5.15000000000000, -3.15000000000000, 0.000000000000000 ) );
#8161 = VECTOR( '', #9649, 1000.00000000000 );
#8162 = AXIS2_PLACEMENT_3D( '', #9650, #9651, #9652 );
#8163 = CARTESIAN_POINT( '', ( 0.650000000000000, 2.40000000000000, 0.000000000000000 ) );
#8164 = AXIS2_PLACEMENT_3D( '', #9653, #9654, #9655 );
#8165 = CARTESIAN_POINT( '', ( 0.650000000000000, 5.15000000000000, 0.000000000000000 ) );
#8166 = VECTOR( '', #9656, 1000.00000000000 );
#8167 = CARTESIAN_POINT( '', ( 4.00000000000000, -3.50000000000000, 0.000000000000000 ) );
#8168 = AXIS2_PLACEMENT_3D( '', #9657, #9658, #9659 );
#8169 = CARTESIAN_POINT( '', ( -3.00000000000000, 3.50000000000000, 0.000000000000000 ) );
#8170 = AXIS2_PLACEMENT_3D( '', #9660, #9661, #9662 );
#8171 = COLOUR_RGB( '', 0.699999988079071, 0.699999988079071, 0.699999988079071 );
#8172 = CARTESIAN_POINT( '', ( 2.95000000000000, 0.475000000000000, -0.450000000000000 ) );
#8173 = AXIS2_PLACEMENT_3D( '', #9663, #9664, #9665 );
#8174 = CARTESIAN_POINT( '', ( 2.95000000000000, 0.475000000000000, -0.450000000000000 ) );
#8175 = VECTOR( '', #9666, 1000.00000000000 );
#8176 = COLOUR_RGB( '', 0.699999988079071, 0.699999988079071, 0.699999988079071 );
#8177 = CARTESIAN_POINT( '', ( -0.377001095444924, 0.447711773563570, 9.74200000000000 ) );
#8178 = CARTESIAN_POINT( '', ( -1.12753521446622E-014, 0.0707106781186577, 9.74200000000000 ) );
#8179 = VECTOR( '', #9667, 1000.00000000000 );
#8180 = CARTESIAN_POINT( '', ( -0.377001095444924, 0.306290417326267, 9.74200000000000 ) );
#8181 = CARTESIAN_POINT( '', ( -0.377001095444924, -7.05280856008983E-017, 9.74200000000000 ) );
#8182 = VECTOR( '', #9668, 1000.00000000000 );
#8183 = CARTESIAN_POINT( '', ( -0.0707106781186618, 5.64279456466298E-015, 9.74200000000000 ) );
#8184 = VECTOR( '', #9669, 1000.00000000000 );
#8185 = COLOUR_RGB( '', 0.899999976158142, 0.000000000000000, 0.000000000000000 );
#8186 = CARTESIAN_POINT( '', ( 0.431744885262473, -0.352303505636687, 9.75000000000000 ) );
#8187 = CARTESIAN_POINT( '', ( 0.416310801661186, -0.322978746794244, 9.75000000000000 ) );
#8188 = CARTESIAN_POINT( '', ( 0.406278647320350, -0.287480354511286, 9.75000000000000 ) );
#8189 = CARTESIAN_POINT( '', ( 0.401648422239964, -0.246580032967878, 9.75000000000000 ) );
#8190 = COLOUR_RGB( '', 0.699999988079071, 0.699999988079071, 0.699999988079071 );
#8191 = CARTESIAN_POINT( '', ( 2.60000000000000, 0.475000000000000, 0.700000000000000 ) );
#8192 = CARTESIAN_POINT( '', ( 2.60000000000000, -0.475000000000000, 0.700000000000000 ) );
#8193 = VECTOR( '', #9670, 1000.00000000000 );
#8194 = CARTESIAN_POINT( '', ( 2.60000000000000, 0.475000000000000, 0.700000000000000 ) );
#8195 = VECTOR( '', #9671, 1000.00000000000 );
#8196 = COLOUR_RGB( '', 0.699999988079071, 0.699999988079071, 0.699999988079071 );
#8197 = CARTESIAN_POINT( '', ( -0.377001095444924, 0.447711773563570, 9.75000000000000 ) );
#8198 = CARTESIAN_POINT( '', ( -1.12757025938492E-014, 0.0707106781186577, 9.75000000000000 ) );
#8199 = VECTOR( '', #9672, 1000.00000000000 );
#8200 = CARTESIAN_POINT( '', ( -0.377001095444924, 0.447711773563570, 9.74200000000000 ) );
#8201 = VECTOR( '', #9673, 1000.00000000000 );
#8202 = COLOUR_RGB( '', 0.899999976158142, 0.000000000000000, 0.000000000000000 );
#8203 = CARTESIAN_POINT( '', ( -0.377001095444924, 0.306290417326267, 9.75000000000000 ) );
#8204 = CARTESIAN_POINT( '', ( -0.377001095444924, -0.306290417326254, 9.75000000000000 ) );
#8205 = CARTESIAN_POINT( '', ( -0.377001095444924, 0.306290417326267, 9.75000000000000 ) );
#8206 = CARTESIAN_POINT( '', ( -0.377001095444924, 0.102096805775427, 9.75000000000000 ) );
#8207 = CARTESIAN_POINT( '', ( -0.377001095444924, -0.102096805775413, 9.75000000000000 ) );
#8208 = CARTESIAN_POINT( '', ( -0.377001095444924, -0.306290417326254, 9.75000000000000 ) );
#8209 = CARTESIAN_POINT( '', ( -0.377001095444924, 0.306290417326267, 9.74200000000000 ) );
#8210 = VECTOR( '', #9674, 1000.00000000000 );
#8211 = CARTESIAN_POINT( '', ( -0.377001095444924, 0.806796172819904, 9.75000000000000 ) );
#8212 = CARTESIAN_POINT( '', ( -0.377001095444924, 0.687101373067792, 9.75000000000000 ) );
#8213 = CARTESIAN_POINT( '', ( -0.377001095444924, 0.567406573315681, 9.75000000000000 ) );
#8214 = CARTESIAN_POINT( '', ( -0.377001095444924, 0.447711773563569, 9.75000000000000 ) );
#8215 = CARTESIAN_POINT( '', ( -0.377001095444924, 0.806796172819904, 9.74000000000000 ) );
#8216 = CARTESIAN_POINT( '', ( -0.377001095444924, 0.420429613334373, 9.74000000000000 ) );
#8217 = CARTESIAN_POINT( '', ( -0.377001095444924, 0.0340630538488429, 9.74000000000000 ) );
#8218 = CARTESIAN_POINT( '', ( -0.377001095444924, -0.352303505636688, 9.74000000000000 ) );
#8219 = CARTESIAN_POINT( '', ( -0.377001095444924, -0.306290417326254, 9.74200000000000 ) );
#8220 = CARTESIAN_POINT( '', ( -0.377001095444924, -7.05280856008983E-017, 9.74200000000000 ) );
#8221 = VECTOR( '', #9675, 1000.00000000000 );
#8222 = CARTESIAN_POINT( '', ( -0.377001095444924, -0.306290417326254, 9.74200000000000 ) );
#8223 = VECTOR( '', #9676, 1000.00000000000 );
#8224 = COLOUR_RGB( '', 0.899999976158142, 0.000000000000000, 0.000000000000000 );
#8225 = CARTESIAN_POINT( '', ( -0.698499193495018, 2.87733742673899, 9.75000000000000 ) );
#8226 = CARTESIAN_POINT( '', ( -0.698499193495018, 2.87733742673898, 9.75000000000000 ) );
#8227 = VECTOR( '', #9677, 1000.00000000000 );
#8228 = CARTESIAN_POINT( '', ( -0.698499193495018, 2.87733742673899, 9.74000000000000 ) );
#8229 = CARTESIAN_POINT( '', ( -0.698499193495018, 2.87733742673899, 9.74000000000000 ) );
#8230 = VECTOR( '', #9678, 1000.00000000000 );
#8231 = CARTESIAN_POINT( '', ( -0.698499193495018, 2.87733742673898, 9.74000000000000 ) );
#8232 = VECTOR( '', #9679, 1000.00000000000 );
#8233 = COLOUR_RGB( '', 0.899999976158142, 0.000000000000000, 0.000000000000000 );
#8234 = CARTESIAN_POINT( '', ( 1.43496031934607, -0.352303505636687, 9.75000000000000 ) );
#8235 = CARTESIAN_POINT( '', ( 1.29296675021424, -0.352303505636687, 9.75000000000000 ) );
#8236 = CARTESIAN_POINT( '', ( 1.43496031934607, -0.352303505636687, 9.75000000000000 ) );
#8237 = CARTESIAN_POINT( '', ( 1.29296675021424, -0.352303505636687, 9.75000000000000 ) );
#8238 = CARTESIAN_POINT( '', ( 1.43496031934607, -0.352303505636687, 9.74000000000000 ) );
#8239 = CARTESIAN_POINT( '', ( 1.43496031934607, -0.352303505636687, 9.74000000000000 ) );
#8240 = VECTOR( '', #9680, 1000.00000000000 );
#8241 = CARTESIAN_POINT( '', ( 1.29296675021424, -0.352303505636687, 9.74000000000000 ) );
#8242 = CARTESIAN_POINT( '', ( 1.43496031934607, -0.352303505636687, 9.74000000000000 ) );
#8243 = CARTESIAN_POINT( '', ( 1.29296675021424, -0.352303505636687, 9.74000000000000 ) );
#8244 = CARTESIAN_POINT( '', ( 1.29296675021424, -0.352303505636687, 9.74000000000000 ) );
#8245 = VECTOR( '', #9681, 1000.00000000000 );
#8246 = COLOUR_RGB( '', 0.899999976158142, 0.000000000000000, 0.000000000000000 );
#8247 = CARTESIAN_POINT( '', ( 4.05103748976408, 0.488854050633410, 9.75000000000000 ) );
#8248 = CARTESIAN_POINT( '', ( 3.33798282738466, -0.420985177662410, 9.75000000000000 ) );
#8249 = CARTESIAN_POINT( '', ( 4.05103748976408, 0.488854050633410, 9.75000000000000 ) );
#8250 = CARTESIAN_POINT( '', ( 4.05103748976408, 0.246538938093217, 9.75000000000000 ) );
#8251 = CARTESIAN_POINT( '', ( 4.05103748976408, 0.00422382555302355, 9.75000000000000 ) );
#8252 = CARTESIAN_POINT( '', ( 4.05103748976408, -0.238091286987169, 9.75000000000000 ) );
#8253 = CARTESIAN_POINT( '', ( 4.05103748976408, -0.368509293418038, 9.75000000000000 ) );
#8254 = CARTESIAN_POINT( '', ( 4.03791851870299, -0.461885499205818, 9.75000000000000 ) );
#8255 = CARTESIAN_POINT( '', ( 4.01090887240073, -0.515904791810320, 9.75000000000000 ) );
#8256 = CARTESIAN_POINT( '', ( 3.98374488526247, -0.570232766086847, 9.75000000000000 ) );
#8257 = CARTESIAN_POINT( '', ( 3.94222720037501, -0.613911222678487, 9.75000000000000 ) );
#8258 = CARTESIAN_POINT( '', ( 3.82647157336536, -0.677190965443760, 9.75000000000000 ) );
#8259 = CARTESIAN_POINT( '', ( 3.75547478879945, -0.692625049045047, 9.75000000000000 ) );
#8260 = CARTESIAN_POINT( '', ( 3.57026578558401, -0.692625049045047, 9.75000000000000 ) );
#8261 = CARTESIAN_POINT( '', ( 3.48923684667726, -0.670245627823182, 9.75000000000000 ) );
#8262 = CARTESIAN_POINT( '', ( 3.42750051227212, -0.625486785379452, 9.75000000000000 ) );
#8263 = CARTESIAN_POINT( '', ( 3.36539745240656, -0.580462066976921, 9.75000000000000 ) );
#8264 = CARTESIAN_POINT( '', ( 3.33566771484446, -0.512046270909999, 9.75000000000000 ) );
#8265 = CARTESIAN_POINT( '', ( 3.33798282738466, -0.420985177662410, 9.75000000000000 ) );
#8266 = CARTESIAN_POINT( '', ( 4.05103748976408, 0.488854050633410, 9.74000000000000 ) );
#8267 = CARTESIAN_POINT( '', ( 4.05103748976408, 0.488854050633410, 9.74000000000000 ) );
#8268 = VECTOR( '', #9682, 1000.00000000000 );
#8269 = CARTESIAN_POINT( '', ( 3.33798282738466, -0.420985177662410, 9.74000000000000 ) );
#8270 = CARTESIAN_POINT( '', ( 4.05103748976408, 0.488854050633410, 9.74000000000000 ) );
#8271 = CARTESIAN_POINT( '', ( 4.05103748976408, 0.246538938093217, 9.74000000000000 ) );
#8272 = CARTESIAN_POINT( '', ( 4.05103748976408, 0.00422382555302355, 9.74000000000000 ) );
#8273 = CARTESIAN_POINT( '', ( 4.05103748976408, -0.238091286987169, 9.74000000000000 ) );
#8274 = CARTESIAN_POINT( '', ( 4.05103748976408, -0.368509293418038, 9.74000000000000 ) );
#8275 = CARTESIAN_POINT( '', ( 4.03791851870299, -0.461885499205818, 9.74000000000000 ) );
#8276 = CARTESIAN_POINT( '', ( 4.01090887240073, -0.515904791810320, 9.74000000000000 ) );
#8277 = CARTESIAN_POINT( '', ( 3.98374488526247, -0.570232766086847, 9.74000000000000 ) );
#8278 = CARTESIAN_POINT( '', ( 3.94222720037501, -0.613911222678487, 9.74000000000000 ) );
#8279 = CARTESIAN_POINT( '', ( 3.82647157336536, -0.677190965443760, 9.74000000000000 ) );
#8280 = CARTESIAN_POINT( '', ( 3.75547478879945, -0.692625049045047, 9.74000000000000 ) );
#8281 = CARTESIAN_POINT( '', ( 3.57026578558401, -0.692625049045047, 9.74000000000000 ) );
#8282 = CARTESIAN_POINT( '', ( 3.48923684667726, -0.670245627823182, 9.74000000000000 ) );
#8283 = CARTESIAN_POINT( '', ( 3.42750051227212, -0.625486785379452, 9.74000000000000 ) );
#8284 = CARTESIAN_POINT( '', ( 3.36539745240656, -0.580462066976921, 9.74000000000000 ) );
#8285 = CARTESIAN_POINT( '', ( 3.33566771484446, -0.512046270909999, 9.74000000000000 ) );
#8286 = CARTESIAN_POINT( '', ( 3.33798282738466, -0.420985177662410, 9.74000000000000 ) );
#8287 = CARTESIAN_POINT( '', ( 3.33798282738466, -0.420985177662410, 9.74000000000000 ) );
#8288 = VECTOR( '', #9683, 1000.00000000000 );
#8289 = COLOUR_RGB( '', 0.899999976158142, 0.000000000000000, 0.000000000000000 );
#8290 = CARTESIAN_POINT( '', ( 1.95894745760974, 0.488854050633410, 9.75000000000000 ) );
#8291 = CARTESIAN_POINT( '', ( 1.63637511034286, 0.175542153527300, 9.75000000000000 ) );
#8292 = CARTESIAN_POINT( '', ( 1.95894745760974, 0.488854050633410, 9.74000000000000 ) );
#8293 = CARTESIAN_POINT( '', ( 1.63637511034286, 0.175542153527300, 9.74000000000000 ) );
#8294 = COLOUR_RGB( '', 0.899999976158142, 0.000000000000000, 0.000000000000000 );
#8295 = CARTESIAN_POINT( '', ( 0.713817905609783, 2.18692296417034, 9.75000000000000 ) );
#8296 = CARTESIAN_POINT( '', ( 0.862012031049986, 2.43869156975021, 9.75000000000000 ) );
#8297 = CARTESIAN_POINT( '', ( 0.713817905609782, 2.18692296417034, 9.75000000000000 ) );
#8298 = VECTOR( '', #9684, 1000.00000000000 );
#8299 = CARTESIAN_POINT( '', ( 0.862012031049986, 2.43869156975021, 9.74000000000000 ) );
#8300 = CARTESIAN_POINT( '', ( 0.862012031049986, 2.43869156975021, 9.74000000000000 ) );
#8301 = VECTOR( '', #9685, 1000.00000000000 );
#8302 = CARTESIAN_POINT( '', ( 0.713817905609783, 2.18692296417034, 9.74000000000000 ) );
#8303 = CARTESIAN_POINT( '', ( 0.713817905609782, 2.18692296417034, 9.74000000000000 ) );
#8304 = VECTOR( '', #9686, 1000.00000000000 );
#8305 = CARTESIAN_POINT( '', ( 0.713817905609783, 2.18692296417034, 9.74000000000000 ) );
#8306 = VECTOR( '', #9687, 1000.00000000000 );
#8307 = COLOUR_RGB( '', 0.899999976158142, 0.000000000000000, 0.000000000000000 );
#8308 = CARTESIAN_POINT( '', ( 3.14582848654864, -0.352303505636687, 9.75000000000000 ) );
#8309 = CARTESIAN_POINT( '', ( 2.59020147690235, 0.369239902723442, 9.75000000000000 ) );
#8310 = CARTESIAN_POINT( '', ( 2.65193781130749, 0.461072700151094, 9.75000000000000 ) );
#8311 = CARTESIAN_POINT( '', ( 2.74145549619495, 0.507374950954954, 9.75000000000000 ) );
#8312 = CARTESIAN_POINT( '', ( 2.90891530326891, 0.507374950954953, 9.75000000000000 ) );
#8313 = CARTESIAN_POINT( '', ( 2.95521755407276, 0.498114500794181, 9.75000000000000 ) );
#8314 = CARTESIAN_POINT( '', ( 2.99766128397630, 0.480365304652702, 9.75000000000000 ) );
#8315 = CARTESIAN_POINT( '', ( 3.04037969192929, 0.462501243145085, 9.75000000000000 ) );
#8316 = CARTESIAN_POINT( '', ( 3.07251658944253, 0.437921574749165, 9.75000000000000 ) );
#8317 = CARTESIAN_POINT( '', ( 3.09335260230427, 0.408596815906722, 9.75000000000000 ) );
#8318 = CARTESIAN_POINT( '', ( 3.11455298170478, 0.378759244898602, 9.75000000000000 ) );
#8319 = CARTESIAN_POINT( '', ( 3.12962269876730, 0.343773664781320, 9.75000000000000 ) );
#8320 = CARTESIAN_POINT( '', ( 3.13733974056794, 0.302873343237911, 9.75000000000000 ) );
#8321 = CARTESIAN_POINT( '', ( 3.14230581215639, 0.276553163819121, 9.75000000000000 ) );
#8322 = CARTESIAN_POINT( '', ( 3.14582848654864, 0.230333150311866, 9.75000000000000 ) );
#8323 = CARTESIAN_POINT( '', ( 3.14582848654864, 0.164738295006400, 9.75000000000000 ) );
#8324 = CARTESIAN_POINT( '', ( 3.14582848654864, -0.00760897187462904, 9.75000000000000 ) );
#8325 = CARTESIAN_POINT( '', ( 3.14582848654864, -0.179956238755658, 9.75000000000000 ) );
#8326 = CARTESIAN_POINT( '', ( 3.14582848654864, -0.352303505636687, 9.75000000000000 ) );
#8327 = CARTESIAN_POINT( '', ( 3.14582848654864, -0.352303505636687, 9.74000000000000 ) );
#8328 = CARTESIAN_POINT( '', ( 2.59020147690235, 0.369239902723442, 9.74000000000000 ) );
#8329 = CARTESIAN_POINT( '', ( 2.65193781130749, 0.461072700151094, 9.74000000000000 ) );
#8330 = CARTESIAN_POINT( '', ( 2.74145549619495, 0.507374950954954, 9.74000000000000 ) );
#8331 = CARTESIAN_POINT( '', ( 2.90891530326891, 0.507374950954953, 9.74000000000000 ) );
#8332 = CARTESIAN_POINT( '', ( 2.95521755407276, 0.498114500794181, 9.74000000000000 ) );
#8333 = CARTESIAN_POINT( '', ( 2.99766128397630, 0.480365304652702, 9.74000000000000 ) );
#8334 = CARTESIAN_POINT( '', ( 3.04037969192929, 0.462501243145085, 9.74000000000000 ) );
#8335 = CARTESIAN_POINT( '', ( 3.07251658944253, 0.437921574749165, 9.74000000000000 ) );
#8336 = CARTESIAN_POINT( '', ( 3.09335260230427, 0.408596815906722, 9.74000000000000 ) );
#8337 = CARTESIAN_POINT( '', ( 3.11455298170478, 0.378759244898602, 9.74000000000000 ) );
#8338 = CARTESIAN_POINT( '', ( 3.12962269876730, 0.343773664781320, 9.74000000000000 ) );
#8339 = CARTESIAN_POINT( '', ( 3.13733974056794, 0.302873343237911, 9.74000000000000 ) );
#8340 = CARTESIAN_POINT( '', ( 3.14230581215639, 0.276553163819121, 9.74000000000000 ) );
#8341 = CARTESIAN_POINT( '', ( 3.14582848654864, 0.230333150311866, 9.74000000000000 ) );
#8342 = CARTESIAN_POINT( '', ( 3.14582848654864, 0.164738295006400, 9.74000000000000 ) );
#8343 = CARTESIAN_POINT( '', ( 3.14582848654864, -0.00760897187462904, 9.74000000000000 ) );
#8344 = CARTESIAN_POINT( '', ( 3.14582848654864, -0.179956238755658, 9.74000000000000 ) );
#8345 = CARTESIAN_POINT( '', ( 3.14582848654864, -0.352303505636687, 9.74000000000000 ) );
#8346 = CARTESIAN_POINT( '', ( 3.14582848654864, -0.352303505636687, 9.74000000000000 ) );
#8347 = VECTOR( '', #9688, 1000.00000000000 );
#8348 = COLOUR_RGB( '', 0.899999976158142, 0.000000000000000, 0.000000000000000 );
#8349 = CARTESIAN_POINT( '', ( 1.29296675021424, 0.806796172819904, 9.75000000000000 ) );
#8350 = CARTESIAN_POINT( '', ( 1.29296675021424, -0.352303505636687, 9.75000000000000 ) );
#8351 = CARTESIAN_POINT( '', ( 1.29296675021424, 0.806796172819904, 9.75000000000000 ) );
#8352 = CARTESIAN_POINT( '', ( 1.29296675021424, 0.806796172819904, 9.74000000000000 ) );
#8353 = CARTESIAN_POINT( '', ( 1.29296675021424, -0.352303505636687, 9.74000000000000 ) );
#8354 = CARTESIAN_POINT( '', ( 1.29296675021424, 0.806796172819904, 9.74000000000000 ) );
#8355 = CARTESIAN_POINT( '', ( 1.29296675021424, 0.806796172819904, 9.74000000000000 ) );
#8356 = VECTOR( '', #9689, 1000.00000000000 );
#8357 = COLOUR_RGB( '', 0.899999976158142, 0.000000000000000, 0.000000000000000 );
#8358 = CARTESIAN_POINT( '', ( 2.24697189821070, 3.52179173964185, 9.74000000000000 ) );
#8359 = CARTESIAN_POINT( '', ( 0.985858220059971, 3.52179173964186, 9.74000000000000 ) );
#8360 = CARTESIAN_POINT( '', ( 2.24697189821070, 3.52179173964186, 9.74000000000000 ) );
#8361 = VECTOR( '', #9690, 1000.00000000000 );
#8362 = CARTESIAN_POINT( '', ( 0.985858220059971, 3.52179173964186, 9.74000000000000 ) );
#8363 = VECTOR( '', #9691, 1000.00000000000 );
#8364 = CARTESIAN_POINT( '', ( 1.46149105463698, 2.18692296417033, 9.74000000000000 ) );
#8365 = CARTESIAN_POINT( '', ( 1.20674051077522, 1.75634749060501, 9.74000000000000 ) );
#8366 = VECTOR( '', #9692, 1000.00000000000 );
#8367 = CARTESIAN_POINT( '', ( 1.46149105463698, 2.18692296417034, 9.74000000000000 ) );
#8368 = VECTOR( '', #9693, 1000.00000000000 );
#8369 = CARTESIAN_POINT( '', ( 0.862012031049987, 2.43869156975021, 9.74000000000000 ) );
#8370 = VECTOR( '', #9694, 1000.00000000000 );
#8371 = CARTESIAN_POINT( '', ( 1.86599508615976, 2.87733742673898, 9.74000000000000 ) );
#8372 = VECTOR( '', #9695, 1000.00000000000 );
#8373 = CARTESIAN_POINT( '', ( 1.98844605634067, 3.08257138078225, 9.74000000000000 ) );
#8374 = CARTESIAN_POINT( '', ( 1.24673678387734, 3.08257138078225, 9.74000000000000 ) );
#8375 = VECTOR( '', #9696, 1000.00000000000 );
#8376 = CARTESIAN_POINT( '', ( 1.98844605634067, 3.08257138078225, 9.74000000000000 ) );
#8377 = VECTOR( '', #9697, 1000.00000000000 );
#8378 = COLOUR_RGB( '', 0.119999997317791, 0.119999997317791, 0.119999997317791 );
#8379 = AXIS2_PLACEMENT_3D( '', #9698, #9699, #9700 );
#8380 = CARTESIAN_POINT( '', ( 3.40000000000000, 0.000000000000000, 0.300000000000000 ) );
#8381 = AXIS2_PLACEMENT_3D( '', #9701, #9702, #9703 );
#8382 = COLOUR_RGB( '', 0.119999997317791, 0.119999997317791, 0.119999997317791 );
#8383 = CARTESIAN_POINT( '', ( 2.39875000000000, -0.355841871482263, 0.300000000000000 ) );
#8384 = AXIS2_PLACEMENT_3D( '', #9704, #9705, #9706 );
#8385 = AXIS2_PLACEMENT_3D( '', #9707, #9708, #9709 );
#8386 = COLOUR_RGB( '', 0.699999988079071, 0.699999988079071, 0.699999988079071 );
#8387 = CARTESIAN_POINT( '', ( -5.50000000000000, -0.475000000000000, -0.750000000000000 ) );
#8388 = VECTOR( '', #9710, 1000.00000000000 );
#8389 = CARTESIAN_POINT( '', ( -5.50000000000000, 0.475000000000000, -0.750000000000000 ) );
#8390 = VECTOR( '', #9711, 1000.00000000000 );
#8391 = COLOUR_RGB( '', 0.899999976158142, 0.000000000000000, 0.000000000000000 );
#8392 = CARTESIAN_POINT( '', ( -0.864718137245567, -0.352303505636687, 9.75000000000000 ) );
#8393 = CARTESIAN_POINT( '', ( -1.00053807293688, -0.352303505636687, 9.75000000000000 ) );
#8394 = CARTESIAN_POINT( '', ( -0.864718137245567, -0.352303505636687, 9.75000000000000 ) );
#8395 = CARTESIAN_POINT( '', ( -0.909991449142672, -0.352303505636688, 9.75000000000000 ) );
#8396 = CARTESIAN_POINT( '', ( -0.955264761039779, -0.352303505636688, 9.75000000000000 ) );
#8397 = CARTESIAN_POINT( '', ( -1.00053807293688, -0.352303505636687, 9.75000000000000 ) );
#8398 = CARTESIAN_POINT( '', ( -0.864718137245567, -0.352303505636687, 9.74000000000000 ) );
#8399 = CARTESIAN_POINT( '', ( -0.864718137245567, -0.352303505636687, 9.74000000000000 ) );
#8400 = VECTOR( '', #9712, 1000.00000000000 );
#8401 = CARTESIAN_POINT( '', ( -1.00053807293688, -0.352303505636687, 9.74000000000000 ) );
#8402 = CARTESIAN_POINT( '', ( -0.864718137245567, -0.352303505636687, 9.74000000000000 ) );
#8403 = CARTESIAN_POINT( '', ( -0.909991449142672, -0.352303505636688, 9.74000000000000 ) );
#8404 = CARTESIAN_POINT( '', ( -0.955264761039779, -0.352303505636688, 9.74000000000000 ) );
#8405 = CARTESIAN_POINT( '', ( -1.00053807293688, -0.352303505636687, 9.74000000000000 ) );
#8406 = CARTESIAN_POINT( '', ( -1.00053807293688, -0.352303505636687, 9.74000000000000 ) );
#8407 = VECTOR( '', #9713, 1000.00000000000 );
#8408 = COLOUR_RGB( '', 0.899999976158142, 0.000000000000000, 0.000000000000000 );
#8409 = CARTESIAN_POINT( '', ( 0.752773824169224, 0.488854050633409, 9.75000000000000 ) );
#8410 = CARTESIAN_POINT( '', ( 0.795474788799449, 0.488854050633409, 9.75000000000000 ) );
#8411 = CARTESIAN_POINT( '', ( 0.838175753429674, 0.488854050633409, 9.75000000000000 ) );
#8412 = CARTESIAN_POINT( '', ( 0.880876718059899, 0.488854050633409, 9.75000000000000 ) );
#8413 = CARTESIAN_POINT( '', ( 0.752773824169224, 0.488854050633409, 9.74000000000000 ) );
#8414 = CARTESIAN_POINT( '', ( 0.795474788799449, 0.488854050633409, 9.74000000000000 ) );
#8415 = CARTESIAN_POINT( '', ( 0.838175753429674, 0.488854050633409, 9.74000000000000 ) );
#8416 = CARTESIAN_POINT( '', ( 0.880876718059899, 0.488854050633409, 9.74000000000000 ) );
#8417 = COLOUR_RGB( '', 0.699999988079071, 0.699999988079071, 0.699999988079071 );
#8418 = COLOUR_RGB( '', 0.699999988079071, 0.699999988079071, 0.699999988079071 );
#8419 = CARTESIAN_POINT( '', ( -0.0707106781186618, 5.64279456466298E-015, 9.75000000000000 ) );
#8420 = VECTOR( '', #9714, 1000.00000000000 );
#8421 = COLOUR_RGB( '', 0.119999997317791, 0.119999997317791, 0.119999997317791 );
#8422 = CARTESIAN_POINT( '', ( 1.75000000000000, -4.68374849879880, 1.10000000000000 ) );
#8423 = CARTESIAN_POINT( '', ( 1.75000000000000, -4.68374849879880, 1.10000000000000 ) );
#8424 = VECTOR( '', #9715, 1000.00000000000 );
#8425 = CARTESIAN_POINT( '', ( 4.68374849879880, -1.75000000000000, 1.10000000000000 ) );
#8426 = AXIS2_PLACEMENT_3D( '', #9716, #9717, #9718 );
#8427 = CARTESIAN_POINT( '', ( 4.68374849879880, -1.75000000000000, 1.10000000000000 ) );
#8428 = VECTOR( '', #9719, 1000.00000000000 );
#8429 = COLOUR_RGB( '', 0.119999997317791, 0.119999997317791, 0.119999997317791 );
#8430 = COLOUR_RGB( '', 0.899999976158142, 0.000000000000000, 0.000000000000000 );
#8431 = CARTESIAN_POINT( '', ( 1.81541048011777, -0.352303505636687, 9.75000000000000 ) );
#8432 = CARTESIAN_POINT( '', ( 1.99135903317244, -0.352303505636687, 9.75000000000000 ) );
#8433 = CARTESIAN_POINT( '', ( 1.81541048011777, -0.352303505636687, 9.75000000000000 ) );
#8434 = CARTESIAN_POINT( '', ( 1.81541048011777, -0.352303505636687, 9.74000000000000 ) );
#8435 = CARTESIAN_POINT( '', ( 1.99135903317244, -0.352303505636687, 9.74000000000000 ) );
#8436 = CARTESIAN_POINT( '', ( 1.81541048011777, -0.352303505636687, 9.74000000000000 ) );
#8437 = CARTESIAN_POINT( '', ( 1.81541048011777, -0.352303505636687, 9.74000000000000 ) );
#8438 = VECTOR( '', #9720, 1000.00000000000 );
#8439 = COLOUR_RGB( '', 0.119999997317791, 0.119999997317791, 0.119999997317791 );
#8440 = CARTESIAN_POINT( '', ( 2.99329545454545, 0.436814974328402, 0.450000000000000 ) );
#8441 = VECTOR( '', #9721, 1000.00000000000 );
#8442 = COLOUR_RGB( '', 0.899999976158142, 0.000000000000000, 0.000000000000000 );
#8443 = CARTESIAN_POINT( '', ( 1.15483170198273, 0.330654693720226, 9.74000000000000 ) );
#8444 = CARTESIAN_POINT( '', ( 1.15483170198273, 0.330654693720226, 9.74000000000000 ) );
#8445 = CARTESIAN_POINT( '', ( 1.12087671805990, 0.350719002401898, 9.74000000000000 ) );
#8446 = CARTESIAN_POINT( '', ( 1.08615002995701, 0.360751156742734, 9.74000000000000 ) );
#8447 = CARTESIAN_POINT( '', ( 1.02209858301167, 0.360751156742734, 9.74000000000000 ) );
#8448 = CARTESIAN_POINT( '', ( 0.994317232529353, 0.350719002401898, 9.74000000000000 ) );
#8449 = CARTESIAN_POINT( '', ( 0.970394402947359, 0.332198102080355, 9.74000000000000 ) );
#8450 = CARTESIAN_POINT( '', ( 0.945989069971063, 0.313303650743869, 9.74000000000000 ) );
#8451 = CARTESIAN_POINT( '', ( 0.928722377223886, 0.287439259636624, 9.74000000000000 ) );
#8452 = CARTESIAN_POINT( '', ( 0.917918518702986, 0.254255979893859, 9.74000000000000 ) );
#8453 = CARTESIAN_POINT( '', ( 0.901445936371364, 0.203661619875306, 9.74000000000000 ) );
#8454 = CARTESIAN_POINT( '', ( 0.893995689120993, 0.147760803044984, 9.74000000000000 ) );
#8455 = CARTESIAN_POINT( '', ( 0.893995689120993, 0.0875678769999685, 9.74000000000000 ) );
#8456 = CARTESIAN_POINT( '', ( 0.893995689120993, -0.0590559172122499, 9.74000000000000 ) );
#8457 = CARTESIAN_POINT( '', ( 0.893995689120993, -0.205679711424469, 9.74000000000000 ) );
#8458 = CARTESIAN_POINT( '', ( 0.893995689120993, -0.352303505636687, 9.74000000000000 ) );
#8459 = CARTESIAN_POINT( '', ( 1.20422076950684, 0.461844404331158, 9.74000000000000 ) );
#8460 = CARTESIAN_POINT( '', ( 1.20422076950684, 0.461844404331158, 9.74000000000000 ) );
#8461 = CARTESIAN_POINT( '', ( 1.18775774699881, 0.418114500794181, 9.74000000000000 ) );
#8462 = CARTESIAN_POINT( '', ( 1.17129472449077, 0.374384597257204, 9.74000000000000 ) );
#8463 = CARTESIAN_POINT( '', ( 1.15483170198273, 0.330654693720226, 9.74000000000000 ) );
#8464 = CARTESIAN_POINT( '', ( 0.880876718059899, 0.361522860922798, 9.74000000000000 ) );
#8465 = CARTESIAN_POINT( '', ( 0.913288293622600, 0.420944082787750, 9.74000000000000 ) );
#8466 = CARTESIAN_POINT( '', ( 0.942613052465044, 0.460300995971030, 9.74000000000000 ) );
#8467 = CARTESIAN_POINT( '', ( 0.969622698767295, 0.478821896292573, 9.74000000000000 ) );
#8468 = CARTESIAN_POINT( '', ( 0.997517169684666, 0.497949533493057, 9.74000000000000 ) );
#8469 = CARTESIAN_POINT( '', ( 1.02750051227212, 0.507374950954953, 9.74000000000000 ) );
#8470 = CARTESIAN_POINT( '', ( 1.10775774699880, 0.507374950954953, 9.74000000000000 ) );
#8471 = CARTESIAN_POINT( '', ( 1.15560340616279, 0.491940867353667, 9.74000000000000 ) );
#8472 = CARTESIAN_POINT( '', ( 1.20422076950684, 0.461844404331158, 9.74000000000000 ) );
#8473 = COLOUR_RGB( '', 0.699999988079071, 0.699999988079071, 0.699999988079071 );
#8474 = CARTESIAN_POINT( '', ( 0.403584149109512, 0.474294826050333, 9.74200000000000 ) );
#8475 = CARTESIAN_POINT( '', ( 0.438935577399607, 0.458925170235436, 9.74200000000000 ) );
#8476 = CARTESIAN_POINT( '', ( 0.465658698313842, 0.440372752152259, 9.74200000000000 ) );
#8477 = CARTESIAN_POINT( '', ( 0.484332037959639, 0.417549781474063, 9.74200000000000 ) );
#8478 = CARTESIAN_POINT( '', ( 0.485203923795585, 0.416458120054041, 9.74200000000000 ) );
#8479 = CARTESIAN_POINT( '', ( 0.486064722834619, 0.415354044715968, 9.74200000000000 ) );
#8480 = CARTESIAN_POINT( '', ( 2.43951839509358, 2.51022907321225, 9.74200000000000 ) );
#8481 = VECTOR( '', #9722, 1000.00000000000 );
#8482 = COLOUR_RGB( '', 0.899999976158142, 0.000000000000000, 0.000000000000000 );
#8483 = CARTESIAN_POINT( '', ( -0.170184375187689, 0.248854050633409, 9.75000000000000 ) );
#8484 = CARTESIAN_POINT( '', ( -0.157837108306660, 0.308275272498361, 9.75000000000000 ) );
#8485 = CARTESIAN_POINT( '', ( -0.137001095444924, 0.356120931662347, 9.75000000000000 ) );
#8486 = CARTESIAN_POINT( '', ( -0.107676336602480, 0.393162732305435, 9.75000000000000 ) );
#8487 = CARTESIAN_POINT( '', ( -0.0787271349703979, 0.429730144893327, 9.75000000000000 ) );
#8488 = CARTESIAN_POINT( '', ( -0.0366795520365640, 0.457985883430837, 9.75000000000000 ) );
#8489 = CARTESIAN_POINT( '', ( 0.0181114447480026, 0.478050192112508, 9.75000000000000 ) );
#8490 = CARTESIAN_POINT( '', ( 0.0733337157769803, 0.498272432207627, 9.75000000000000 ) );
#8491 = CARTESIAN_POINT( '', ( 0.136953888477906, 0.507374950954952, 9.75000000000000 ) );
#8492 = CARTESIAN_POINT( '', ( 0.281262570149932, 0.507374950954952, 9.75000000000000 ) );
#8493 = CARTESIAN_POINT( '', ( 0.339140383654754, 0.498886204974245, 9.75000000000000 ) );
#8494 = CARTESIAN_POINT( '', ( 0.384670930278549, 0.481908713012830, 9.75000000000000 ) );
#8495 = CARTESIAN_POINT( '', ( 0.391227198258321, 0.479464002918678, 9.75000000000000 ) );
#8496 = CARTESIAN_POINT( '', ( 0.397532113718720, 0.476926054983306, 9.75000000000000 ) );
#8497 = CARTESIAN_POINT( '', ( 0.403584149113019, 0.474294826048808, 9.75000000000000 ) );
#8498 = CARTESIAN_POINT( '', ( 0.486064722822351, 0.415354044731703, 9.75000000000000 ) );
#8499 = CARTESIAN_POINT( '', ( 0.505516693609830, 0.390404619552781, 9.75000000000000 ) );
#8500 = CARTESIAN_POINT( '', ( 0.519307187199195, 0.359116022245206, 9.75000000000000 ) );
#8501 = CARTESIAN_POINT( '', ( 0.527436203590446, 0.322165947739519, 9.75000000000000 ) );
#8502 = CARTESIAN_POINT( '', ( 0.532867575971081, 0.297477891463901, 9.75000000000000 ) );
#8503 = CARTESIAN_POINT( '', ( 0.535153245391089, 0.253484275713795, 9.75000000000000 ) );
#8504 = CARTESIAN_POINT( '', ( 0.535153245391090, 0.190204532948521, 9.75000000000000 ) );
#8505 = CARTESIAN_POINT( '', ( 0.535153245391089, 0.126667555456560, 9.75000000000000 ) );
#8506 = CARTESIAN_POINT( '', ( 0.535153245391089, 0.0631305779645987, 9.75000000000000 ) );
#8507 = CARTESIAN_POINT( '', ( 0.535153245391089, -0.000406399527362575, 9.75000000000000 ) );
#8508 = CARTESIAN_POINT( '', ( 0.535153245391089, -0.133139518498424, 9.75000000000000 ) );
#8509 = CARTESIAN_POINT( '', ( 0.538240062111346, -0.217255274125434, 9.75000000000000 ) );
#8510 = CARTESIAN_POINT( '', ( 0.543641991371797, -0.251981962228327, 9.75000000000000 ) );
#8511 = CARTESIAN_POINT( '', ( 0.549179359552953, -0.287579329107186, 9.75000000000000 ) );
#8512 = CARTESIAN_POINT( '', ( 0.561391187513276, -0.320663634254051, 9.75000000000000 ) );
#8513 = CARTESIAN_POINT( '', ( 0.578368679474691, -0.352303505636687, 9.75000000000000 ) );
#8514 = COLOUR_RGB( '', 0.119999997317791, 0.119999997317791, 0.119999997317791 );
#8515 = CARTESIAN_POINT( '', ( 5.15000000000000, -1.75000000000000, 1.10000000000000 ) );
#8516 = VECTOR( '', #9723, 1000.00000000000 );
#8517 = COLOUR_RGB( '', 0.899999976158142, 0.000000000000000, 0.000000000000000 );
#8518 = CARTESIAN_POINT( '', ( 1.53373845439430, 0.0759923142990039, 9.75000000000000 ) );
#8519 = CARTESIAN_POINT( '', ( 1.43496031934607, -0.0196990040289704, 9.75000000000000 ) );
#8520 = CARTESIAN_POINT( '', ( 1.53373845439430, 0.0759923142990039, 9.75000000000000 ) );
#8521 = CARTESIAN_POINT( '', ( 1.43496031934607, -0.0196990040289704, 9.75000000000000 ) );
#8522 = CARTESIAN_POINT( '', ( 1.53373845439430, 0.0759923142990039, 9.74000000000000 ) );
#8523 = CARTESIAN_POINT( '', ( 1.53373845439430, 0.0759923142990039, 9.74000000000000 ) );
#8524 = VECTOR( '', #9724, 1000.00000000000 );
#8525 = CARTESIAN_POINT( '', ( 1.43496031934607, -0.0196990040289704, 9.74000000000000 ) );
#8526 = CARTESIAN_POINT( '', ( 1.53373845439430, 0.0759923142990039, 9.74000000000000 ) );
#8527 = CARTESIAN_POINT( '', ( 1.43496031934607, -0.0196990040289704, 9.74000000000000 ) );
#8528 = CARTESIAN_POINT( '', ( 1.43496031934607, -0.0196990040289704, 9.74000000000000 ) );
#8529 = VECTOR( '', #9725, 1000.00000000000 );
#8530 = COLOUR_RGB( '', 0.899999976158142, 0.000000000000000, 0.000000000000000 );
#8531 = CARTESIAN_POINT( '', ( 1.43496031934607, 0.806796172819904, 9.75000000000000 ) );
#8532 = CARTESIAN_POINT( '', ( 1.43496031934607, 0.147760803044985, 9.75000000000000 ) );
#8533 = CARTESIAN_POINT( '', ( 1.43496031934607, 0.806796172819904, 9.75000000000000 ) );
#8534 = CARTESIAN_POINT( '', ( 1.43496031934607, 0.147760803044985, 9.75000000000000 ) );
#8535 = CARTESIAN_POINT( '', ( 1.43496031934607, 0.806796172819904, 9.74000000000000 ) );
#8536 = CARTESIAN_POINT( '', ( 1.43496031934607, 0.806796172819904, 9.74000000000000 ) );
#8537 = VECTOR( '', #9726, 1000.00000000000 );
#8538 = CARTESIAN_POINT( '', ( 1.43496031934607, 0.147760803044985, 9.74000000000000 ) );
#8539 = CARTESIAN_POINT( '', ( 1.43496031934607, 0.806796172819904, 9.74000000000000 ) );
#8540 = CARTESIAN_POINT( '', ( 1.43496031934607, 0.147760803044985, 9.74000000000000 ) );
#8541 = CARTESIAN_POINT( '', ( 1.43496031934607, 0.147760803044985, 9.74000000000000 ) );
#8542 = VECTOR( '', #9727, 1000.00000000000 );
#8543 = COLOUR_RGB( '', 0.699999988079071, 0.699999988079071, 0.699999988079071 );
#8544 = CARTESIAN_POINT( '', ( -2.90000000000000, -0.475000000000000, -0.400000000000000 ) );
#8545 = AXIS2_PLACEMENT_3D( '', #9728, #9729, #9730 );
#8546 = CARTESIAN_POINT( '', ( -2.90000000000000, 0.475000000000000, -0.400000000000000 ) );
#8547 = CARTESIAN_POINT( '', ( -2.90000000000000, -0.475000000000000, -0.400000000000000 ) );
#8548 = VECTOR( '', #9731, 1000.00000000000 );
#8549 = AXIS2_PLACEMENT_3D( '', #9732, #9733, #9734 );
#8550 = COLOUR_RGB( '', 0.899999976158142, 0.000000000000000, 0.000000000000000 );
#8551 = CARTESIAN_POINT( '', ( 1.43496031934607, -0.0196990040289704, 9.75000000000000 ) );
#8552 = CARTESIAN_POINT( '', ( 1.43496031934607, -0.352303505636687, 9.75000000000000 ) );
#8553 = CARTESIAN_POINT( '', ( 1.43496031934607, -0.0196990040289704, 9.74000000000000 ) );
#8554 = CARTESIAN_POINT( '', ( 1.43496031934607, -0.352303505636687, 9.74000000000000 ) );
#8555 = COLOUR_RGB( '', 0.699999988079071, 0.699999988079071, 0.699999988079071 );
#8556 = CARTESIAN_POINT( '', ( 2.60000000000000, 0.475000000000000, 0.700000000000000 ) );
#8557 = VECTOR( '', #9735, 1000.00000000000 );
#8558 = CARTESIAN_POINT( '', ( 5.50000000000000, 0.475000000000000, -0.450000000000000 ) );
#8559 = CARTESIAN_POINT( '', ( 2.95000000000000, 0.475000000000000, -0.450000000000000 ) );
#8560 = VECTOR( '', #9736, 1000.00000000000 );
#8561 = CARTESIAN_POINT( '', ( 5.50000000000000, 0.475000000000000, -0.750000000000000 ) );
#8562 = VECTOR( '', #9737, 1000.00000000000 );
#8563 = COLOUR_RGB( '', 0.899999976158142, 0.000000000000000, 0.000000000000000 );
#8564 = CARTESIAN_POINT( '', ( -0.530665223385922, 0.601375901504568, 9.75000000000000 ) );
#8565 = CARTESIAN_POINT( '', ( -0.530665223385922, 0.601375901504568, 9.74200000000000 ) );
#8566 = VECTOR( '', #9738, 1000.00000000000 );
#8567 = CARTESIAN_POINT( '', ( -0.524396593837207, 0.619272057064277, 9.75000000000000 ) );
#8568 = CARTESIAN_POINT( '', ( -0.526486137020112, 0.613306671877707, 9.75000000000000 ) );
#8569 = CARTESIAN_POINT( '', ( -0.528575680203017, 0.607341286691138, 9.75000000000000 ) );
#8570 = CARTESIAN_POINT( '', ( -0.530665223385922, 0.601375901504568, 9.75000000000000 ) );
#8571 = CARTESIAN_POINT( '', ( -0.524396593837207, 0.619272057064277, 9.74000000000000 ) );
#8572 = CARTESIAN_POINT( '', ( -0.637837108306660, 0.295413536163955, 9.74000000000000 ) );
#8573 = CARTESIAN_POINT( '', ( -0.751277622776114, -0.0284449847363668, 9.74000000000000 ) );
#8574 = CARTESIAN_POINT( '', ( -0.864718137245567, -0.352303505636687, 9.74000000000000 ) );
#8575 = CARTESIAN_POINT( '', ( -0.567351586974540, 0.496640908855882, 9.75000000000000 ) );
#8576 = CARTESIAN_POINT( '', ( -0.666473770398216, 0.213659437358359, 9.75000000000000 ) );
#8577 = CARTESIAN_POINT( '', ( -0.765595953821892, -0.0693220341391648, 9.75000000000000 ) );
#8578 = CARTESIAN_POINT( '', ( -0.864718137245567, -0.352303505636687, 9.75000000000000 ) );
#8579 = COLOUR_RGB( '', 0.899999976158142, 0.000000000000000, 0.000000000000000 );
#8580 = CARTESIAN_POINT( '', ( 1.20422076950684, 0.461844404331158, 9.75000000000000 ) );
#8581 = CARTESIAN_POINT( '', ( 0.880876718059899, 0.361522860922798, 9.75000000000000 ) );
#8582 = CARTESIAN_POINT( '', ( 0.913288293622600, 0.420944082787750, 9.75000000000000 ) );
#8583 = CARTESIAN_POINT( '', ( 0.942613052465044, 0.460300995971030, 9.75000000000000 ) );
#8584 = CARTESIAN_POINT( '', ( 0.969622698767295, 0.478821896292573, 9.75000000000000 ) );
#8585 = CARTESIAN_POINT( '', ( 0.997517169684666, 0.497949533493057, 9.75000000000000 ) );
#8586 = CARTESIAN_POINT( '', ( 1.02750051227212, 0.507374950954953, 9.75000000000000 ) );
#8587 = CARTESIAN_POINT( '', ( 1.10775774699880, 0.507374950954953, 9.75000000000000 ) );
#8588 = CARTESIAN_POINT( '', ( 1.15560340616279, 0.491940867353667, 9.75000000000000 ) );
#8589 = CARTESIAN_POINT( '', ( 1.20422076950684, 0.461844404331158, 9.75000000000000 ) );
#8590 = CARTESIAN_POINT( '', ( 1.20422076950684, 0.461844404331158, 9.74000000000000 ) );
#8591 = VECTOR( '', #9739, 1000.00000000000 );
#8592 = COLOUR_RGB( '', 0.119999997317791, 0.119999997317791, 0.119999997317791 );
#8593 = CARTESIAN_POINT( '', ( -5.15000000000000, 1.75000000000000, 1.90000000000000 ) );
#8594 = CARTESIAN_POINT( '', ( -5.15000000000000, 1.75000000000000, 1.90000000000000 ) );
#8595 = VECTOR( '', #9740, 1000.00000000000 );
#8596 = CARTESIAN_POINT( '', ( -5.15000000000000, 1.75000000000000, 1.90000000000000 ) );
#8597 = VECTOR( '', #9741, 1000.00000000000 );
#8598 = COLOUR_RGB( '', 0.119999997317791, 0.119999997317791, 0.119999997317791 );
#8599 = CARTESIAN_POINT( '', ( 2.99329545454545, -0.436814974328402, 0.200000000000000 ) );
#8600 = CARTESIAN_POINT( '', ( 2.99329545454545, -0.436814974328402, 0.450000000000000 ) );
#8601 = VECTOR( '', #9742, 1000.00000000000 );
#8602 = AXIS2_PLACEMENT_3D( '', #9743, #9744, #9745 );
#8603 = COLOUR_RGB( '', 0.699999988079071, 0.699999988079071, 0.699999988079071 );
#8604 = CARTESIAN_POINT( '', ( -2.51022907321226, -2.43951839509357, 9.74200000000000 ) );
#8605 = VECTOR( '', #9746, 1000.00000000000 );
#8606 = CARTESIAN_POINT( '', ( -2.51022907321226, -2.43951839509357, 9.75000000000000 ) );
#8607 = VECTOR( '', #9747, 1000.00000000000 );
#8608 = COLOUR_RGB( '', 0.899999976158142, 0.000000000000000, 0.000000000000000 );
#8609 = AXIS2_PLACEMENT_3D( '', #9748, #9749, #9750 );
#8610 = AXIS2_PLACEMENT_3D( '', #9751, #9752, #9753 );
#8611 = COLOUR_RGB( '', 0.699999988079071, 0.699999988079071, 0.699999988079071 );
#8612 = AXIS2_PLACEMENT_3D( '', #9754, #9755, #9756 );
#8613 = COLOUR_RGB( '', 0.899999976158142, 0.000000000000000, 0.000000000000000 );
#8614 = CARTESIAN_POINT( '', ( 2.10557125182195, -0.352303505636687, 9.75000000000000 ) );
#8615 = CARTESIAN_POINT( '', ( 2.10557125182195, -0.352303505636687, 9.75000000000000 ) );
#8616 = CARTESIAN_POINT( '', ( 2.10557125182195, 0.488854050633409, 9.75000000000000 ) );
#8617 = CARTESIAN_POINT( '', ( 2.10557125182195, -0.352303505636687, 9.74000000000000 ) );
#8618 = VECTOR( '', #9757, 1000.00000000000 );
#8619 = COLOUR_RGB( '', 0.899999976158142, 0.000000000000000, 0.000000000000000 );
#8620 = CARTESIAN_POINT( '', ( 1.86599508615976, 2.87733742673898, 9.75000000000000 ) );
#8621 = VECTOR( '', #9758, 1000.00000000000 );
#8622 = COLOUR_RGB( '', 0.699999988079071, 0.699999988079071, 0.699999988079071 );
#8623 = CARTESIAN_POINT( '', ( 5.50000000000000, 0.475000000000000, -0.450000000000000 ) );
#8624 = VECTOR( '', #9759, 1000.00000000000 );
#8625 = COLOUR_RGB( '', 0.699999988079071, 0.699999988079071, 0.699999988079071 );
#8626 = CARTESIAN_POINT( '', ( -2.60000000000000, -0.475000000000000, 0.700000000000000 ) );
#8627 = CARTESIAN_POINT( '', ( -2.60000000000000, -0.475000000000000, -0.400000000000000 ) );
#8628 = VECTOR( '', #9760, 1000.00000000000 );
#8629 = CARTESIAN_POINT( '', ( -2.90000000000000, -0.475000000000000, 0.700000000000000 ) );
#8630 = CARTESIAN_POINT( '', ( -2.60000000000000, -0.475000000000000, 0.700000000000000 ) );
#8631 = VECTOR( '', #9761, 1000.00000000000 );
#8632 = CARTESIAN_POINT( '', ( -2.90000000000000, -0.475000000000000, -0.400000000000000 ) );
#8633 = VECTOR( '', #9762, 1000.00000000000 );
#8634 = COLOUR_RGB( '', 0.699999988079071, 0.699999988079071, 0.699999988079071 );
#8635 = CARTESIAN_POINT( '', ( -2.51022907321226, -2.43951839509357, 9.74200000000000 ) );
#8636 = VECTOR( '', #9763, 1000.00000000000 );
#8637 = CARTESIAN_POINT( '', ( -2.43951839509359, -2.51022907321225, 9.74200000000000 ) );
#8638 = VECTOR( '', #9764, 1000.00000000000 );
#8639 = COLOUR_RGB( '', 0.119999997317791, 0.119999997317791, 0.119999997317791 );
#8640 = CARTESIAN_POINT( '', ( -5.15000000000000, 4.35000000000000, 1.90000000000000 ) );
#8641 = AXIS2_PLACEMENT_3D( '', #9765, #9766, #9767 );
#8642 = CARTESIAN_POINT( '', ( -5.15000000000000, 1.75000000000000, 1.90000000000000 ) );
#8643 = VECTOR( '', #9768, 1000.00000000000 );
#8644 = CARTESIAN_POINT( '', ( -1.75000000000000, 4.68374849879880, 1.90000000000000 ) );
#8645 = VECTOR( '', #9769, 1000.00000000000 );
#8646 = COLOUR_RGB( '', 0.119999997317791, 0.119999997317791, 0.119999997317791 );
#8647 = CARTESIAN_POINT( '', ( 1.75000000000000, -5.15000000000000, 1.10000000000000 ) );
#8648 = VECTOR( '', #9770, 1000.00000000000 );
#8649 = CARTESIAN_POINT( '', ( 5.15000000000000, -3.15000000000000, 1.10000000000000 ) );
#8650 = VECTOR( '', #9771, 1000.00000000000 );
#8651 = COLOUR_RGB( '', 0.699999988079071, 0.699999988079071, 0.699999988079071 );
#8652 = CARTESIAN_POINT( '', ( 3.50000000000000, 0.000000000000000, 1.02520282995988E-016 ) );
#8653 = AXIS2_PLACEMENT_3D( '', #9772, #9773, #9774 );
#8654 = COLOUR_RGB( '', 0.699999988079071, 0.699999988079071, 0.699999988079071 );
#8655 = CARTESIAN_POINT( '', ( 4.45000000000000, 0.000000000000000, 2.20208696284493 ) );
#8656 = AXIS2_PLACEMENT_3D( '', #9775, #9776, #9777 );
#8657 = CARTESIAN_POINT( '', ( 4.72500000000013, 0.000000000000000, 2.50104348142092 ) );
#8658 = AXIS2_PLACEMENT_3D( '', #9778, #9779, #9780 );
#8659 = COLOUR_RGB( '', 0.699999988079071, 0.699999988079071, 0.699999988079071 );
#8660 = COLOUR_RGB( '', 0.699999988079071, 0.699999988079071, 0.699999988079071 );
#8661 = CARTESIAN_POINT( '', ( 0.185006835439542, -0.255717513558197, 9.74000000000000 ) );
#8662 = VECTOR( '', #9781, 1000.00000000000 );
#8663 = CARTESIAN_POINT( '', ( -3.03541563377235E-015, -0.0707106781186531, 9.74200000000000 ) );
#8664 = VECTOR( '', #9782, 1000.00000000000 );
#8665 = COLOUR_RGB( '', 0.699999988079071, 0.699999988079071, 0.699999988079071 );
#8666 = CARTESIAN_POINT( '', ( 4.72500000000007, 0.000000000000000, 1.80104348142333 ) );
#8667 = AXIS2_PLACEMENT_3D( '', #9783, #9784, #9785 );
#8668 = CARTESIAN_POINT( '', ( -4.45000000000000, 0.000000000000000, 2.10000000000000 ) );
#8669 = AXIS2_PLACEMENT_3D( '', #9786, #9787, #9788 );
#8670 = COLOUR_RGB( '', 0.119999997317791, 0.119999997317791, 0.119999997317791 );
#8671 = CARTESIAN_POINT( '', ( 0.650000000000000, 2.40000000000000, 0.300000000000000 ) );
#8672 = AXIS2_PLACEMENT_3D( '', #9789, #9790, #9791 );
#8673 = CARTESIAN_POINT( '', ( 0.650000000000000, 2.40000000000000, 0.300000000000000 ) );
#8674 = VECTOR( '', #9792, 1000.00000000000 );
#8675 = COLOUR_RGB( '', 0.119999997317791, 0.119999997317791, 0.119999997317791 );
#8676 = COLOUR_RGB( '', 0.899999976158142, 0.000000000000000, 0.000000000000000 );
#8677 = CARTESIAN_POINT( '', ( 2.24756482095379, -0.352303505636687, 9.75000000000000 ) );
#8678 = CARTESIAN_POINT( '', ( 2.24756482095379, -0.352303505636687, 9.75000000000000 ) );
#8679 = CARTESIAN_POINT( '', ( 2.10557125182195, -0.352303505636687, 9.75000000000000 ) );
#8680 = CARTESIAN_POINT( '', ( 2.24756482095379, -0.352303505636687, 9.74000000000000 ) );
#8681 = VECTOR( '', #9793, 1000.00000000000 );
#8682 = COLOUR_RGB( '', 0.899999976158142, 0.000000000000000, 0.000000000000000 );
#8683 = CARTESIAN_POINT( '', ( -1.33545768708479, 0.635477844845627, 9.75000000000000 ) );
#8684 = CARTESIAN_POINT( '', ( -1.33545768708479, 0.635477844845627, 9.75000000000000 ) );
#8685 = CARTESIAN_POINT( '', ( -1.33545768708479, 0.306217394684855, 9.75000000000000 ) );
#8686 = CARTESIAN_POINT( '', ( -1.33545768708479, -0.0230430554759159, 9.75000000000000 ) );
#8687 = CARTESIAN_POINT( '', ( -1.33545768708479, -0.352303505636688, 9.75000000000000 ) );
#8688 = CARTESIAN_POINT( '', ( -1.33545768708479, 0.635477844845627, 9.74000000000000 ) );
#8689 = CARTESIAN_POINT( '', ( -1.33545768708479, 0.635477844845627, 9.74000000000000 ) );
#8690 = VECTOR( '', #9794, 1000.00000000000 );
#8691 = CARTESIAN_POINT( '', ( -1.33545768708479, 0.635477844845627, 9.74000000000000 ) );
#8692 = CARTESIAN_POINT( '', ( -1.33545768708479, 0.306217394684855, 9.74000000000000 ) );
#8693 = CARTESIAN_POINT( '', ( -1.33545768708479, -0.0230430554759159, 9.74000000000000 ) );
#8694 = CARTESIAN_POINT( '', ( -1.33545768708479, -0.352303505636688, 9.74000000000000 ) );
#8695 = COLOUR_RGB( '', 0.899999976158142, 0.000000000000000, 0.000000000000000 );
#8696 = CARTESIAN_POINT( '', ( 1.15483170198273, 0.330654693720226, 9.75000000000000 ) );
#8697 = CARTESIAN_POINT( '', ( 1.15483170198273, 0.330654693720226, 9.75000000000000 ) );
#8698 = CARTESIAN_POINT( '', ( 1.12087671805990, 0.350719002401898, 9.75000000000000 ) );
#8699 = CARTESIAN_POINT( '', ( 1.08615002995701, 0.360751156742734, 9.75000000000000 ) );
#8700 = CARTESIAN_POINT( '', ( 1.02209858301167, 0.360751156742734, 9.75000000000000 ) );
#8701 = CARTESIAN_POINT( '', ( 0.994317232529353, 0.350719002401898, 9.75000000000000 ) );
#8702 = CARTESIAN_POINT( '', ( 0.970394402947359, 0.332198102080355, 9.75000000000000 ) );
#8703 = CARTESIAN_POINT( '', ( 0.945989069971063, 0.313303650743869, 9.75000000000000 ) );
#8704 = CARTESIAN_POINT( '', ( 0.928722377223886, 0.287439259636624, 9.75000000000000 ) );
#8705 = CARTESIAN_POINT( '', ( 0.917918518702986, 0.254255979893859, 9.75000000000000 ) );
#8706 = CARTESIAN_POINT( '', ( 0.901445936371364, 0.203661619875306, 9.75000000000000 ) );
#8707 = CARTESIAN_POINT( '', ( 0.893995689120993, 0.147760803044984, 9.75000000000000 ) );
#8708 = CARTESIAN_POINT( '', ( 0.893995689120993, 0.0875678769999685, 9.75000000000000 ) );
#8709 = CARTESIAN_POINT( '', ( 0.893995689120993, -0.0590559172122499, 9.75000000000000 ) );
#8710 = CARTESIAN_POINT( '', ( 0.893995689120993, -0.205679711424469, 9.75000000000000 ) );
#8711 = CARTESIAN_POINT( '', ( 0.893995689120993, -0.352303505636687, 9.75000000000000 ) );
#8712 = CARTESIAN_POINT( '', ( 1.15483170198273, 0.330654693720226, 9.74000000000000 ) );
#8713 = VECTOR( '', #9795, 1000.00000000000 );
#8714 = COLOUR_RGB( '', 0.899999976158142, 0.000000000000000, 0.000000000000000 );
#8715 = CARTESIAN_POINT( '', ( -1.28878618714893, 1.75634749060501, 9.75000000000000 ) );
#8716 = CARTESIAN_POINT( '', ( -1.38084327264021, 3.52179173964186, 9.75000000000000 ) );
#8717 = CARTESIAN_POINT( '', ( -1.28878618714893, 1.75634749060501, 9.75000000000000 ) );
#8718 = VECTOR( '', #9796, 1000.00000000000 );
#8719 = CARTESIAN_POINT( '', ( -1.28878618714892, 1.75634749060501, 9.74000000000000 ) );
#8720 = CARTESIAN_POINT( '', ( -1.28878618714892, 1.75634749060501, 9.74000000000000 ) );
#8721 = VECTOR( '', #9797, 1000.00000000000 );
#8722 = CARTESIAN_POINT( '', ( -1.38084327264021, 3.52179173964186, 9.74000000000000 ) );
#8723 = CARTESIAN_POINT( '', ( -1.28878618714893, 1.75634749060501, 9.74000000000000 ) );
#8724 = VECTOR( '', #9798, 1000.00000000000 );
#8725 = CARTESIAN_POINT( '', ( -1.38084327264021, 3.52179173964186, 9.74000000000000 ) );
#8726 = VECTOR( '', #9799, 1000.00000000000 );
#8727 = COLOUR_RGB( '', 0.119999997317791, 0.119999997317791, 0.119999997317791 );
#8728 = CARTESIAN_POINT( '', ( 1.22500000000000, 0.000000000000000, 0.300000000000000 ) );
#8729 = AXIS2_PLACEMENT_3D( '', #9800, #9801, #9802 );
#8730 = COLOUR_RGB( '', 0.119999997317791, 0.119999997317791, 0.119999997317791 );
#8731 = CARTESIAN_POINT( '', ( 2.48875000000000, 0.426319642404615, 0.450000000000000 ) );
#8732 = VECTOR( '', #9803, 1000.00000000000 );
#8733 = COLOUR_RGB( '', 0.899999976158142, 0.000000000000000, 0.000000000000000 );
#8734 = CARTESIAN_POINT( '', ( 3.92293459587340, 0.385445690504792, 9.75000000000000 ) );
#8735 = CARTESIAN_POINT( '', ( 3.92293459587340, 0.488854050633410, 9.75000000000000 ) );
#8736 = CARTESIAN_POINT( '', ( 3.92293459587340, 0.385445690504792, 9.75000000000000 ) );
#8737 = CARTESIAN_POINT( '', ( 3.92293459587340, 0.419915143880998, 9.75000000000000 ) );
#8738 = CARTESIAN_POINT( '', ( 3.92293459587340, 0.454384597257204, 9.75000000000000 ) );
#8739 = CARTESIAN_POINT( '', ( 3.92293459587340, 0.488854050633410, 9.75000000000000 ) );
#8740 = CARTESIAN_POINT( '', ( 3.92293459587340, 0.385445690504792, 9.74000000000000 ) );
#8741 = CARTESIAN_POINT( '', ( 3.92293459587340, 0.385445690504792, 9.74000000000000 ) );
#8742 = VECTOR( '', #9804, 1000.00000000000 );
#8743 = CARTESIAN_POINT( '', ( 3.92293459587340, 0.488854050633410, 9.74000000000000 ) );
#8744 = CARTESIAN_POINT( '', ( 3.92293459587340, 0.385445690504792, 9.74000000000000 ) );
#8745 = CARTESIAN_POINT( '', ( 3.92293459587340, 0.419915143880998, 9.74000000000000 ) );
#8746 = CARTESIAN_POINT( '', ( 3.92293459587340, 0.454384597257204, 9.74000000000000 ) );
#8747 = CARTESIAN_POINT( '', ( 3.92293459587340, 0.488854050633410, 9.74000000000000 ) );
#8748 = CARTESIAN_POINT( '', ( 3.92293459587340, 0.488854050633410, 9.74000000000000 ) );
#8749 = VECTOR( '', #9805, 1000.00000000000 );
#8750 = COLOUR_RGB( '', 0.699999988079071, 0.699999988079071, 0.699999988079071 );
#8751 = CARTESIAN_POINT( '', ( -5.00000000000000, 0.000000000000000, 1.50208696284493 ) );
#8752 = AXIS2_PLACEMENT_3D( '', #9806, #9807, #9808 );
#8753 = COLOUR_RGB( '', 0.899999976158142, 0.000000000000000, 0.000000000000000 );
#8754 = CARTESIAN_POINT( '', ( 2.46209858301167, 0.488854050633410, 9.75000000000000 ) );
#8755 = CARTESIAN_POINT( '', ( 2.46209858301167, -0.352303505636687, 9.75000000000000 ) );
#8756 = CARTESIAN_POINT( '', ( 2.46209858301167, -0.0719176535466550, 9.75000000000000 ) );
#8757 = CARTESIAN_POINT( '', ( 2.46209858301167, 0.208468198543378, 9.75000000000000 ) );
#8758 = CARTESIAN_POINT( '', ( 2.46209858301167, 0.488854050633410, 9.75000000000000 ) );
#8759 = CARTESIAN_POINT( '', ( 2.46209858301167, 0.488854050633410, 9.74000000000000 ) );
#8760 = CARTESIAN_POINT( '', ( 2.46209858301167, -0.352303505636687, 9.74000000000000 ) );
#8761 = CARTESIAN_POINT( '', ( 2.46209858301167, -0.0719176535466550, 9.74000000000000 ) );
#8762 = CARTESIAN_POINT( '', ( 2.46209858301167, 0.208468198543378, 9.74000000000000 ) );
#8763 = CARTESIAN_POINT( '', ( 2.46209858301167, 0.488854050633410, 9.74000000000000 ) );
#8764 = CARTESIAN_POINT( '', ( 2.46209858301167, 0.488854050633410, 9.74000000000000 ) );
#8765 = VECTOR( '', #9809, 1000.00000000000 );
#8766 = COLOUR_RGB( '', 0.899999976158142, 0.000000000000000, 0.000000000000000 );
#8767 = CARTESIAN_POINT( '', ( -0.871779900627658, 1.75634749060500, 9.75000000000000 ) );
#8768 = CARTESIAN_POINT( '', ( -0.671415533870502, 2.05960240670318, 9.75000000000000 ) );
#8769 = VECTOR( '', #9810, 1000.00000000000 );
#8770 = CARTESIAN_POINT( '', ( -0.871779900627658, 1.75634749060500, 9.74000000000000 ) );
#8771 = CARTESIAN_POINT( '', ( -0.671415533870502, 2.05960240670318, 9.74000000000000 ) );
#8772 = VECTOR( '', #9811, 1000.00000000000 );
#8773 = CARTESIAN_POINT( '', ( -0.871779900627658, 1.75634749060500, 9.74000000000000 ) );
#8774 = VECTOR( '', #9812, 1000.00000000000 );
#8775 = COLOUR_RGB( '', 0.119999997317791, 0.119999997317791, 0.119999997317791 );
#8776 = CARTESIAN_POINT( '', ( 1.22500000000000, 0.000000000000000, 0.200000000000000 ) );
#8777 = AXIS2_PLACEMENT_3D( '', #9813, #9814, #9815 );
#8778 = COLOUR_RGB( '', 0.899999976158142, 0.000000000000000, 0.000000000000000 );
#8779 = CARTESIAN_POINT( '', ( 1.46149105463698, 2.18692296417033, 9.75000000000000 ) );
#8780 = CARTESIAN_POINT( '', ( 1.46149105463698, 2.18692296417034, 9.75000000000000 ) );
#8781 = VECTOR( '', #9816, 1000.00000000000 );
#8782 = CARTESIAN_POINT( '', ( 1.46149105463698, 2.18692296417033, 9.74000000000000 ) );
#8783 = VECTOR( '', #9817, 1000.00000000000 );
#8784 = COLOUR_RGB( '', 0.699999988079071, 0.699999988079071, 0.699999988079071 );
#8785 = CARTESIAN_POINT( '', ( 2.51022907321224, -2.43951839509359, 9.75000000000000 ) );
#8786 = CARTESIAN_POINT( '', ( 2.51022907321224, -2.43951839509359, 9.75000000000000 ) );
#8787 = VECTOR( '', #9818, 1000.00000000000 );
#8788 = CARTESIAN_POINT( '', ( 2.51022907321224, -2.43951839509359, 9.74200000000000 ) );
#8789 = CARTESIAN_POINT( '', ( 2.51022907321224, -2.43951839509359, 9.74200000000000 ) );
#8790 = VECTOR( '', #9819, 1000.00000000000 );
#8791 = CARTESIAN_POINT( '', ( 2.51022907321224, -2.43951839509359, 9.74200000000000 ) );
#8792 = VECTOR( '', #9820, 1000.00000000000 );
#8793 = COLOUR_RGB( '', 0.899999976158142, 0.000000000000000, 0.000000000000000 );
#8794 = CARTESIAN_POINT( '', ( 3.92293459587340, 0.488854050633410, 9.75000000000000 ) );
#8795 = CARTESIAN_POINT( '', ( 3.96563556050363, 0.488854050633410, 9.75000000000000 ) );
#8796 = CARTESIAN_POINT( '', ( 4.00833652513386, 0.488854050633410, 9.75000000000000 ) );
#8797 = CARTESIAN_POINT( '', ( 4.05103748976408, 0.488854050633410, 9.75000000000000 ) );
#8798 = CARTESIAN_POINT( '', ( 3.92293459587340, 0.488854050633410, 9.74000000000000 ) );
#8799 = CARTESIAN_POINT( '', ( 3.96563556050363, 0.488854050633410, 9.74000000000000 ) );
#8800 = CARTESIAN_POINT( '', ( 4.00833652513386, 0.488854050633410, 9.74000000000000 ) );
#8801 = CARTESIAN_POINT( '', ( 4.05103748976408, 0.488854050633410, 9.74000000000000 ) );
#8802 = COLOUR_RGB( '', 0.119999997317791, 0.119999997317791, 0.119999997317791 );
#8803 = CARTESIAN_POINT( '', ( -5.15000000000000, 4.35000000000000, 0.600000000000000 ) );
#8804 = VECTOR( '', #9821, 1000.00000000000 );
#8805 = COLOUR_RGB( '', 0.119999997317791, 0.119999997317791, 0.119999997317791 );
#8806 = CARTESIAN_POINT( '', ( 0.600000000000001, -2.40000000000000, 0.300000000000000 ) );
#8807 = AXIS2_PLACEMENT_3D( '', #9822, #9823, #9824 );
#8808 = CARTESIAN_POINT( '', ( 0.650000000000000, -2.40000000000000, 0.300000000000000 ) );
#8809 = AXIS2_PLACEMENT_3D( '', #9825, #9826, #9827 );
#8810 = CARTESIAN_POINT( '', ( 0.650000000000000, -5.15000000000000, 0.300000000000000 ) );
#8811 = VECTOR( '', #9828, 1000.00000000000 );
#8812 = COLOUR_RGB( '', 0.899999976158142, 0.000000000000000, 0.000000000000000 );
#8813 = CARTESIAN_POINT( '', ( 2.24756482095379, 0.643966590826336, 9.75000000000000 ) );
#8814 = CARTESIAN_POINT( '', ( 2.24756482095379, 0.806796172819905, 9.75000000000000 ) );
#8815 = CARTESIAN_POINT( '', ( 2.24756482095379, 0.643966590826336, 9.75000000000000 ) );
#8816 = CARTESIAN_POINT( '', ( 2.24756482095379, 0.643966590826336, 9.74000000000000 ) );
#8817 = VECTOR( '', #9829, 1000.00000000000 );
#8818 = COLOUR_RGB( '', 0.699999988079071, 0.699999988079071, 0.699999988079071 );
#8819 = CARTESIAN_POINT( '', ( 2.43951839509359, -2.51022907321225, 9.74200000000000 ) );
#8820 = VECTOR( '', #9830, 1000.00000000000 );
#8821 = COLOUR_RGB( '', 0.899999976158142, 0.000000000000000, 0.000000000000000 );
#8822 = CARTESIAN_POINT( '', ( 3.47688957979623, -0.439506077983953, 9.75000000000000 ) );
#8823 = CARTESIAN_POINT( '', ( 3.33798282738466, -0.420985177662410, 9.75000000000000 ) );
#8824 = CARTESIAN_POINT( '', ( 3.38428507818852, -0.427158811102925, 9.75000000000000 ) );
#8825 = CARTESIAN_POINT( '', ( 3.43058732899238, -0.433332444543439, 9.75000000000000 ) );
#8826 = CARTESIAN_POINT( '', ( 3.47688957979623, -0.439506077983953, 9.75000000000000 ) );
#8827 = CARTESIAN_POINT( '', ( 3.47688957979623, -0.439506077983953, 9.74000000000000 ) );
#8828 = CARTESIAN_POINT( '', ( 3.33798282738466, -0.420985177662410, 9.74000000000000 ) );
#8829 = CARTESIAN_POINT( '', ( 3.38428507818852, -0.427158811102925, 9.74000000000000 ) );
#8830 = CARTESIAN_POINT( '', ( 3.43058732899238, -0.433332444543439, 9.74000000000000 ) );
#8831 = CARTESIAN_POINT( '', ( 3.47688957979623, -0.439506077983953, 9.74000000000000 ) );
#8832 = CARTESIAN_POINT( '', ( 3.47688957979623, -0.439506077983953, 9.74000000000000 ) );
#8833 = VECTOR( '', #9831, 1000.00000000000 );
#8834 = COLOUR_RGB( '', 0.899999976158142, 0.000000000000000, 0.000000000000000 );
#8835 = CARTESIAN_POINT( '', ( -1.48208148129701, 0.806796172819904, 9.75000000000000 ) );
#8836 = CARTESIAN_POINT( '', ( -1.25365704399798, 0.806796172819904, 9.75000000000000 ) );
#8837 = CARTESIAN_POINT( '', ( -1.48208148129701, 0.806796172819904, 9.75000000000000 ) );
#8838 = CARTESIAN_POINT( '', ( -1.40594000219734, 0.806796172819904, 9.75000000000000 ) );
#8839 = CARTESIAN_POINT( '', ( -1.32979852309766, 0.806796172819903, 9.75000000000000 ) );
#8840 = CARTESIAN_POINT( '', ( -1.25365704399798, 0.806796172819904, 9.75000000000000 ) );
#8841 = CARTESIAN_POINT( '', ( -1.48208148129701, 0.806796172819904, 9.74000000000000 ) );
#8842 = CARTESIAN_POINT( '', ( -1.48208148129701, 0.806796172819904, 9.74000000000000 ) );
#8843 = VECTOR( '', #9832, 1000.00000000000 );
#8844 = CARTESIAN_POINT( '', ( -1.25365704399798, 0.806796172819904, 9.74000000000000 ) );
#8845 = CARTESIAN_POINT( '', ( -1.48208148129701, 0.806796172819904, 9.74000000000000 ) );
#8846 = CARTESIAN_POINT( '', ( -1.40594000219734, 0.806796172819904, 9.74000000000000 ) );
#8847 = CARTESIAN_POINT( '', ( -1.32979852309766, 0.806796172819903, 9.74000000000000 ) );
#8848 = CARTESIAN_POINT( '', ( -1.25365704399798, 0.806796172819904, 9.74000000000000 ) );
#8849 = CARTESIAN_POINT( '', ( -1.25365704399798, 0.806796172819904, 9.74000000000000 ) );
#8850 = VECTOR( '', #9833, 1000.00000000000 );
#8851 = COLOUR_RGB( '', 0.899999976158142, 0.000000000000000, 0.000000000000000 );
#8852 = CARTESIAN_POINT( '', ( -0.893446828327368, 2.60584425692755, 9.75000000000000 ) );
#8853 = CARTESIAN_POINT( '', ( -0.893446828327367, 2.60584425692756, 9.75000000000000 ) );
#8854 = VECTOR( '', #9834, 1000.00000000000 );
#8855 = CARTESIAN_POINT( '', ( -0.893446828327368, 2.60584425692755, 9.74000000000000 ) );
#8856 = CARTESIAN_POINT( '', ( -0.893446828327368, 2.60584425692755, 9.74000000000000 ) );
#8857 = VECTOR( '', #9835, 1000.00000000000 );
#8858 = CARTESIAN_POINT( '', ( -0.893446828327367, 2.60584425692756, 9.74000000000000 ) );
#8859 = VECTOR( '', #9836, 1000.00000000000 );
#8860 = COLOUR_RGB( '', 0.899999976158142, 0.000000000000000, 0.000000000000000 );
#8861 = CARTESIAN_POINT( '', ( 3.90981562481231, -0.243493216247618, 9.75000000000000 ) );
#8862 = CARTESIAN_POINT( '', ( 3.90981562481231, -0.243493216247618, 9.75000000000000 ) );
#8863 = CARTESIAN_POINT( '', ( 3.84653588204704, -0.316805113353729, 9.75000000000000 ) );
#8864 = CARTESIAN_POINT( '', ( 3.76859375986054, -0.352303505636687, 9.75000000000000 ) );
#8865 = CARTESIAN_POINT( '', ( 3.55946192706311, -0.352303505636687, 9.75000000000000 ) );
#8866 = CARTESIAN_POINT( '', ( 3.46994424217566, -0.311403184093278, 9.75000000000000 ) );
#8867 = CARTESIAN_POINT( '', ( 3.40589279523032, -0.227287428466269, 9.75000000000000 ) );
#8868 = CARTESIAN_POINT( '', ( 3.34249653623456, -0.144032100387496, 9.75000000000000 ) );
#8869 = CARTESIAN_POINT( '', ( 3.31097318108241, -0.0443935377910269, 9.75000000000000 ) );
#8870 = CARTESIAN_POINT( '', ( 3.31097318108241, 0.152391028125371, 9.75000000000000 ) );
#8871 = CARTESIAN_POINT( '', ( 3.32486385632357, 0.226474629411545, 9.75000000000000 ) );
#8872 = CARTESIAN_POINT( '', ( 3.38351337400846, 0.362294565102863, 9.75000000000000 ) );
#8873 = CARTESIAN_POINT( '', ( 3.42595710391199, 0.414770449347236, 9.75000000000000 ) );
#8874 = CARTESIAN_POINT( '', ( 3.53708250584125, 0.488854050633410, 9.75000000000000 ) );
#8875 = CARTESIAN_POINT( '', ( 3.60190565696665, 0.507374950954954, 9.75000000000000 ) );
#8876 = CARTESIAN_POINT( '', ( 3.77631080166119, 0.507374950954954, 9.75000000000000 ) );
#8877 = CARTESIAN_POINT( '', ( 3.85811144474800, 0.466474629411545, 9.75000000000000 ) );
#8878 = CARTESIAN_POINT( '', ( 3.92293459587340, 0.385445690504792, 9.75000000000000 ) );
#8879 = CARTESIAN_POINT( '', ( 3.90981562481231, -0.243493216247618, 9.74000000000000 ) );
#8880 = CARTESIAN_POINT( '', ( 3.90981562481231, -0.243493216247618, 9.74000000000000 ) );
#8881 = VECTOR( '', #9837, 1000.00000000000 );
#8882 = CARTESIAN_POINT( '', ( 3.90981562481231, -0.243493216247618, 9.74000000000000 ) );
#8883 = CARTESIAN_POINT( '', ( 3.84653588204704, -0.316805113353729, 9.74000000000000 ) );
#8884 = CARTESIAN_POINT( '', ( 3.76859375986054, -0.352303505636687, 9.74000000000000 ) );
#8885 = CARTESIAN_POINT( '', ( 3.55946192706311, -0.352303505636687, 9.74000000000000 ) );
#8886 = CARTESIAN_POINT( '', ( 3.46994424217566, -0.311403184093278, 9.74000000000000 ) );
#8887 = CARTESIAN_POINT( '', ( 3.40589279523032, -0.227287428466269, 9.74000000000000 ) );
#8888 = CARTESIAN_POINT( '', ( 3.34249653623456, -0.144032100387496, 9.74000000000000 ) );
#8889 = CARTESIAN_POINT( '', ( 3.31097318108241, -0.0443935377910269, 9.74000000000000 ) );
#8890 = CARTESIAN_POINT( '', ( 3.31097318108241, 0.152391028125371, 9.74000000000000 ) );
#8891 = CARTESIAN_POINT( '', ( 3.32486385632357, 0.226474629411545, 9.74000000000000 ) );
#8892 = CARTESIAN_POINT( '', ( 3.38351337400846, 0.362294565102863, 9.74000000000000 ) );
#8893 = CARTESIAN_POINT( '', ( 3.42595710391199, 0.414770449347236, 9.74000000000000 ) );
#8894 = CARTESIAN_POINT( '', ( 3.53708250584125, 0.488854050633410, 9.74000000000000 ) );
#8895 = CARTESIAN_POINT( '', ( 3.60190565696665, 0.507374950954954, 9.74000000000000 ) );
#8896 = CARTESIAN_POINT( '', ( 3.77631080166119, 0.507374950954954, 9.74000000000000 ) );
#8897 = CARTESIAN_POINT( '', ( 3.85811144474800, 0.466474629411545, 9.74000000000000 ) );
#8898 = CARTESIAN_POINT( '', ( 3.92293459587340, 0.385445690504792, 9.74000000000000 ) );
#8899 = COLOUR_RGB( '', 0.899999976158142, 0.000000000000000, 0.000000000000000 );
#8900 = CARTESIAN_POINT( '', ( 3.00383491741681, -0.352303505636687, 9.75000000000000 ) );
#8901 = CARTESIAN_POINT( '', ( 3.14582848654864, -0.352303505636687, 9.75000000000000 ) );
#8902 = CARTESIAN_POINT( '', ( 3.09849729683804, -0.352303505636687, 9.75000000000000 ) );
#8903 = CARTESIAN_POINT( '', ( 3.05116610712743, -0.352303505636687, 9.75000000000000 ) );
#8904 = CARTESIAN_POINT( '', ( 3.00383491741681, -0.352303505636687, 9.75000000000000 ) );
#8905 = CARTESIAN_POINT( '', ( 3.00383491741681, -0.352303505636687, 9.74000000000000 ) );
#8906 = CARTESIAN_POINT( '', ( 3.14582848654864, -0.352303505636687, 9.74000000000000 ) );
#8907 = CARTESIAN_POINT( '', ( 3.09849729683804, -0.352303505636687, 9.74000000000000 ) );
#8908 = CARTESIAN_POINT( '', ( 3.05116610712743, -0.352303505636687, 9.74000000000000 ) );
#8909 = CARTESIAN_POINT( '', ( 3.00383491741681, -0.352303505636687, 9.74000000000000 ) );
#8910 = CARTESIAN_POINT( '', ( 3.00383491741681, -0.352303505636687, 9.74000000000000 ) );
#8911 = VECTOR( '', #9838, 1000.00000000000 );
#8912 = COLOUR_RGB( '', 0.899999976158142, 0.000000000000000, 0.000000000000000 );
#8913 = CARTESIAN_POINT( '', ( -0.871779900627659, 1.75634749060501, 9.75000000000000 ) );
#8914 = VECTOR( '', #9839, 1000.00000000000 );
#8915 = CARTESIAN_POINT( '', ( -0.871779900627659, 1.75634749060501, 9.74000000000000 ) );
#8916 = VECTOR( '', #9840, 1000.00000000000 );
#8917 = COLOUR_RGB( '', 0.699999988079071, 0.699999988079071, 0.699999988079071 );
#8918 = CARTESIAN_POINT( '', ( -2.90000000000000, 0.475000000000000, 0.700000000000000 ) );
#8919 = CARTESIAN_POINT( '', ( -2.90000000000000, -0.475000000000000, 0.700000000000000 ) );
#8920 = VECTOR( '', #9841, 1000.00000000000 );
#8921 = CARTESIAN_POINT( '', ( -2.90000000000000, 0.475000000000000, -0.400000000000000 ) );
#8922 = VECTOR( '', #9842, 1000.00000000000 );
#8923 = COLOUR_RGB( '', 0.899999976158142, 0.000000000000000, 0.000000000000000 );
#8924 = CARTESIAN_POINT( '', ( 2.10557125182195, 0.643966590826335, 9.75000000000000 ) );
#8925 = CARTESIAN_POINT( '', ( 2.10557125182195, 0.643966590826335, 9.75000000000000 ) );
#8926 = CARTESIAN_POINT( '', ( 2.10557125182195, 0.806796172819904, 9.75000000000000 ) );
#8927 = CARTESIAN_POINT( '', ( 2.10557125182195, 0.643966590826335, 9.74000000000000 ) );
#8928 = VECTOR( '', #9843, 1000.00000000000 );
#8929 = COLOUR_RGB( '', 0.119999997317791, 0.119999997317791, 0.119999997317791 );
#8930 = COLOUR_RGB( '', 0.899999976158142, 0.000000000000000, 0.000000000000000 );
#8931 = CARTESIAN_POINT( '', ( 0.985858220059971, 3.52179173964186, 9.75000000000000 ) );
#8932 = CARTESIAN_POINT( '', ( 0.985858220059971, 3.52179173964186, 9.75000000000000 ) );
#8933 = VECTOR( '', #9844, 1000.00000000000 );
#8934 = CARTESIAN_POINT( '', ( 0.985858220059971, 3.52179173964186, 9.74000000000000 ) );
#8935 = VECTOR( '', #9845, 1000.00000000000 );
#8936 = COLOUR_RGB( '', 0.699999988079071, 0.699999988079071, 0.699999988079071 );
#8937 = CARTESIAN_POINT( '', ( -2.43951839509359, -2.51022907321225, 9.75000000000000 ) );
#8938 = VECTOR( '', #9846, 1000.00000000000 );
#8939 = COLOUR_RGB( '', 0.699999988079071, 0.699999988079071, 0.699999988079071 );
#8940 = CARTESIAN_POINT( '', ( 3.50000000000000, 0.000000000000000, 0.200000000000000 ) );
#8941 = AXIS2_PLACEMENT_3D( '', #9847, #9848, #9849 );
#8942 = COLOUR_RGB( '', 0.699999988079071, 0.699999988079071, 0.699999988079071 );
#8943 = COLOUR_RGB( '', 0.899999976158142, 0.000000000000000, 0.000000000000000 );
#8944 = CARTESIAN_POINT( '', ( 1.98844605634067, 3.08257138078225, 9.75000000000000 ) );
#8945 = CARTESIAN_POINT( '', ( 1.24673678387734, 3.08257138078225, 9.75000000000000 ) );
#8946 = VECTOR( '', #9850, 1000.00000000000 );
#8947 = CARTESIAN_POINT( '', ( 1.98844605634067, 3.08257138078225, 9.74000000000000 ) );
#8948 = VECTOR( '', #9851, 1000.00000000000 );
#8949 = COLOUR_RGB( '', 0.119999997317791, 0.119999997317791, 0.119999997317791 );
#8950 = CARTESIAN_POINT( '', ( -3.00000000000000, 3.50000000000000, -0.0500000000000000 ) );
#8951 = AXIS2_PLACEMENT_3D( '', #9852, #9853, #9854 );
#8952 = COLOUR_RGB( '', 0.699999988079071, 0.699999988079071, 0.699999988079071 );
#8953 = CARTESIAN_POINT( '', ( 0.287538528621360, -0.216827841312880, 9.75000000000000 ) );
#8954 = CARTESIAN_POINT( '', ( 0.287538522993276, -0.216827844874628, 9.74000000000000 ) );
#8955 = VECTOR( '', #9855, 1000.00000000000 );
#8956 = CARTESIAN_POINT( '', ( 2.51022907321224, -2.43951839509359, 9.75000000000000 ) );
#8957 = VECTOR( '', #9856, 1000.00000000000 );
#8958 = COLOUR_RGB( '', 0.699999988079071, 0.699999988079071, 0.699999988079071 );
#8959 = CARTESIAN_POINT( '', ( -1.12757025938492E-014, 0.0707106781186577, 9.75000000000000 ) );
#8960 = VECTOR( '', #9857, 1000.00000000000 );
#8961 = COLOUR_RGB( '', 0.899999976158142, 0.000000000000000, 0.000000000000000 );
#8962 = CARTESIAN_POINT( '', ( -1.48208148129701, -0.352303505636688, 9.75000000000000 ) );
#8963 = CARTESIAN_POINT( '', ( -1.48208148129701, 0.0340630538488420, 9.75000000000000 ) );
#8964 = CARTESIAN_POINT( '', ( -1.48208148129701, 0.420429613334373, 9.75000000000000 ) );
#8965 = CARTESIAN_POINT( '', ( -1.48208148129701, 0.806796172819904, 9.75000000000000 ) );
#8966 = CARTESIAN_POINT( '', ( -1.48208148129701, -0.352303505636688, 9.74000000000000 ) );
#8967 = CARTESIAN_POINT( '', ( -1.48208148129701, 0.0340630538488420, 9.74000000000000 ) );
#8968 = CARTESIAN_POINT( '', ( -1.48208148129701, 0.420429613334373, 9.74000000000000 ) );
#8969 = CARTESIAN_POINT( '', ( -1.48208148129701, 0.806796172819904, 9.74000000000000 ) );
#8970 = COLOUR_RGB( '', 0.899999976158142, 0.000000000000000, 0.000000000000000 );
#8971 = CARTESIAN_POINT( '', ( 3.47688957979623, -0.439506077983953, 9.75000000000000 ) );
#8972 = CARTESIAN_POINT( '', ( 3.48229150905668, -0.483493216247619, 9.75000000000000 ) );
#8973 = CARTESIAN_POINT( '', ( 3.49849729683803, -0.515133087630256, 9.75000000000000 ) );
#8974 = CARTESIAN_POINT( '', ( 3.52550694314029, -0.535197396311928, 9.75000000000000 ) );
#8975 = CARTESIAN_POINT( '', ( 3.56131141903806, -0.561795006978848, 9.75000000000000 ) );
#8976 = CARTESIAN_POINT( '', ( 3.60962269876730, -0.576097717855336, 9.75000000000000 ) );
#8977 = CARTESIAN_POINT( '', ( 3.73849729683803, -0.576097717855336, 9.75000000000000 ) );
#8978 = CARTESIAN_POINT( '', ( 3.78942977272228, -0.562978746794242, 9.75000000000000 ) );
#8979 = CARTESIAN_POINT( '', ( 3.86196996564833, -0.510502862549870, 9.75000000000000 ) );
#8980 = CARTESIAN_POINT( '', ( 3.88666449941038, -0.473461061906783, 9.75000000000000 ) );
#8981 = CARTESIAN_POINT( '', ( 3.89901176629141, -0.426387106922860, 9.75000000000000 ) );
#8982 = CARTESIAN_POINT( '', ( 3.90670513499425, -0.397056138743288, 9.75000000000000 ) );
#8983 = CARTESIAN_POINT( '', ( 3.90981562481231, -0.336869422035400, 9.75000000000000 ) );
#8984 = CARTESIAN_POINT( '', ( 3.90981562481231, -0.243493216247618, 9.75000000000000 ) );
#8985 = CARTESIAN_POINT( '', ( 3.47688957979623, -0.439506077983953, 9.74000000000000 ) );
#8986 = CARTESIAN_POINT( '', ( 3.48229150905668, -0.483493216247619, 9.74000000000000 ) );
#8987 = CARTESIAN_POINT( '', ( 3.49849729683803, -0.515133087630256, 9.74000000000000 ) );
#8988 = CARTESIAN_POINT( '', ( 3.52550694314029, -0.535197396311928, 9.74000000000000 ) );
#8989 = CARTESIAN_POINT( '', ( 3.56131141903806, -0.561795006978848, 9.74000000000000 ) );
#8990 = CARTESIAN_POINT( '', ( 3.60962269876730, -0.576097717855336, 9.74000000000000 ) );
#8991 = CARTESIAN_POINT( '', ( 3.73849729683803, -0.576097717855336, 9.74000000000000 ) );
#8992 = CARTESIAN_POINT( '', ( 3.78942977272228, -0.562978746794242, 9.74000000000000 ) );
#8993 = CARTESIAN_POINT( '', ( 3.86196996564833, -0.510502862549870, 9.74000000000000 ) );
#8994 = CARTESIAN_POINT( '', ( 3.88666449941038, -0.473461061906783, 9.74000000000000 ) );
#8995 = CARTESIAN_POINT( '', ( 3.89901176629141, -0.426387106922860, 9.74000000000000 ) );
#8996 = CARTESIAN_POINT( '', ( 3.90670513499425, -0.397056138743288, 9.74000000000000 ) );
#8997 = CARTESIAN_POINT( '', ( 3.90981562481231, -0.336869422035400, 9.74000000000000 ) );
#8998 = CARTESIAN_POINT( '', ( 3.90981562481231, -0.243493216247618, 9.74000000000000 ) );
#8999 = COLOUR_RGB( '', 0.899999976158142, 0.000000000000000, 0.000000000000000 );
#9000 = CARTESIAN_POINT( '', ( -0.936780683726533, 3.52179173964186, 9.75000000000000 ) );
#9001 = CARTESIAN_POINT( '', ( -1.38084327264021, 3.52179173964186, 9.75000000000000 ) );
#9002 = VECTOR( '', #9858, 1000.00000000000 );
#9003 = CARTESIAN_POINT( '', ( -0.936780683726533, 3.52179173964186, 9.74000000000000 ) );
#9004 = CARTESIAN_POINT( '', ( -1.38084327264021, 3.52179173964186, 9.74000000000000 ) );
#9005 = VECTOR( '', #9859, 1000.00000000000 );
#9006 = CARTESIAN_POINT( '', ( -0.936780683726533, 3.52179173964186, 9.74000000000000 ) );
#9007 = VECTOR( '', #9860, 1000.00000000000 );
#9008 = COLOUR_RGB( '', 0.899999976158142, 0.000000000000000, 0.000000000000000 );
#9009 = CARTESIAN_POINT( '', ( 1.43496031934607, 0.147760803044985, 9.75000000000000 ) );
#9010 = CARTESIAN_POINT( '', ( 1.77373845439431, 0.488854050633410, 9.75000000000000 ) );
#9011 = CARTESIAN_POINT( '', ( 1.43496031934607, 0.147760803044985, 9.74000000000000 ) );
#9012 = CARTESIAN_POINT( '', ( 1.77373845439431, 0.488854050633410, 9.74000000000000 ) );
#9013 = COLOUR_RGB( '', 0.119999997317791, 0.119999997317791, 0.119999997317791 );
#9014 = CARTESIAN_POINT( '', ( -5.15000000000000, -1.75000000000000, 1.10000000000000 ) );
#9015 = CARTESIAN_POINT( '', ( -5.15000000000000, -3.15000000000000, 1.10000000000000 ) );
#9016 = VECTOR( '', #9861, 1000.00000000000 );
#9017 = CARTESIAN_POINT( '', ( -5.15000000000000, -1.75000000000000, 1.10000000000000 ) );
#9018 = VECTOR( '', #9862, 1000.00000000000 );
#9019 = COLOUR_RGB( '', 0.699999988079071, 0.699999988079071, 0.699999988079071 );
#9020 = CARTESIAN_POINT( '', ( -2.60000000000000, 0.475000000000000, 0.700000000000000 ) );
#9021 = CARTESIAN_POINT( '', ( -2.90000000000000, 0.475000000000000, 0.700000000000000 ) );
#9022 = VECTOR( '', #9863, 1000.00000000000 );
#9023 = CARTESIAN_POINT( '', ( -2.60000000000000, 0.475000000000000, -0.400000000000000 ) );
#9024 = VECTOR( '', #9864, 1000.00000000000 );
#9025 = COLOUR_RGB( '', 0.899999976158142, 0.000000000000000, 0.000000000000000 );
#9026 = CARTESIAN_POINT( '', ( -0.173185625707923, 1.75634749060501, 9.75000000000000 ) );
#9027 = CARTESIAN_POINT( '', ( 0.861191314091614, 3.52179173964186, 9.75000000000000 ) );
#9028 = VECTOR( '', #9865, 1000.00000000000 );
#9029 = CARTESIAN_POINT( '', ( -0.173185625707923, 1.75634749060501, 9.74000000000000 ) );
#9030 = CARTESIAN_POINT( '', ( 0.861191314091614, 3.52179173964186, 9.74000000000000 ) );
#9031 = VECTOR( '', #9866, 1000.00000000000 );
#9032 = CARTESIAN_POINT( '', ( -0.173185625707923, 1.75634749060501, 9.74000000000000 ) );
#9033 = VECTOR( '', #9867, 1000.00000000000 );
#9034 = COLOUR_RGB( '', 0.899999976158142, 0.000000000000000, 0.000000000000000 );
#9035 = CARTESIAN_POINT( '', ( -0.189435821482604, 2.59572208110845, 9.75000000000000 ) );
#9036 = VECTOR( '', #9868, 1000.00000000000 );
#9037 = CARTESIAN_POINT( '', ( -0.189435821482604, 2.59572208110845, 9.74000000000000 ) );
#9038 = VECTOR( '', #9869, 1000.00000000000 );
#9039 = COLOUR_RGB( '', 0.119999997317791, 0.119999997317791, 0.119999997317791 );
#9040 = COLOUR_RGB( '', 0.119999997317791, 0.119999997317791, 0.119999997317791 );
#9041 = COLOUR_RGB( '', 0.119999997317791, 0.119999997317791, 0.119999997317791 );
#9042 = CARTESIAN_POINT( '', ( 0.650000000000000, 5.15000000000000, 0.300000000000000 ) );
#9043 = VECTOR( '', #9870, 1000.00000000000 );
#9044 = COLOUR_RGB( '', 0.119999997317791, 0.119999997317791, 0.119999997317791 );
#9045 = CARTESIAN_POINT( '', ( -2.60000000000000, 0.475000000000000, 0.700000000000000 ) );
#9046 = VECTOR( '', #9871, 1000.00000000000 );
#9047 = COLOUR_RGB( '', 0.899999976158142, 0.000000000000000, 0.000000000000000 );
#9048 = CARTESIAN_POINT( '', ( 2.24697189821070, 3.52179173964185, 9.75000000000000 ) );
#9049 = CARTESIAN_POINT( '', ( 1.98844605634067, 3.08257138078225, 9.75000000000000 ) );
#9050 = VECTOR( '', #9872, 1000.00000000000 );
#9051 = CARTESIAN_POINT( '', ( 2.24697189821070, 3.52179173964185, 9.74000000000000 ) );
#9052 = VECTOR( '', #9873, 1000.00000000000 );
#9053 = COLOUR_RGB( '', 0.699999988079071, 0.699999988079071, 0.699999988079071 );
#9054 = COLOUR_RGB( '', 0.119999997317791, 0.119999997317791, 0.119999997317791 );
#9055 = CARTESIAN_POINT( '', ( -0.599999999999999, 2.40000000000000, 0.300000000000000 ) );
#9056 = AXIS2_PLACEMENT_3D( '', #9874, #9875, #9876 );
#9057 = COLOUR_RGB( '', 0.899999976158142, 0.000000000000000, 0.000000000000000 );
#9058 = CARTESIAN_POINT( '', ( 1.29296675021424, 0.806796172819904, 9.75000000000000 ) );
#9059 = CARTESIAN_POINT( '', ( 1.43496031934607, 0.806796172819904, 9.75000000000000 ) );
#9060 = CARTESIAN_POINT( '', ( 1.29296675021424, 0.806796172819904, 9.74000000000000 ) );
#9061 = CARTESIAN_POINT( '', ( 1.43496031934607, 0.806796172819904, 9.74000000000000 ) );
#9062 = COLOUR_RGB( '', 0.899999976158142, 0.000000000000000, 0.000000000000000 );
#9063 = CARTESIAN_POINT( '', ( -1.00053807293688, -0.352303505636687, 9.75000000000000 ) );
#9064 = CARTESIAN_POINT( '', ( -1.11217794431952, -0.0230430554759161, 9.75000000000000 ) );
#9065 = CARTESIAN_POINT( '', ( -1.22381781570216, 0.306217394684855, 9.75000000000000 ) );
#9066 = CARTESIAN_POINT( '', ( -1.33545768708479, 0.635477844845627, 9.75000000000000 ) );
#9067 = CARTESIAN_POINT( '', ( -1.00053807293688, -0.352303505636687, 9.74000000000000 ) );
#9068 = CARTESIAN_POINT( '', ( -1.11217794431952, -0.0230430554759161, 9.74000000000000 ) );
#9069 = CARTESIAN_POINT( '', ( -1.22381781570216, 0.306217394684855, 9.74000000000000 ) );
#9070 = CARTESIAN_POINT( '', ( -1.33545768708479, 0.635477844845627, 9.74000000000000 ) );
#9071 = COLOUR_RGB( '', 0.699999988079071, 0.699999988079071, 0.699999988079071 );
#9072 = COLOUR_RGB( '', 0.119999997317791, 0.119999997317791, 0.119999997317791 );
#9073 = COLOUR_RGB( '', 0.899999976158142, 0.000000000000000, 0.000000000000000 );
#9074 = CARTESIAN_POINT( '', ( 0.302053279092998, 0.372763956580489, 9.75000000000000 ) );
#9075 = CARTESIAN_POINT( '', ( 0.271306179057555, 0.384536583689412, 9.75000000000000 ) );
#9076 = CARTESIAN_POINT( '', ( 0.233738263049022, 0.390379482279793, 9.75000000000000 ) );
#9077 = CARTESIAN_POINT( '', ( 0.190201476902343, 0.390847619765242, 9.75000000000000 ) );
#9078 = CARTESIAN_POINT( '', ( 0.123850886786550, 0.391561066970788, 9.75000000000000 ) );
#9079 = CARTESIAN_POINT( '', ( 0.0744458498926973, 0.378500352884213, 9.75000000000000 ) );
#9080 = CARTESIAN_POINT( '', ( 0.0420342743299962, 0.355349227482283, 9.75000000000000 ) );
#9081 = CARTESIAN_POINT( '', ( 0.00976869685541479, 0.332302386429012, 9.75000000000000 ) );
#9082 = CARTESIAN_POINT( '', ( -0.0135284266346346, 0.289754372176817, 9.75000000000000 ) );
#9083 = CARTESIAN_POINT( '', ( -0.0289625102359199, 0.229561446131801, 9.75000000000000 ) );
#9084 = COLOUR_RGB( '', 0.119999997317791, 0.119999997317791, 0.119999997317791 );
#9085 = COLOUR_RGB( '', 0.899999976158142, 0.000000000000000, 0.000000000000000 );
#9086 = CARTESIAN_POINT( '', ( 2.24756482095379, 0.643966590826336, 9.75000000000000 ) );
#9087 = CARTESIAN_POINT( '', ( 2.10557125182195, 0.643966590826335, 9.75000000000000 ) );
#9088 = COLOUR_RGB( '', 0.899999976158142, 0.000000000000000, 0.000000000000000 );
#9089 = CARTESIAN_POINT( '', ( 1.81541048011777, -0.352303505636687, 9.74000000000000 ) );
#9090 = CARTESIAN_POINT( '', ( 1.53373845439430, 0.0759923142990039, 9.74000000000000 ) );
#9091 = COLOUR_RGB( '', 0.699999988079071, 0.699999988079071, 0.699999988079071 );
#9092 = CARTESIAN_POINT( '', ( 2.43951839509358, 2.51022907321225, 9.75000000000000 ) );
#9093 = VECTOR( '', #9877, 1000.00000000000 );
#9094 = COLOUR_RGB( '', 0.699999988079071, 0.699999988079071, 0.699999988079071 );
#9095 = CARTESIAN_POINT( '', ( 0.287538528621360, -0.216827841312880, 9.75000000000000 ) );
#9096 = CARTESIAN_POINT( '', ( 0.323890191298932, -0.193822588378948, 9.75000000000000 ) );
#9097 = CARTESIAN_POINT( '', ( 0.351178534089292, -0.162928202842029, 9.75000000000000 ) );
#9098 = CARTESIAN_POINT( '', ( 0.369236846677263, -0.125422476697781, 9.75000000000000 ) );
#9099 = CARTESIAN_POINT( '', ( 0.384508511470051, -0.0937044036666079, 9.75000000000000 ) );
#9100 = CARTESIAN_POINT( '', ( 0.392387972079192, -0.0459369461511569, 9.75000000000000 ) );
#9101 = CARTESIAN_POINT( '', ( 0.392387972079192, 0.0173427966141165, 9.75000000000000 ) );
#9102 = CARTESIAN_POINT( '', ( 0.392387972079192, 0.0345775233022191, 9.75000000000000 ) );
#9103 = CARTESIAN_POINT( '', ( 0.392902441532569, 0.0518122499903221, 9.75000000000000 ) );
#9104 = CARTESIAN_POINT( '', ( 0.393159676259257, 0.0690469766784248, 9.75000000000000 ) );
#9105 = COLOUR_RGB( '', 0.899999976158142, 0.000000000000000, 0.000000000000000 );
#9106 = CARTESIAN_POINT( '', ( -0.936780683726534, 3.52179173964186, 9.75000000000000 ) );
#9107 = VECTOR( '', #9878, 1000.00000000000 );
#9108 = CARTESIAN_POINT( '', ( -0.936780683726534, 3.52179173964186, 9.74000000000000 ) );
#9109 = VECTOR( '', #9879, 1000.00000000000 );
#9110 = COLOUR_RGB( '', 0.119999997317791, 0.119999997317791, 0.119999997317791 );
#9111 = AXIS2_PLACEMENT_3D( '', #9880, #9881, #9882 );
#9112 = CARTESIAN_POINT( '', ( 2.48875000000000, -0.426319642404615, 0.200000000000000 ) );
#9113 = CARTESIAN_POINT( '', ( 2.48875000000000, -0.426319642404615, 0.450000000000000 ) );
#9114 = VECTOR( '', #9883, 1000.00000000000 );
#9115 = CARTESIAN_POINT( '', ( 2.39875000000000, -0.355841871482263, 0.200000000000000 ) );
#9116 = AXIS2_PLACEMENT_3D( '', #9884, #9885, #9886 );
#9117 = CARTESIAN_POINT( '', ( 2.39875000000000, -0.355841871482263, 0.450000000000000 ) );
#9118 = VECTOR( '', #9887, 1000.00000000000 );
#9119 = CARTESIAN_POINT( '', ( 3.25000000000000, -3.36777869765522E-016, 0.700000000000000 ) );
#9120 = AXIS2_PLACEMENT_3D( '', #9888, #9889, #9890 );
#9121 = COLOUR_RGB( '', 0.899999976158142, 0.000000000000000, 0.000000000000000 );
#9122 = CARTESIAN_POINT( '', ( 1.20674051077522, 1.75634749060501, 9.75000000000000 ) );
#9123 = VECTOR( '', #9891, 1000.00000000000 );
#9124 = COLOUR_RGB( '', 0.899999976158142, 0.000000000000000, 0.000000000000000 );
#9125 = CARTESIAN_POINT( '', ( 3.00383491741681, -0.352303505636687, 9.74000000000000 ) );
#9126 = CARTESIAN_POINT( '', ( 3.00383491741681, -0.181499647115786, 9.74000000000000 ) );
#9127 = CARTESIAN_POINT( '', ( 3.00383491741681, -0.0106957885948865, 9.74000000000000 ) );
#9128 = CARTESIAN_POINT( '', ( 3.00383491741681, 0.160108069926014, 9.74000000000000 ) );
#9129 = CARTESIAN_POINT( '', ( 3.00383491741681, 0.217985883430837, 9.74000000000000 ) );
#9130 = CARTESIAN_POINT( '', ( 2.99843298815636, 0.261201317514438, 9.74000000000000 ) );
#9131 = CARTESIAN_POINT( '', ( 2.98762912963547, 0.290526076356882, 9.74000000000000 ) );
#9132 = CARTESIAN_POINT( '', ( 2.97698337636121, 0.319421692386998, 9.74000000000000 ) );
#9133 = CARTESIAN_POINT( '', ( 2.95676096243289, 0.342230256421191, 9.74000000000000 ) );
#9134 = CARTESIAN_POINT( '', ( 2.89965485310813, 0.376185240344020, 9.74000000000000 ) );
#9135 = CARTESIAN_POINT( '', ( 2.86647157336536, 0.384673986324728, 9.74000000000000 ) );
#9136 = CARTESIAN_POINT( '', ( 2.82788636436215, 0.385445690504792, 9.74000000000000 ) );
#9137 = CARTESIAN_POINT( '', ( 2.76696153815116, 0.386664187029013, 9.74000000000000 ) );
#9138 = CARTESIAN_POINT( '', ( 2.71444584989269, 0.365381381823121, 9.74000000000000 ) );
#9139 = CARTESIAN_POINT( '', ( 2.62647157336537, 0.288210963816689, 9.74000000000000 ) );
#9140 = CARTESIAN_POINT( '', ( 2.60409215214350, 0.214899066710581, 9.74000000000000 ) );
#9141 = CARTESIAN_POINT( '', ( 2.60409215214350, 0.107632185681641, 9.74000000000000 ) );
#9142 = CARTESIAN_POINT( '', ( 2.60409215214350, -0.0456797114244684, 9.74000000000000 ) );
#9143 = CARTESIAN_POINT( '', ( 2.60409215214350, -0.198991608530578, 9.74000000000000 ) );
#9144 = CARTESIAN_POINT( '', ( 2.60409215214350, -0.352303505636687, 9.74000000000000 ) );
#9145 = CARTESIAN_POINT( '', ( 2.46209858301167, 0.488854050633410, 9.74000000000000 ) );
#9146 = CARTESIAN_POINT( '', ( 2.50479954764189, 0.488854050633410, 9.74000000000000 ) );
#9147 = CARTESIAN_POINT( '', ( 2.54750051227212, 0.488854050633410, 9.74000000000000 ) );
#9148 = CARTESIAN_POINT( '', ( 2.59020147690235, 0.488854050633410, 9.74000000000000 ) );
#9149 = COLOUR_RGB( '', 0.119999997317791, 0.119999997317791, 0.119999997317791 );
#9150 = COLOUR_RGB( '', 0.119999997317791, 0.119999997317791, 0.119999997317791 );
#9151 = CARTESIAN_POINT( '', ( 0.650000000000000, -2.40000000000000, 0.300000000000000 ) );
#9152 = VECTOR( '', #9892, 1000.00000000000 );
#9153 = COLOUR_RGB( '', 0.899999976158142, 0.000000000000000, 0.000000000000000 );
#9154 = CARTESIAN_POINT( '', ( -0.173185625707924, 1.75634749060501, 9.75000000000000 ) );
#9155 = VECTOR( '', #9893, 1000.00000000000 );
#9156 = CARTESIAN_POINT( '', ( -0.173185625707924, 1.75634749060501, 9.74000000000000 ) );
#9157 = VECTOR( '', #9894, 1000.00000000000 );
#9158 = COLOUR_RGB( '', 0.119999997317791, 0.119999997317791, 0.119999997317791 );
#9159 = COLOUR_RGB( '', 0.119999997317791, 0.119999997317791, 0.119999997317791 );
#9160 = AXIS2_PLACEMENT_3D( '', #9895, #9896, #9897 );
#9161 = COLOUR_RGB( '', 0.699999988079071, 0.699999988079071, 0.699999988079071 );
#9162 = CARTESIAN_POINT( '', ( -0.0707106781186618, 5.64279456466298E-015, 9.74200000000000 ) );
#9163 = VECTOR( '', #9898, 1000.00000000000 );
#9164 = COLOUR_RGB( '', 0.899999976158142, 0.000000000000000, 0.000000000000000 );
#9165 = CARTESIAN_POINT( '', ( 1.20422076950684, 0.461844404331158, 9.75000000000000 ) );
#9166 = CARTESIAN_POINT( '', ( 1.18775774699881, 0.418114500794181, 9.75000000000000 ) );
#9167 = CARTESIAN_POINT( '', ( 1.17129472449077, 0.374384597257204, 9.75000000000000 ) );
#9168 = CARTESIAN_POINT( '', ( 1.15483170198273, 0.330654693720226, 9.75000000000000 ) );
#9169 = COLOUR_RGB( '', 0.699999988079071, 0.699999988079071, 0.699999988079071 );
#9170 = COLOUR_RGB( '', 0.699999988079071, 0.699999988079071, 0.699999988079071 );
#9171 = COLOUR_RGB( '', 0.119999997317791, 0.119999997317791, 0.119999997317791 );
#9172 = COLOUR_RGB( '', 0.119999997317791, 0.119999997317791, 0.119999997317791 );
#9173 = COLOUR_RGB( '', 0.899999976158142, 0.000000000000000, 0.000000000000000 );
#9174 = CARTESIAN_POINT( '', ( 0.862012031049987, 2.43869156975021, 9.75000000000000 ) );
#9175 = VECTOR( '', #9899, 1000.00000000000 );
#9176 = COLOUR_RGB( '', 0.899999976158142, 0.000000000000000, 0.000000000000000 );
#9177 = COLOUR_RGB( '', 0.899999976158142, 0.000000000000000, 0.000000000000000 );
#9178 = COLOUR_RGB( '', 0.699999988079071, 0.699999988079071, 0.699999988079071 );
#9179 = CARTESIAN_POINT( '', ( -0.0707106781186618, 5.64279456466298E-015, 9.75000000000000 ) );
#9180 = VECTOR( '', #9900, 1000.00000000000 );
#9181 = COLOUR_RGB( '', 0.899999976158142, 0.000000000000000, 0.000000000000000 );
#9182 = CARTESIAN_POINT( '', ( 2.24756482095379, 0.488854050633410, 9.75000000000000 ) );
#9183 = CARTESIAN_POINT( '', ( 2.24756482095379, -0.352303505636687, 9.75000000000000 ) );
#9184 = COLOUR_RGB( '', 0.899999976158142, 0.000000000000000, 0.000000000000000 );
#9185 = COLOUR_RGB( '', 0.699999988079071, 0.699999988079071, 0.699999988079071 );
#9186 = CARTESIAN_POINT( '', ( 2.46209858301167, 0.488854050633410, 9.75000000000000 ) );
#9187 = CARTESIAN_POINT( '', ( 2.50479954764189, 0.488854050633410, 9.75000000000000 ) );
#9188 = CARTESIAN_POINT( '', ( 2.54750051227212, 0.488854050633410, 9.75000000000000 ) );
#9189 = CARTESIAN_POINT( '', ( 2.59020147690235, 0.488854050633410, 9.75000000000000 ) );
#9190 = CARTESIAN_POINT( '', ( 3.00383491741681, -0.352303505636687, 9.75000000000000 ) );
#9191 = CARTESIAN_POINT( '', ( 3.00383491741681, -0.181499647115786, 9.75000000000000 ) );
#9192 = CARTESIAN_POINT( '', ( 3.00383491741681, -0.0106957885948865, 9.75000000000000 ) );
#9193 = CARTESIAN_POINT( '', ( 3.00383491741681, 0.160108069926014, 9.75000000000000 ) );
#9194 = CARTESIAN_POINT( '', ( 3.00383491741681, 0.217985883430837, 9.75000000000000 ) );
#9195 = CARTESIAN_POINT( '', ( 2.99843298815636, 0.261201317514438, 9.75000000000000 ) );
#9196 = CARTESIAN_POINT( '', ( 2.98762912963547, 0.290526076356882, 9.75000000000000 ) );
#9197 = CARTESIAN_POINT( '', ( 2.97698337636121, 0.319421692386998, 9.75000000000000 ) );
#9198 = CARTESIAN_POINT( '', ( 2.95676096243289, 0.342230256421191, 9.75000000000000 ) );
#9199 = CARTESIAN_POINT( '', ( 2.89965485310813, 0.376185240344020, 9.75000000000000 ) );
#9200 = CARTESIAN_POINT( '', ( 2.86647157336536, 0.384673986324728, 9.75000000000000 ) );
#9201 = CARTESIAN_POINT( '', ( 2.82788636436215, 0.385445690504792, 9.75000000000000 ) );
#9202 = CARTESIAN_POINT( '', ( 2.76696153815116, 0.386664187029013, 9.75000000000000 ) );
#9203 = CARTESIAN_POINT( '', ( 2.71444584989269, 0.365381381823121, 9.75000000000000 ) );
#9204 = CARTESIAN_POINT( '', ( 2.62647157336537, 0.288210963816689, 9.75000000000000 ) );
#9205 = CARTESIAN_POINT( '', ( 2.60409215214350, 0.214899066710581, 9.75000000000000 ) );
#9206 = CARTESIAN_POINT( '', ( 2.60409215214350, 0.107632185681641, 9.75000000000000 ) );
#9207 = CARTESIAN_POINT( '', ( 2.60409215214350, -0.0456797114244684, 9.75000000000000 ) );
#9208 = CARTESIAN_POINT( '', ( 2.60409215214350, -0.198991608530578, 9.75000000000000 ) );
#9209 = CARTESIAN_POINT( '', ( 2.60409215214350, -0.352303505636687, 9.75000000000000 ) );
#9210 = CARTESIAN_POINT( '', ( 2.24697189821070, 3.52179173964186, 9.75000000000000 ) );
#9211 = VECTOR( '', #9901, 1000.00000000000 );
#9212 = CARTESIAN_POINT( '', ( 2.43951839509359, -2.51022907321225, 9.75000000000000 ) );
#9213 = VECTOR( '', #9902, 1000.00000000000 );
#9214 = CARTESIAN_POINT( '', ( 1.81541048011777, -0.352303505636687, 9.75000000000000 ) );
#9215 = CARTESIAN_POINT( '', ( 1.53373845439430, 0.0759923142990039, 9.75000000000000 ) );
#9216 = COLOUR_RGB( '', 0.119999997317791, 0.119999997317791, 0.119999997317791 );
#9217 = COLOUR_RGB( '', 0.899999976158142, 0.000000000000000, 0.000000000000000 );
#9218 = CARTESIAN_POINT( '', ( -1.25365704399798, 0.806796172819904, 9.75000000000000 ) );
#9219 = CARTESIAN_POINT( '', ( -1.16182424657033, 0.533355658350450, 9.75000000000000 ) );
#9220 = CARTESIAN_POINT( '', ( -1.06999144914267, 0.259915143880997, 9.75000000000000 ) );
#9221 = CARTESIAN_POINT( '', ( -0.978158651715020, -0.0135253705884563, 9.75000000000000 ) );
#9222 = CARTESIAN_POINT( '', ( -0.952287282242685, -0.0905597284290493, 9.75000000000000 ) );
#9223 = CARTESIAN_POINT( '', ( -0.934171513451354, -0.147801897919646, 9.75000000000000 ) );
#9224 = CARTESIAN_POINT( '', ( -0.922595950750390, -0.185615402742797, 9.75000000000000 ) );
#9225 = CARTESIAN_POINT( '', ( -1.25365704399798, 0.806796172819904, 9.74000000000000 ) );
#9226 = CARTESIAN_POINT( '', ( -1.16182424657033, 0.533355658350450, 9.74000000000000 ) );
#9227 = CARTESIAN_POINT( '', ( -1.06999144914267, 0.259915143880997, 9.74000000000000 ) );
#9228 = CARTESIAN_POINT( '', ( -0.978158651715020, -0.0135253705884563, 9.74000000000000 ) );
#9229 = CARTESIAN_POINT( '', ( -0.952287282242685, -0.0905597284290493, 9.74000000000000 ) );
#9230 = CARTESIAN_POINT( '', ( -0.934171513451354, -0.147801897919646, 9.74000000000000 ) );
#9231 = CARTESIAN_POINT( '', ( -0.922595950750390, -0.185615402742797, 9.74000000000000 ) );
#9232 = COLOUR_RGB( '', 0.119999997317791, 0.119999997317791, 0.119999997317791 );
#9233 = AXIS2_PLACEMENT_3D( '', #9903, #9904, #9905 );
#9234 = COLOUR_RGB( '', 0.899999976158142, 0.000000000000000, 0.000000000000000 );
#9235 = COLOUR_RGB( '', 0.699999988079071, 0.699999988079071, 0.699999988079071 );
#9236 = COLOUR_RGB( '', 0.899999976158142, 0.000000000000000, 0.000000000000000 );
#9237 = COLOUR_RGB( '', 0.899999976158142, 0.000000000000000, 0.000000000000000 );
#9238 = COLOUR_RGB( '', 0.119999997317791, 0.119999997317791, 0.119999997317791 );
#9239 = COLOUR_RGB( '', 0.699999988079071, 0.699999988079071, 0.699999988079071 );
#9240 = CARTESIAN_POINT( '', ( -2.51022907321226, -2.43951839509357, 9.75000000000000 ) );
#9241 = VECTOR( '', #9906, 1000.00000000000 );
#9242 = COLOUR_RGB( '', 0.119999997317791, 0.119999997317791, 0.119999997317791 );
#9243 = COLOUR_RGB( '', 0.119999997317791, 0.119999997317791, 0.119999997317791 );
#9244 = COLOUR_RGB( '', 0.119999997317791, 0.119999997317791, 0.119999997317791 );
#9245 = AXIS2_PLACEMENT_3D( '', #9907, #9908, #9909 );
#9246 = COLOUR_RGB( '', 0.119999997317791, 0.119999997317791, 0.119999997317791 );
#9247 = COLOUR_RGB( '', 0.119999997317791, 0.119999997317791, 0.119999997317791 );
#9248 = CARTESIAN_POINT( '', ( -5.15000000000000, -1.75000000000000, 1.10000000000000 ) );
#9249 = VECTOR( '', #9910, 1000.00000000000 );
#9250 = COLOUR_RGB( '', 0.699999988079071, 0.699999988079071, 0.699999988079071 );
#9251 = COLOUR_RGB( '', 0.699999988079071, 0.699999988079071, 0.699999988079071 );
#9252 = COLOUR_RGB( '', 0.119999997317791, 0.119999997317791, 0.119999997317791 );
#9253 = COLOUR_RGB( '', 0.119999997317791, 0.119999997317791, 0.119999997317791 );
#9254 = COLOUR_RGB( '', 0.699999988079071, 0.699999988079071, 0.699999988079071 );
#9255 = COLOUR_RGB( '', 0.899999976158142, 0.000000000000000, 0.000000000000000 );
#9256 = COLOUR_RGB( '', 0.119999997317791, 0.119999997317791, 0.119999997317791 );
#9257 = COLOUR_RGB( '', 0.899999976158142, 0.000000000000000, 0.000000000000000 );
#9258 = COLOUR_RGB( '', 0.899999976158142, 0.000000000000000, 0.000000000000000 );
#9259 = COLOUR_RGB( '', 0.699999988079071, 0.699999988079071, 0.699999988079071 );
#9260 = DIRECTION( '', ( -0.707106781186547, 0.707106781186548, 0.000000000000000 ) );
#9261 = DIRECTION( '', ( 0.000000000000000, 0.000000000000000, -1.00000000000000 ) );
#9262 = DIRECTION( '', ( -0.707106781186547, 0.707106781186548, 0.000000000000000 ) );
#9263 = DIRECTION( '', ( 0.000000000000000, 0.000000000000000, -1.00000000000000 ) );
#9264 = DIRECTION( '', ( -2.19030741916264E-017, -2.19030741916264E-017, 1.00000000000000 ) );
#9265 = DIRECTION( '', ( -2.19030741916264E-017, -2.19030741916264E-017, 1.00000000000000 ) );
#9266 = CARTESIAN_POINT( '', ( 3.50000000000000, -3.50000000000000, -0.0500000000000000 ) );
#9267 = DIRECTION( '', ( 0.000000000000000, 0.000000000000000, -1.00000000000000 ) );
#9268 = DIRECTION( '', ( 1.00000000000000, 0.000000000000000, 0.000000000000000 ) );
#9269 = CARTESIAN_POINT( '', ( 4.35000000000000, 4.35000000000000, 1.90000000000000 ) );
#9270 = DIRECTION( '', ( 0.000000000000000, 0.000000000000000, 1.00000000000000 ) );
#9271 = DIRECTION( '', ( 1.00000000000000, 0.000000000000000, 0.000000000000000 ) );
#9272 = DIRECTION( '', ( 0.000000000000000, 0.000000000000000, -1.00000000000000 ) );
#9273 = CARTESIAN_POINT( '', ( 4.35000000000000, 4.35000000000000, 0.000000000000000 ) );
#9274 = DIRECTION( '', ( 0.000000000000000, 0.000000000000000, -1.00000000000000 ) );
#9275 = DIRECTION( '', ( -1.00000000000000, 0.000000000000000, 0.000000000000000 ) );
#9276 = DIRECTION( '', ( 0.000000000000000, 0.000000000000000, -1.00000000000000 ) );
#9277 = DIRECTION( '', ( -2.19030741916264E-017, -2.19030741916264E-017, 1.00000000000000 ) );
#9278 = DIRECTION( '', ( -2.19030741916264E-017, -2.19030741916264E-017, 1.00000000000000 ) );
#9279 = DIRECTION( '', ( -2.19030741916264E-017, -2.19030741916264E-017, 1.00000000000000 ) );
#9280 = DIRECTION( '', ( -2.19030741916264E-017, -2.19030741916264E-017, 1.00000000000000 ) );
#9281 = DIRECTION( '', ( 3.94255335449275E-016, 0.000000000000000, -1.00000000000000 ) );
#9282 = DIRECTION( '', ( -1.00000000000000, -1.80700362080917E-016, 1.08420217248550E-016 ) );
#9283 = DIRECTION( '', ( 3.94255335449275E-016, 0.000000000000000, -1.00000000000000 ) );
#9284 = CARTESIAN_POINT( '', ( 2.95000000000000, -0.475000000000000, -0.400000000000000 ) );
#9285 = DIRECTION( '', ( 0.000000000000000, -1.00000000000000, 0.000000000000000 ) );
#9286 = DIRECTION( '', ( -1.00000000000000, 0.000000000000000, 1.08420217248550E-015 ) );
#9287 = DIRECTION( '', ( 1.00000000000000, 0.000000000000000, -1.70070929017335E-016 ) );
#9288 = DIRECTION( '', ( -6.72746481715160E-016, -1.80700362080917E-016, -1.00000000000000 ) );
#9289 = DIRECTION( '', ( 1.00000000000000, 0.000000000000000, -1.70070929017335E-016 ) );
#9290 = CARTESIAN_POINT( '', ( 2.95000000000000, -0.475000000000000, -0.400000000000000 ) );
#9291 = DIRECTION( '', ( 0.000000000000000, -1.00000000000000, 0.000000000000000 ) );
#9292 = DIRECTION( '', ( -1.00000000000000, 0.000000000000000, 7.58941520739845E-015 ) );
#9293 = CARTESIAN_POINT( '', ( -2.00039576577539E-017, 0.000000000000000, 0.200000000000000 ) );
#9294 = DIRECTION( '', ( -1.03636972369937E-016, 0.000000000000000, 1.00000000000000 ) );
#9295 = DIRECTION( '', ( 1.00000000000000, 0.000000000000000, 1.03636972369937E-016 ) );
#9296 = CARTESIAN_POINT( '', ( -3.00059364866309E-017, 0.000000000000000, 0.300000000000000 ) );
#9297 = DIRECTION( '', ( -1.00019788288769E-016, 0.000000000000000, 1.00000000000000 ) );
#9298 = DIRECTION( '', ( 1.00000000000000, 0.000000000000000, 1.00019788288769E-016 ) );
#9299 = DIRECTION( '', ( 0.707106781186550, 0.707106781186545, 3.09756245794622E-017 ) );
#9300 = DIRECTION( '', ( -2.19030741916264E-017, -2.19030741916264E-017, 1.00000000000000 ) );
#9301 = DIRECTION( '', ( 0.707106781186550, 0.707106781186545, 3.09756245794622E-017 ) );
#9302 = DIRECTION( '', ( -4.38061483832527E-017, 0.000000000000000, 1.00000000000000 ) );
#9303 = CARTESIAN_POINT( '', ( 0.000000000000000, 0.000000000000000, 0.600000000000000 ) );
#9304 = DIRECTION( '', ( 0.000000000000000, 0.000000000000000, -1.00000000000000 ) );
#9305 = DIRECTION( '', ( -1.00000000000000, 0.000000000000000, 0.000000000000000 ) );
#9306 = DIRECTION( '', ( 0.000000000000000, 0.000000000000000, -1.00000000000000 ) );
#9307 = CARTESIAN_POINT( '', ( 0.000000000000000, 0.000000000000000, 1.10000000000000 ) );
#9308 = DIRECTION( '', ( 0.000000000000000, 0.000000000000000, 1.00000000000000 ) );
#9309 = DIRECTION( '', ( 1.00000000000000, 0.000000000000000, 0.000000000000000 ) );
#9310 = DIRECTION( '', ( 0.000000000000000, 0.000000000000000, -1.00000000000000 ) );
#9311 = DIRECTION( '', ( -1.00000000000000, 0.000000000000000, 0.000000000000000 ) );
#9312 = DIRECTION( '', ( -9.30143641096945E-016, 1.00000000000000, 0.000000000000000 ) );
#9313 = CARTESIAN_POINT( '', ( 0.000000000000000, 0.000000000000000, 0.600000000000000 ) );
#9314 = DIRECTION( '', ( 0.000000000000000, 0.000000000000000, -1.00000000000000 ) );
#9315 = DIRECTION( '', ( -1.00000000000000, 0.000000000000000, 0.000000000000000 ) );
#9316 = DIRECTION( '', ( 1.00000000000000, -1.86028728219389E-015, 0.000000000000000 ) );
#9317 = DIRECTION( '', ( 0.000000000000000, -1.00000000000000, 0.000000000000000 ) );
#9318 = DIRECTION( '', ( -1.00000000000000, 0.000000000000000, 0.000000000000000 ) );
#9319 = CARTESIAN_POINT( '', ( 0.000000000000000, 0.000000000000000, 0.600000000000000 ) );
#9320 = DIRECTION( '', ( 0.000000000000000, 0.000000000000000, -1.00000000000000 ) );
#9321 = DIRECTION( '', ( -1.00000000000000, 0.000000000000000, 0.000000000000000 ) );
#9322 = DIRECTION( '', ( -4.65071820548472E-016, 1.00000000000000, 0.000000000000000 ) );
#9323 = DIRECTION( '', ( 1.00000000000000, 0.000000000000000, 0.000000000000000 ) );
#9324 = DIRECTION( '', ( -4.65071820548472E-016, -1.00000000000000, 0.000000000000000 ) );
#9325 = CARTESIAN_POINT( '', ( 0.000000000000000, 0.000000000000000, 0.600000000000000 ) );
#9326 = DIRECTION( '', ( 0.000000000000000, 0.000000000000000, -1.00000000000000 ) );
#9327 = DIRECTION( '', ( -1.00000000000000, 0.000000000000000, 0.000000000000000 ) );
#9328 = DIRECTION( '', ( -1.00000000000000, 0.000000000000000, 0.000000000000000 ) );
#9329 = DIRECTION( '', ( 0.000000000000000, 1.00000000000000, 0.000000000000000 ) );
#9330 = DIRECTION( '', ( 1.00000000000000, 0.000000000000000, 0.000000000000000 ) );
#9331 = DIRECTION( '', ( -9.30143641096945E-016, -1.00000000000000, 0.000000000000000 ) );
#9332 = CARTESIAN_POINT( '', ( 5.57214293612046E-016, 2.40000000000000, 0.600000000000000 ) );
#9333 = DIRECTION( '', ( 0.000000000000000, 0.000000000000000, -1.00000000000000 ) );
#9334 = DIRECTION( '', ( 1.00000000000000, 0.000000000000000, 0.000000000000000 ) );
#9335 = CARTESIAN_POINT( '', ( 5.57214293612046E-016, -2.40000000000000, 0.600000000000000 ) );
#9336 = DIRECTION( '', ( 0.000000000000000, 0.000000000000000, 1.00000000000000 ) );
#9337 = DIRECTION( '', ( 1.00000000000000, 0.000000000000000, 0.000000000000000 ) );
#9338 = CARTESIAN_POINT( '', ( -3.50000000000000, -3.50000000000000, -0.0500000000000000 ) );
#9339 = DIRECTION( '', ( 0.000000000000000, 0.000000000000000, 1.00000000000000 ) );
#9340 = DIRECTION( '', ( 1.00000000000000, 0.000000000000000, 0.000000000000000 ) );
#9341 = CARTESIAN_POINT( '', ( -3.50000000000000, -3.50000000000000, 0.000000000000000 ) );
#9342 = DIRECTION( '', ( 0.000000000000000, 0.000000000000000, -1.00000000000000 ) );
#9343 = DIRECTION( '', ( -1.00000000000000, 0.000000000000000, 0.000000000000000 ) );
#9344 = DIRECTION( '', ( -2.19030741916264E-017, -2.19030741916264E-017, 1.00000000000000 ) );
#9345 = DIRECTION( '', ( -2.19030741916264E-017, -2.19030741916264E-017, 1.00000000000000 ) );
#9346 = DIRECTION( '', ( -2.19030741916264E-017, -2.19030741916264E-017, 1.00000000000000 ) );
#9347 = DIRECTION( '', ( -2.19030741916264E-017, -2.19030741916264E-017, 1.00000000000000 ) );
#9348 = DIRECTION( '', ( -2.19030741916264E-017, -2.19030741916264E-017, 1.00000000000000 ) );
#9349 = DIRECTION( '', ( -2.19030741916264E-017, -2.19030741916264E-017, 1.00000000000000 ) );
#9350 = DIRECTION( '', ( -2.19030741916264E-017, -2.19030741916264E-017, 1.00000000000000 ) );
#9351 = DIRECTION( '', ( -2.19030741916264E-017, -2.19030741916264E-017, 1.00000000000000 ) );
#9352 = DIRECTION( '', ( -2.19030741916264E-017, -2.19030741916264E-017, 1.00000000000000 ) );
#9353 = DIRECTION( '', ( -2.19030741916264E-017, -2.19030741916264E-017, 1.00000000000000 ) );
#9354 = CARTESIAN_POINT( '', ( -3.00059364866309E-017, 0.000000000000000, 0.300000000000000 ) );
#9355 = DIRECTION( '', ( -1.03636972369937E-016, 0.000000000000000, 1.00000000000000 ) );
#9356 = DIRECTION( '', ( 1.00000000000000, 0.000000000000000, 1.03636972369937E-016 ) );
#9357 = DIRECTION( '', ( 1.00000000000000, 0.000000000000000, 0.000000000000000 ) );
#9358 = DIRECTION( '', ( 1.00000000000000, 0.000000000000000, 0.000000000000000 ) );
#9359 = DIRECTION( '', ( 0.000000000000000, 0.000000000000000, -1.00000000000000 ) );
#9360 = DIRECTION( '', ( 1.00000000000000, 0.000000000000000, 0.000000000000000 ) );
#9361 = DIRECTION( '', ( 0.000000000000000, 0.000000000000000, -1.00000000000000 ) );
#9362 = DIRECTION( '', ( 1.00000000000000, 0.000000000000000, 0.000000000000000 ) );
#9363 = DIRECTION( '', ( 0.000000000000000, 0.000000000000000, -1.00000000000000 ) );
#9364 = DIRECTION( '', ( 1.00000000000000, 0.000000000000000, 0.000000000000000 ) );
#9365 = DIRECTION( '', ( 0.000000000000000, 0.000000000000000, -1.00000000000000 ) );
#9366 = DIRECTION( '', ( 0.000000000000000, 0.000000000000000, -1.00000000000000 ) );
#9367 = DIRECTION( '', ( -2.19030741916264E-017, -2.19030741916264E-017, 1.00000000000000 ) );
#9368 = DIRECTION( '', ( -2.19030741916264E-017, -2.19030741916264E-017, 1.00000000000000 ) );
#9369 = CARTESIAN_POINT( '', ( -2.00039576577539E-017, 0.000000000000000, 0.200000000000000 ) );
#9370 = DIRECTION( '', ( -1.03636972369937E-016, 0.000000000000000, 1.00000000000000 ) );
#9371 = DIRECTION( '', ( 1.00000000000000, 0.000000000000000, 1.03636972369937E-016 ) );
#9372 = CARTESIAN_POINT( '', ( -3.00059364866309E-017, 0.000000000000000, 0.300000000000000 ) );
#9373 = DIRECTION( '', ( -1.03636972369937E-016, 0.000000000000000, 1.00000000000000 ) );
#9374 = DIRECTION( '', ( 1.00000000000000, 0.000000000000000, 1.03636972369937E-016 ) );
#9375 = CARTESIAN_POINT( '', ( -2.75000000000000, 0.000000000000000, 0.700000000000000 ) );
#9376 = DIRECTION( '', ( -1.01979412263490E-016, 0.000000000000000, 1.00000000000000 ) );
#9377 = DIRECTION( '', ( 1.00000000000000, 0.000000000000000, 1.01979412263490E-016 ) );
#9378 = DIRECTION( '', ( 1.03636972369937E-016, 0.000000000000000, -1.00000000000000 ) );
#9379 = CARTESIAN_POINT( '', ( -2.75000000000000, 0.000000000000000, 0.200000000000000 ) );
#9380 = DIRECTION( '', ( -1.01979412263490E-016, 0.000000000000000, 1.00000000000000 ) );
#9381 = DIRECTION( '', ( 1.00000000000000, 0.000000000000000, 1.01979412263490E-016 ) );
#9382 = DIRECTION( '', ( 1.03636972369937E-016, 0.000000000000000, -1.00000000000000 ) );
#9383 = CARTESIAN_POINT( '', ( -2.75000000000000, 0.000000000000000, 0.300000000000000 ) );
#9384 = DIRECTION( '', ( -1.00019788288769E-016, 0.000000000000000, 1.00000000000000 ) );
#9385 = DIRECTION( '', ( 1.00000000000000, 0.000000000000000, 1.00019788288769E-016 ) );
#9386 = DIRECTION( '', ( 1.03636972369937E-016, 0.000000000000000, -1.00000000000000 ) );
#9387 = CARTESIAN_POINT( '', ( -2.75000000000000, 0.000000000000000, 0.200000000000000 ) );
#9388 = DIRECTION( '', ( -1.01979412263490E-016, 0.000000000000000, 1.00000000000000 ) );
#9389 = DIRECTION( '', ( 1.00000000000000, 0.000000000000000, 1.01979412263490E-016 ) );
#9390 = DIRECTION( '', ( 1.03636972369937E-016, 0.000000000000000, -1.00000000000000 ) );
#9391 = CARTESIAN_POINT( '', ( -2.75000000000000, 0.000000000000000, 0.300000000000000 ) );
#9392 = DIRECTION( '', ( -1.00019788288769E-016, 0.000000000000000, 1.00000000000000 ) );
#9393 = DIRECTION( '', ( 1.00000000000000, 0.000000000000000, 1.00019788288769E-016 ) );
#9394 = DIRECTION( '', ( 1.03636972369937E-016, 0.000000000000000, -1.00000000000000 ) );
#9395 = CARTESIAN_POINT( '', ( -2.75000000000000, 0.000000000000000, 0.200000000000000 ) );
#9396 = DIRECTION( '', ( -1.01979412263490E-016, 0.000000000000000, 1.00000000000000 ) );
#9397 = DIRECTION( '', ( 1.00000000000000, 0.000000000000000, 1.01979412263490E-016 ) );
#9398 = DIRECTION( '', ( 1.03636972369937E-016, 0.000000000000000, -1.00000000000000 ) );
#9399 = CARTESIAN_POINT( '', ( -2.75000000000000, 0.000000000000000, 0.300000000000000 ) );
#9400 = DIRECTION( '', ( -1.00019788288769E-016, 0.000000000000000, 1.00000000000000 ) );
#9401 = DIRECTION( '', ( 1.00000000000000, 0.000000000000000, 1.00019788288769E-016 ) );
#9402 = DIRECTION( '', ( 1.03636972369937E-016, 0.000000000000000, -1.00000000000000 ) );
#9403 = CARTESIAN_POINT( '', ( -2.75000000000000, 0.000000000000000, 0.200000000000000 ) );
#9404 = DIRECTION( '', ( -1.01979412263490E-016, 0.000000000000000, 1.00000000000000 ) );
#9405 = DIRECTION( '', ( 1.00000000000000, 0.000000000000000, 1.01979412263490E-016 ) );
#9406 = DIRECTION( '', ( 1.03636972369937E-016, 0.000000000000000, -1.00000000000000 ) );
#9407 = CARTESIAN_POINT( '', ( -2.75000000000000, 0.000000000000000, 0.300000000000000 ) );
#9408 = DIRECTION( '', ( -1.00019788288769E-016, 0.000000000000000, 1.00000000000000 ) );
#9409 = DIRECTION( '', ( 1.00000000000000, 0.000000000000000, 1.00019788288769E-016 ) );
#9410 = DIRECTION( '', ( 1.00000000000000, -2.22044604925032E-016, 2.19030741916264E-017 ) );
#9411 = DIRECTION( '', ( -2.19030741916264E-017, -2.19030741916264E-017, 1.00000000000000 ) );
#9412 = DIRECTION( '', ( 1.00000000000000, -2.22044604925032E-016, 2.19030741916264E-017 ) );
#9413 = DIRECTION( '', ( -2.19030741916264E-017, -2.19030741916264E-017, 1.00000000000000 ) );
#9414 = DIRECTION( '', ( 0.000000000000000, -1.00000000000000, 0.000000000000000 ) );
#9415 = DIRECTION( '', ( 0.000000000000000, -1.00000000000000, 0.000000000000000 ) );
#9416 = DIRECTION( '', ( 0.000000000000000, 0.000000000000000, -1.00000000000000 ) );
#9417 = DIRECTION( '', ( 0.000000000000000, 0.000000000000000, -1.00000000000000 ) );
#9418 = DIRECTION( '', ( 0.000000000000000, -1.00000000000000, 0.000000000000000 ) );
#9419 = DIRECTION( '', ( 0.000000000000000, 0.000000000000000, -1.00000000000000 ) );
#9420 = CARTESIAN_POINT( '', ( -2.00039576577539E-017, 0.000000000000000, 0.200000000000000 ) );
#9421 = DIRECTION( '', ( -1.03636972369937E-016, 0.000000000000000, 1.00000000000000 ) );
#9422 = DIRECTION( '', ( 1.00000000000000, 0.000000000000000, 1.03636972369937E-016 ) );
#9423 = CARTESIAN_POINT( '', ( 2.75000000000000, -3.36777869765522E-016, 0.200000000000000 ) );
#9424 = DIRECTION( '', ( 1.01979412263490E-016, 0.000000000000000, -1.00000000000000 ) );
#9425 = DIRECTION( '', ( 1.00000000000000, 0.000000000000000, 1.01979412263490E-016 ) );
#9426 = CARTESIAN_POINT( '', ( -2.00039576577539E-017, 0.000000000000000, 0.200000000000000 ) );
#9427 = DIRECTION( '', ( -1.03636972369937E-016, 0.000000000000000, 1.00000000000000 ) );
#9428 = DIRECTION( '', ( 1.00000000000000, 0.000000000000000, 1.03636972369937E-016 ) );
#9429 = DIRECTION( '', ( 1.03636972369937E-016, 0.000000000000000, -1.00000000000000 ) );
#9430 = CARTESIAN_POINT( '', ( -3.00059364866309E-017, 0.000000000000000, 0.300000000000000 ) );
#9431 = DIRECTION( '', ( -1.00019788288769E-016, 0.000000000000000, 1.00000000000000 ) );
#9432 = DIRECTION( '', ( 1.00000000000000, 0.000000000000000, 1.00019788288769E-016 ) );
#9433 = DIRECTION( '', ( 1.00000000000000, 8.32667268468867E-016, 2.19030741916264E-017 ) );
#9434 = DIRECTION( '', ( -2.19030741916264E-017, -2.19030741916264E-017, 1.00000000000000 ) );
#9435 = DIRECTION( '', ( 1.00000000000000, 8.32667268468867E-016, 2.19030741916264E-017 ) );
#9436 = DIRECTION( '', ( -2.19030741916264E-017, -2.19030741916264E-017, 1.00000000000000 ) );
#9437 = DIRECTION( '', ( -2.19030741916264E-017, -2.19030741916264E-017, 1.00000000000000 ) );
#9438 = DIRECTION( '', ( -2.19030741916264E-017, -2.19030741916264E-017, 1.00000000000000 ) );
#9439 = DIRECTION( '', ( -2.19030741916264E-017, -2.19030741916264E-017, 1.00000000000000 ) );
#9440 = DIRECTION( '', ( -2.19030741916264E-017, -2.19030741916264E-017, 1.00000000000000 ) );
#9441 = DIRECTION( '', ( -0.707106781186548, 0.707106781186547, -3.09756245794621E-017 ) );
#9442 = DIRECTION( '', ( -0.707106781186548, 0.707106781186547, -3.09756245794621E-017 ) );
#9443 = DIRECTION( '', ( -4.38061483832527E-017, 0.000000000000000, 1.00000000000000 ) );
#9444 = DIRECTION( '', ( -1.00000000000000, 0.000000000000000, 0.000000000000000 ) );
#9445 = DIRECTION( '', ( 0.000000000000000, 0.000000000000000, -1.00000000000000 ) );
#9446 = DIRECTION( '', ( 1.03636972369937E-016, 0.000000000000000, -1.00000000000000 ) );
#9447 = CARTESIAN_POINT( '', ( -2.00039576577539E-017, 0.000000000000000, 0.200000000000000 ) );
#9448 = DIRECTION( '', ( -1.03636972369937E-016, 0.000000000000000, 1.00000000000000 ) );
#9449 = DIRECTION( '', ( 1.00000000000000, 0.000000000000000, 1.03636972369937E-016 ) );
#9450 = CARTESIAN_POINT( '', ( -3.00059364866309E-017, 0.000000000000000, 0.300000000000000 ) );
#9451 = DIRECTION( '', ( -1.03636972369937E-016, 0.000000000000000, 1.00000000000000 ) );
#9452 = DIRECTION( '', ( 1.00000000000000, 0.000000000000000, 1.03636972369937E-016 ) );
#9453 = DIRECTION( '', ( -2.19030741916264E-017, -2.19030741916264E-017, 1.00000000000000 ) );
#9454 = DIRECTION( '', ( -2.19030741916264E-017, -2.19030741916264E-017, 1.00000000000000 ) );
#9455 = DIRECTION( '', ( -2.19030741916264E-017, -2.19030741916264E-017, 1.00000000000000 ) );
#9456 = DIRECTION( '', ( 2.23184323300895E-016, -1.00000000000000, 9.77684558333484E-033 ) );
#9457 = DIRECTION( '', ( 2.19030741916264E-017, 2.19030741916264E-017, -1.00000000000000 ) );
#9458 = DIRECTION( '', ( -9.30143641096945E-016, -1.00000000000000, 0.000000000000000 ) );
#9459 = DIRECTION( '', ( 0.000000000000000, 0.000000000000000, -1.00000000000000 ) );
#9460 = DIRECTION( '', ( 0.000000000000000, 1.00000000000000, 0.000000000000000 ) );
#9461 = DIRECTION( '', ( 0.000000000000000, 1.00000000000000, 0.000000000000000 ) );
#9462 = CARTESIAN_POINT( '', ( 2.95000000000000, 0.475000000000000, -0.400000000000000 ) );
#9463 = DIRECTION( '', ( 0.000000000000000, -1.00000000000000, 0.000000000000000 ) );
#9464 = DIRECTION( '', ( -1.00000000000000, 0.000000000000000, 1.08420217248550E-015 ) );
#9465 = DIRECTION( '', ( -2.19030741916264E-017, -2.19030741916264E-017, 1.00000000000000 ) );
#9466 = DIRECTION( '', ( -2.19030741916264E-017, -2.19030741916264E-017, 1.00000000000000 ) );
#9467 = DIRECTION( '', ( -2.19030741916264E-017, -2.19030741916264E-017, 1.00000000000000 ) );
#9468 = DIRECTION( '', ( -2.19030741916264E-017, -2.19030741916264E-017, 1.00000000000000 ) );
#9469 = DIRECTION( '', ( -0.707106781186548, 0.707106781186547, -3.09756245794621E-017 ) );
#9470 = DIRECTION( '', ( -0.707106781186547, -0.707106781186548, -3.09756245794621E-017 ) );
#9471 = DIRECTION( '', ( 3.94255335449275E-017, -1.00000000000000, 0.000000000000000 ) );
#9472 = DIRECTION( '', ( 0.000000000000000, 0.000000000000000, -1.00000000000000 ) );
#9473 = DIRECTION( '', ( 3.94255335449275E-017, -1.00000000000000, 0.000000000000000 ) );
#9474 = DIRECTION( '', ( 0.000000000000000, 0.000000000000000, -1.00000000000000 ) );
#9475 = DIRECTION( '', ( 0.000000000000000, -1.00000000000000, 0.000000000000000 ) );
#9476 = DIRECTION( '', ( -6.72746481715160E-016, 1.80700362080917E-016, 1.00000000000000 ) );
#9477 = DIRECTION( '', ( 0.000000000000000, 1.00000000000000, 0.000000000000000 ) );
#9478 = DIRECTION( '', ( 6.72746481715160E-016, 0.000000000000000, -1.00000000000000 ) );
#9479 = DIRECTION( '', ( -2.19030741916264E-017, -2.19030741916264E-017, 1.00000000000000 ) );
#9480 = DIRECTION( '', ( -2.19030741916264E-017, -2.19030741916264E-017, 1.00000000000000 ) );
#9481 = CARTESIAN_POINT( '', ( -3.00059364866309E-017, 0.000000000000000, 0.300000000000000 ) );
#9482 = DIRECTION( '', ( -1.00019788288769E-016, 0.000000000000000, 1.00000000000000 ) );
#9483 = DIRECTION( '', ( 1.00000000000000, 0.000000000000000, 1.00019788288769E-016 ) );
#9484 = CARTESIAN_POINT( '', ( 2.75000000000000, -3.36777869765522E-016, 0.300000000000000 ) );
#9485 = DIRECTION( '', ( -1.00019788288769E-016, 0.000000000000000, 1.00000000000000 ) );
#9486 = DIRECTION( '', ( 1.00000000000000, 0.000000000000000, 1.00019788288769E-016 ) );
#9487 = CARTESIAN_POINT( '', ( -3.00059364866309E-017, 0.000000000000000, 0.300000000000000 ) );
#9488 = DIRECTION( '', ( -1.03636972369937E-016, 0.000000000000000, 1.00000000000000 ) );
#9489 = DIRECTION( '', ( 1.00000000000000, 0.000000000000000, 1.03636972369937E-016 ) );
#9490 = DIRECTION( '', ( 0.000000000000000, 0.000000000000000, -1.00000000000000 ) );
#9491 = CARTESIAN_POINT( '', ( 0.000000000000000, 0.000000000000000, 1.90000000000000 ) );
#9492 = DIRECTION( '', ( 0.000000000000000, 0.000000000000000, 1.00000000000000 ) );
#9493 = DIRECTION( '', ( 1.00000000000000, 0.000000000000000, 0.000000000000000 ) );
#9494 = DIRECTION( '', ( 0.000000000000000, 0.000000000000000, -1.00000000000000 ) );
#9495 = DIRECTION( '', ( 1.03636972369937E-016, 0.000000000000000, -1.00000000000000 ) );
#9496 = CARTESIAN_POINT( '', ( -3.00059364866309E-017, 0.000000000000000, 0.300000000000000 ) );
#9497 = DIRECTION( '', ( -1.03636972369937E-016, 0.000000000000000, 1.00000000000000 ) );
#9498 = DIRECTION( '', ( 1.00000000000000, 0.000000000000000, 1.03636972369937E-016 ) );
#9499 = CARTESIAN_POINT( '', ( -2.00039576577539E-017, 0.000000000000000, 0.200000000000000 ) );
#9500 = DIRECTION( '', ( -1.03636972369937E-016, 0.000000000000000, 1.00000000000000 ) );
#9501 = DIRECTION( '', ( 1.00000000000000, 0.000000000000000, 1.03636972369937E-016 ) );
#9502 = DIRECTION( '', ( -1.00000000000000, 0.000000000000000, 0.000000000000000 ) );
#9503 = DIRECTION( '', ( 1.00000000000000, 0.000000000000000, 0.000000000000000 ) );
#9504 = DIRECTION( '', ( 0.000000000000000, 0.000000000000000, -1.00000000000000 ) );
#9505 = DIRECTION( '', ( -1.00000000000000, 0.000000000000000, 0.000000000000000 ) );
#9506 = DIRECTION( '', ( 0.000000000000000, 0.000000000000000, -1.00000000000000 ) );
#9507 = DIRECTION( '', ( -1.00000000000000, 6.19544098563146E-016, 0.000000000000000 ) );
#9508 = DIRECTION( '', ( 0.000000000000000, 0.000000000000000, -1.00000000000000 ) );
#9509 = DIRECTION( '', ( -1.00000000000000, -6.19544098563146E-016, 0.000000000000000 ) );
#9510 = DIRECTION( '', ( 0.000000000000000, -1.00000000000000, 0.000000000000000 ) );
#9511 = DIRECTION( '', ( 4.38061483832527E-017, 0.000000000000000, -1.00000000000000 ) );
#9512 = DIRECTION( '', ( 0.000000000000000, -1.00000000000000, 0.000000000000000 ) );
#9513 = DIRECTION( '', ( -4.38061483832527E-017, 0.000000000000000, 1.00000000000000 ) );
#9514 = DIRECTION( '', ( 0.000000000000000, -1.00000000000000, 0.000000000000000 ) );
#9515 = DIRECTION( '', ( -4.38061483832527E-017, 0.000000000000000, 1.00000000000000 ) );
#9516 = DIRECTION( '', ( 0.000000000000000, -1.00000000000000, 0.000000000000000 ) );
#9517 = DIRECTION( '', ( -4.38061483832527E-017, 0.000000000000000, 1.00000000000000 ) );
#9518 = DIRECTION( '', ( 0.000000000000000, -1.00000000000000, 0.000000000000000 ) );
#9519 = DIRECTION( '', ( 4.38061483832527E-017, 3.08148791101958E-033, -1.00000000000000 ) );
#9520 = DIRECTION( '', ( 0.000000000000000, -1.00000000000000, 0.000000000000000 ) );
#9521 = DIRECTION( '', ( -4.38061483832527E-017, 8.71576399210523E-033, 1.00000000000000 ) );
#9522 = DIRECTION( '', ( -0.707106781186547, -0.707106781186548, -3.09756245794621E-017 ) );
#9523 = DIRECTION( '', ( -0.707106781186547, -0.707106781186548, -3.09756245794621E-017 ) );
#9524 = DIRECTION( '', ( -2.19030741916264E-017, -2.19030741916264E-017, 1.00000000000000 ) );
#9525 = DIRECTION( '', ( 0.707106781186548, -0.707106781186547, 3.09756245794621E-017 ) );
#9526 = DIRECTION( '', ( 0.330584150343335, 0.943776519914421, 1.44816183430917E-017 ) );
#9527 = DIRECTION( '', ( -0.707106781186548, 0.707106781186547, -3.09756245794621E-017 ) );
#9528 = DIRECTION( '', ( -2.19030741916264E-017, -2.19030741916264E-017, 1.00000000000000 ) );
#9529 = DIRECTION( '', ( -2.19030741916264E-017, -2.19030741916264E-017, 1.00000000000000 ) );
#9530 = DIRECTION( '', ( 0.707106781186548, -0.707106781186547, 3.09756245794621E-017 ) );
#9531 = DIRECTION( '', ( 0.707106781186548, -0.707106781186547, 3.09756245794621E-017 ) );
#9532 = CARTESIAN_POINT( '', ( -3.00059364866309E-017, 0.000000000000000, 0.300000000000000 ) );
#9533 = DIRECTION( '', ( -1.03636972369937E-016, 0.000000000000000, 1.00000000000000 ) );
#9534 = DIRECTION( '', ( 1.00000000000000, 0.000000000000000, 1.03636972369937E-016 ) );
#9535 = CARTESIAN_POINT( '', ( 2.75000000000000, -3.36777869765522E-016, 0.300000000000000 ) );
#9536 = DIRECTION( '', ( -1.00019788288769E-016, 0.000000000000000, 1.00000000000000 ) );
#9537 = DIRECTION( '', ( 1.00000000000000, 0.000000000000000, 1.00019788288769E-016 ) );
#9538 = CARTESIAN_POINT( '', ( -3.00059364866309E-017, 0.000000000000000, 0.300000000000000 ) );
#9539 = DIRECTION( '', ( -1.00019788288769E-016, 0.000000000000000, 1.00000000000000 ) );
#9540 = DIRECTION( '', ( 1.00000000000000, 0.000000000000000, 1.00019788288769E-016 ) );
#9541 = CARTESIAN_POINT( '', ( -4.05206872545088E-016, 0.000000000000000, 9.25000000000000 ) );
#9542 = DIRECTION( '', ( 4.38061483832527E-017, 0.000000000000000, -1.00000000000000 ) );
#9543 = DIRECTION( '', ( -1.00000000000000, 0.000000000000000, -4.38061483832527E-017 ) );
#9544 = CARTESIAN_POINT( '', ( -1.22657215473108E-016, 0.000000000000000, 2.80000000000000 ) );
#9545 = DIRECTION( '', ( -4.38061483832527E-017, 0.000000000000000, 1.00000000000000 ) );
#9546 = DIRECTION( '', ( 1.00000000000000, 0.000000000000000, 4.38061483832527E-017 ) );
#9547 = DIRECTION( '', ( 1.00000000000000, -9.59489318087776E-034, 4.38061483832527E-017 ) );
#9548 = DIRECTION( '', ( -2.19030741916264E-017, -2.19030741916264E-017, 1.00000000000000 ) );
#9549 = DIRECTION( '', ( -6.57092225748792E-017, -2.19030741916264E-017, 1.00000000000000 ) );
#9550 = DIRECTION( '', ( 0.170573603889969, -0.985344937398061, -1.78459969670380E-017 ) );
#9551 = DIRECTION( '', ( -2.19030741916264E-017, -2.19030741916264E-017, 1.00000000000000 ) );
#9552 = DIRECTION( '', ( 0.170573603889969, -0.985344937398061, -1.78459969670380E-017 ) );
#9553 = DIRECTION( '', ( -2.19030741916264E-017, -2.19030741916264E-017, 1.00000000000000 ) );
#9554 = DIRECTION( '', ( 1.00000000000000, 0.000000000000000, 1.70070929017335E-016 ) );
#9555 = DIRECTION( '', ( 0.000000000000000, 1.00000000000000, 0.000000000000000 ) );
#9556 = DIRECTION( '', ( 1.00000000000000, 0.000000000000000, 1.70070929017335E-016 ) );
#9557 = CARTESIAN_POINT( '', ( -2.00039576577539E-017, 0.000000000000000, 0.200000000000000 ) );
#9558 = DIRECTION( '', ( -1.03636972369937E-016, 0.000000000000000, 1.00000000000000 ) );
#9559 = DIRECTION( '', ( 1.00000000000000, 0.000000000000000, 1.03636972369937E-016 ) );
#9560 = CARTESIAN_POINT( '', ( -3.00059364866309E-017, 0.000000000000000, 0.300000000000000 ) );
#9561 = DIRECTION( '', ( -1.03636972369937E-016, 0.000000000000000, 1.00000000000000 ) );
#9562 = DIRECTION( '', ( 1.00000000000000, 0.000000000000000, 1.03636972369937E-016 ) );
#9563 = DIRECTION( '', ( 0.504988503037566, 0.863126069470665, 2.99659149842929E-017 ) );
#9564 = DIRECTION( '', ( -2.19030741916264E-017, -2.19030741916264E-017, 1.00000000000000 ) );
#9565 = DIRECTION( '', ( 0.504988503037566, 0.863126069470665, 2.99659149842929E-017 ) );
#9566 = DIRECTION( '', ( -2.19030741916264E-017, -2.19030741916264E-017, 1.00000000000000 ) );
#9567 = DIRECTION( '', ( -0.707106781186548, 0.707106781186547, -3.09756245794621E-017 ) );
#9568 = DIRECTION( '', ( -2.19030741916264E-017, -2.19030741916264E-017, 1.00000000000000 ) );
#9569 = DIRECTION( '', ( 0.707106781186548, -0.707106781186547, 3.09756245794621E-017 ) );
#9570 = DIRECTION( '', ( -0.707106781186547, -0.707106781186548, -3.09756245794621E-017 ) );
#9571 = DIRECTION( '', ( -0.707106781186548, 0.707106781186547, -3.09756245794621E-017 ) );
#9572 = CARTESIAN_POINT( '', ( 3.50000000000000, 3.50000000000000, -0.0500000000000000 ) );
#9573 = DIRECTION( '', ( 0.000000000000000, 0.000000000000000, 1.00000000000000 ) );
#9574 = DIRECTION( '', ( 1.00000000000000, 0.000000000000000, 0.000000000000000 ) );
#9575 = CARTESIAN_POINT( '', ( 3.50000000000000, 3.50000000000000, 0.000000000000000 ) );
#9576 = DIRECTION( '', ( 0.000000000000000, 0.000000000000000, -1.00000000000000 ) );
#9577 = DIRECTION( '', ( -1.00000000000000, 0.000000000000000, 0.000000000000000 ) );
#9578 = DIRECTION( '', ( 0.000000000000000, 0.000000000000000, -1.00000000000000 ) );
#9579 = DIRECTION( '', ( -4.65071820548472E-016, 1.00000000000000, 0.000000000000000 ) );
#9580 = DIRECTION( '', ( 3.94255335449275E-016, 0.000000000000000, -1.00000000000000 ) );
#9581 = DIRECTION( '', ( 0.000000000000000, -1.00000000000000, 0.000000000000000 ) );
#9582 = DIRECTION( '', ( 0.000000000000000, -1.00000000000000, 0.000000000000000 ) );
#9583 = CARTESIAN_POINT( '', ( 2.75000000000000, -3.36777869765522E-016, 0.200000000000000 ) );
#9584 = DIRECTION( '', ( 1.01979412263490E-016, 0.000000000000000, -1.00000000000000 ) );
#9585 = DIRECTION( '', ( 1.00000000000000, 0.000000000000000, 1.01979412263490E-016 ) );
#9586 = CARTESIAN_POINT( '', ( -2.00039576577539E-017, 0.000000000000000, 0.200000000000000 ) );
#9587 = DIRECTION( '', ( -1.03636972369937E-016, 0.000000000000000, 1.00000000000000 ) );
#9588 = DIRECTION( '', ( 1.00000000000000, 0.000000000000000, 1.03636972369937E-016 ) );
#9589 = DIRECTION( '', ( -2.19030741916264E-017, -2.19030741916264E-017, 1.00000000000000 ) );
#9590 = DIRECTION( '', ( -2.19030741916264E-017, -2.19030741916264E-017, 1.00000000000000 ) );
#9591 = DIRECTION( '', ( 0.000000000000000, 1.00000000000000, 0.000000000000000 ) );
#9592 = DIRECTION( '', ( 1.00000000000000, 0.000000000000000, -1.70070929017335E-016 ) );
#9593 = DIRECTION( '', ( -2.19030741916264E-017, -2.19030741916264E-017, 1.00000000000000 ) );
#9594 = DIRECTION( '', ( -2.19030741916264E-017, -2.19030741916264E-017, 1.00000000000000 ) );
#9595 = DIRECTION( '', ( -2.19030741916264E-017, -2.19030741916264E-017, 1.00000000000000 ) );
#9596 = DIRECTION( '', ( -2.19030741916264E-017, -2.19030741916264E-017, 1.00000000000000 ) );
#9597 = DIRECTION( '', ( -0.707106781186547, -0.707106781186548, -3.09756245794621E-017 ) );
#9598 = DIRECTION( '', ( -2.19030741916264E-017, -2.19030741916264E-017, 1.00000000000000 ) );
#9599 = DIRECTION( '', ( -0.707106781186547, -0.707106781186548, -3.09756245794621E-017 ) );
#9600 = DIRECTION( '', ( -4.38061483832527E-017, 0.000000000000000, 1.00000000000000 ) );
#9601 = DIRECTION( '', ( -2.19030741916264E-017, -2.19030741916264E-017, 1.00000000000000 ) );
#9602 = DIRECTION( '', ( 0.707106781186550, 0.707106781186545, 3.09756245794622E-017 ) );
#9603 = DIRECTION( '', ( 0.519661496168014, 0.854372242878022, 3.00955629281231E-017 ) );
#9604 = DIRECTION( '', ( -2.19030741916264E-017, -2.19030741916264E-017, 1.00000000000000 ) );
#9605 = DIRECTION( '', ( 0.519661496168014, 0.854372242878022, 3.00955629281231E-017 ) );
#9606 = DIRECTION( '', ( -2.19030741916264E-017, -2.19030741916264E-017, 1.00000000000000 ) );
#9607 = CARTESIAN_POINT( '', ( -5.41667796858910E-032, 0.000000000000000, 5.42101086242752E-016 ) );
#9608 = DIRECTION( '', ( -4.38061483832527E-017, 0.000000000000000, 1.00000000000000 ) );
#9609 = DIRECTION( '', ( 1.00000000000000, 0.000000000000000, 4.38061483832527E-017 ) );
#9610 = CARTESIAN_POINT( '', ( -2.19030741916264E-017, 0.000000000000000, 0.500000000000000 ) );
#9611 = DIRECTION( '', ( -4.38061483832527E-017, 0.000000000000000, 1.00000000000000 ) );
#9612 = DIRECTION( '', ( 1.00000000000000, 0.000000000000000, 4.38061483832527E-017 ) );
#9613 = CARTESIAN_POINT( '', ( -2.00039576577539E-017, 0.000000000000000, 0.200000000000000 ) );
#9614 = DIRECTION( '', ( -1.03636972369937E-016, 0.000000000000000, 1.00000000000000 ) );
#9615 = DIRECTION( '', ( 1.00000000000000, 0.000000000000000, 1.03636972369937E-016 ) );
#9616 = CARTESIAN_POINT( '', ( -3.00059364866309E-017, 0.000000000000000, 0.300000000000000 ) );
#9617 = DIRECTION( '', ( -1.00019788288769E-016, 0.000000000000000, 1.00000000000000 ) );
#9618 = DIRECTION( '', ( 1.00000000000000, 0.000000000000000, 1.00019788288769E-016 ) );
#9619 = DIRECTION( '', ( -2.19030741916264E-017, -2.19030741916264E-017, 1.00000000000000 ) );
#9620 = DIRECTION( '', ( -2.19030741916264E-017, -2.19030741916264E-017, 1.00000000000000 ) );
#9621 = DIRECTION( '', ( 3.94255335449275E-017, 1.00000000000000, 0.000000000000000 ) );
#9622 = DIRECTION( '', ( 3.94255335449275E-017, 1.00000000000000, 0.000000000000000 ) );
#9623 = DIRECTION( '', ( 0.000000000000000, 0.000000000000000, -1.00000000000000 ) );
#9624 = DIRECTION( '', ( 0.000000000000000, -1.00000000000000, 0.000000000000000 ) );
#9625 = CARTESIAN_POINT( '', ( -2.95000000000000, -0.475000000000000, -0.400000000000000 ) );
#9626 = DIRECTION( '', ( 0.000000000000000, -1.00000000000000, 0.000000000000000 ) );
#9627 = DIRECTION( '', ( 0.000000000000000, 0.000000000000000, -1.00000000000000 ) );
#9628 = DIRECTION( '', ( 0.000000000000000, -1.00000000000000, 0.000000000000000 ) );
#9629 = CARTESIAN_POINT( '', ( -2.95000000000000, 0.475000000000000, -0.400000000000000 ) );
#9630 = DIRECTION( '', ( 0.000000000000000, -1.00000000000000, 0.000000000000000 ) );
#9631 = DIRECTION( '', ( 0.000000000000000, 0.000000000000000, -1.00000000000000 ) );
#9632 = DIRECTION( '', ( -2.19030741916264E-017, -2.19030741916264E-017, 1.00000000000000 ) );
#9633 = DIRECTION( '', ( -2.19030741916264E-017, -2.19030741916264E-017, 1.00000000000000 ) );
#9634 = DIRECTION( '', ( -2.19030741916264E-017, -2.19030741916264E-017, 1.00000000000000 ) );
#9635 = DIRECTION( '', ( 0.707106781186550, 0.707106781186545, 3.09756245794622E-017 ) );
#9636 = DIRECTION( '', ( -2.19030741916264E-017, -2.19030741916264E-017, 1.00000000000000 ) );
#9637 = CARTESIAN_POINT( '', ( -2.00039576577539E-017, 0.000000000000000, 0.200000000000000 ) );
#9638 = DIRECTION( '', ( -1.03636972369937E-016, 0.000000000000000, 1.00000000000000 ) );
#9639 = DIRECTION( '', ( 1.00000000000000, 0.000000000000000, 1.03636972369937E-016 ) );
#9640 = DIRECTION( '', ( -0.141458864167963, 0.989944134660290, 1.85844358300956E-017 ) );
#9641 = DIRECTION( '', ( -2.19030741916264E-017, -2.19030741916264E-017, 1.00000000000000 ) );
#9642 = DIRECTION( '', ( -0.141458864167963, 0.989944134660290, 1.85844358300956E-017 ) );
#9643 = DIRECTION( '', ( -2.19030741916264E-017, -2.19030741916264E-017, 1.00000000000000 ) );
#9644 = DIRECTION( '', ( -0.707106781186547, -0.707106781186548, 0.000000000000000 ) );
#9645 = DIRECTION( '', ( -1.97127667724637E-016, 1.00000000000000, 0.000000000000000 ) );
#9646 = CARTESIAN_POINT( '', ( 5.57214293612046E-016, -2.40000000000000, 0.000000000000000 ) );
#9647 = DIRECTION( '', ( 0.000000000000000, 0.000000000000000, 1.00000000000000 ) );
#9648 = DIRECTION( '', ( 1.00000000000000, 0.000000000000000, 0.000000000000000 ) );
#9649 = DIRECTION( '', ( 0.000000000000000, 1.00000000000000, 0.000000000000000 ) );
#9650 = CARTESIAN_POINT( '', ( -4.35000000000000, 4.35000000000000, 0.000000000000000 ) );
#9651 = DIRECTION( '', ( 0.000000000000000, 0.000000000000000, -1.00000000000000 ) );
#9652 = DIRECTION( '', ( -1.00000000000000, 0.000000000000000, 0.000000000000000 ) );
#9653 = CARTESIAN_POINT( '', ( 5.57214293612046E-016, 2.40000000000000, 0.000000000000000 ) );
#9654 = DIRECTION( '', ( 0.000000000000000, 0.000000000000000, -1.00000000000000 ) );
#9655 = DIRECTION( '', ( 1.00000000000000, 0.000000000000000, 0.000000000000000 ) );
#9656 = DIRECTION( '', ( -1.97127667724637E-016, -1.00000000000000, 0.000000000000000 ) );
#9657 = CARTESIAN_POINT( '', ( 3.50000000000000, -3.50000000000000, 0.000000000000000 ) );
#9658 = DIRECTION( '', ( 0.000000000000000, 0.000000000000000, -1.00000000000000 ) );
#9659 = DIRECTION( '', ( 1.00000000000000, 0.000000000000000, 0.000000000000000 ) );
#9660 = CARTESIAN_POINT( '', ( -3.50000000000000, 3.50000000000000, 0.000000000000000 ) );
#9661 = DIRECTION( '', ( 0.000000000000000, 0.000000000000000, -1.00000000000000 ) );
#9662 = DIRECTION( '', ( 1.00000000000000, 0.000000000000000, 0.000000000000000 ) );
#9663 = CARTESIAN_POINT( '', ( 2.95000000000000, 0.475000000000000, -0.400000000000000 ) );
#9664 = DIRECTION( '', ( 0.000000000000000, -1.00000000000000, 0.000000000000000 ) );
#9665 = DIRECTION( '', ( -1.00000000000000, 0.000000000000000, 7.58941520739845E-015 ) );
#9666 = DIRECTION( '', ( 0.000000000000000, -1.00000000000000, 0.000000000000000 ) );
#9667 = DIRECTION( '', ( 0.707106781186548, -0.707106781186547, 3.09756245794621E-017 ) );
#9668 = DIRECTION( '', ( -1.87076606548486E-016, 1.00000000000000, -8.19510558549838E-033 ) );
#9669 = DIRECTION( '', ( -0.707106781186548, 0.707106781186547, -3.09756245794621E-017 ) );
#9670 = DIRECTION( '', ( 0.000000000000000, 1.00000000000000, 0.000000000000000 ) );
#9671 = DIRECTION( '', ( 3.94255335449275E-016, 0.000000000000000, -1.00000000000000 ) );
#9672 = DIRECTION( '', ( 0.707106781186548, -0.707106781186547, 3.09756245794621E-017 ) );
#9673 = DIRECTION( '', ( 2.19030741916264E-017, 2.19030741916264E-017, -1.00000000000000 ) );
#9674 = DIRECTION( '', ( -2.19030741916264E-017, -2.19030741916264E-017, 1.00000000000000 ) );
#9675 = DIRECTION( '', ( -1.87076606548486E-016, 1.00000000000000, -8.19510558549838E-033 ) );
#9676 = DIRECTION( '', ( 2.19030741916264E-017, -2.19030741916262E-017, -1.00000000000000 ) );
#9677 = DIRECTION( '', ( 1.00000000000000, 1.11022302462516E-016, 2.19030741916264E-017 ) );
#9678 = DIRECTION( '', ( -2.19030741916264E-017, -2.19030741916264E-017, 1.00000000000000 ) );
#9679 = DIRECTION( '', ( 1.00000000000000, 1.11022302462516E-016, 2.19030741916264E-017 ) );
#9680 = DIRECTION( '', ( -2.19030741916264E-017, -2.19030741916264E-017, 1.00000000000000 ) );
#9681 = DIRECTION( '', ( -2.19030741916264E-017, -2.19030741916264E-017, 1.00000000000000 ) );
#9682 = DIRECTION( '', ( -2.19030741916264E-017, -2.19030741916264E-017, 1.00000000000000 ) );
#9683 = DIRECTION( '', ( -2.19030741916264E-017, -2.19030741916264E-017, 1.00000000000000 ) );
#9684 = DIRECTION( '', ( 0.507261555133471, 0.861792152832441, 2.99864849378985E-017 ) );
#9685 = DIRECTION( '', ( -2.19030741916264E-017, -2.19030741916264E-017, 1.00000000000000 ) );
#9686 = DIRECTION( '', ( 0.507261555133471, 0.861792152832441, 2.99864849378985E-017 ) );
#9687 = DIRECTION( '', ( -2.19030741916264E-017, -2.19030741916264E-017, 1.00000000000000 ) );
#9688 = DIRECTION( '', ( -2.19030741916264E-017, -2.19030741916264E-017, 1.00000000000000 ) );
#9689 = DIRECTION( '', ( -2.19030741916264E-017, -2.19030741916264E-017, 1.00000000000000 ) );
#9690 = DIRECTION( '', ( -1.00000000000000, 1.11022302462516E-016, -2.19030741916264E-017 ) );
#9691 = DIRECTION( '', ( -0.503548846457895, -0.863966758174713, -2.99527957464748E-017 ) );
#9692 = DIRECTION( '', ( 0.509202702893943, 0.860646621654615, 3.00039113869363E-017 ) );
#9693 = DIRECTION( '', ( -1.00000000000000, -2.77555756156289E-016, -2.19030741916264E-017 ) );
#9694 = DIRECTION( '', ( 1.00000000000000, 2.77555756156289E-016, 2.19030741916264E-017 ) );
#9695 = DIRECTION( '', ( -1.00000000000000, -1.11022302462516E-016, -2.19030741916264E-017 ) );
#9696 = DIRECTION( '', ( 1.00000000000000, -2.22044604925032E-016, 2.19030741916264E-017 ) );
#9697 = DIRECTION( '', ( 0.507254689190442, 0.861796194174881, 2.99864230704622E-017 ) );
#9698 = CARTESIAN_POINT( '', ( 2.75000000000000, -3.36777869765522E-016, 0.300000000000000 ) );
#9699 = DIRECTION( '', ( -1.00019788288769E-016, 0.000000000000000, 1.00000000000000 ) );
#9700 = DIRECTION( '', ( 1.00000000000000, 0.000000000000000, 1.00019788288769E-016 ) );
#9701 = CARTESIAN_POINT( '', ( -3.00059364866309E-017, 0.000000000000000, 0.300000000000000 ) );
#9702 = DIRECTION( '', ( -1.00019788288769E-016, 0.000000000000000, 1.00000000000000 ) );
#9703 = DIRECTION( '', ( 1.00000000000000, 0.000000000000000, 1.00019788288769E-016 ) );
#9704 = CARTESIAN_POINT( '', ( 2.75000000000000, -3.36777869765522E-016, 0.300000000000000 ) );
#9705 = DIRECTION( '', ( -1.00019788288769E-016, 0.000000000000000, 1.00000000000000 ) );
#9706 = DIRECTION( '', ( 1.00000000000000, 0.000000000000000, 1.00019788288769E-016 ) );
#9707 = CARTESIAN_POINT( '', ( -3.00059364866309E-017, 0.000000000000000, 0.300000000000000 ) );
#9708 = DIRECTION( '', ( -1.00019788288769E-016, 0.000000000000000, 1.00000000000000 ) );
#9709 = DIRECTION( '', ( 1.00000000000000, 0.000000000000000, 1.00019788288769E-016 ) );
#9710 = DIRECTION( '', ( 1.00000000000000, 0.000000000000000, 1.70070929017335E-016 ) );
#9711 = DIRECTION( '', ( 1.00000000000000, 0.000000000000000, 1.70070929017335E-016 ) );
#9712 = DIRECTION( '', ( -2.19030741916264E-017, -2.19030741916264E-017, 1.00000000000000 ) );
#9713 = DIRECTION( '', ( -2.19030741916264E-017, -2.19030741916264E-017, 1.00000000000000 ) );
#9714 = DIRECTION( '', ( -0.707106781186548, 0.707106781186547, -3.09756245794621E-017 ) );
#9715 = DIRECTION( '', ( 0.000000000000000, 0.000000000000000, -1.00000000000000 ) );
#9716 = CARTESIAN_POINT( '', ( 0.000000000000000, 0.000000000000000, 1.10000000000000 ) );
#9717 = DIRECTION( '', ( 0.000000000000000, 0.000000000000000, 1.00000000000000 ) );
#9718 = DIRECTION( '', ( 1.00000000000000, 0.000000000000000, 0.000000000000000 ) );
#9719 = DIRECTION( '', ( 0.000000000000000, 0.000000000000000, -1.00000000000000 ) );
#9720 = DIRECTION( '', ( -2.19030741916264E-017, -2.19030741916264E-017, 1.00000000000000 ) );
#9721 = DIRECTION( '', ( 1.03636972369937E-016, 0.000000000000000, -1.00000000000000 ) );
#9722 = DIRECTION( '', ( 0.707106781186539, -0.707106781186556, 3.09756245794617E-017 ) );
#9723 = DIRECTION( '', ( 1.00000000000000, -1.86028728219389E-015, 0.000000000000000 ) );
#9724 = DIRECTION( '', ( -2.19030741916264E-017, -2.19030741916264E-017, 1.00000000000000 ) );
#9725 = DIRECTION( '', ( -2.19030741916264E-017, -2.19030741916264E-017, 1.00000000000000 ) );
#9726 = DIRECTION( '', ( -2.19030741916264E-017, -2.19030741916264E-017, 1.00000000000000 ) );
#9727 = DIRECTION( '', ( -2.19030741916264E-017, -2.19030741916264E-017, 1.00000000000000 ) );
#9728 = CARTESIAN_POINT( '', ( -2.95000000000000, -0.475000000000000, -0.400000000000000 ) );
#9729 = DIRECTION( '', ( 0.000000000000000, -1.00000000000000, 0.000000000000000 ) );
#9730 = DIRECTION( '', ( 0.000000000000000, 0.000000000000000, -1.00000000000000 ) );
#9731 = DIRECTION( '', ( 0.000000000000000, 1.00000000000000, 0.000000000000000 ) );
#9732 = CARTESIAN_POINT( '', ( -2.95000000000000, 0.475000000000000, -0.400000000000000 ) );
#9733 = DIRECTION( '', ( 0.000000000000000, -1.00000000000000, 0.000000000000000 ) );
#9734 = DIRECTION( '', ( 0.000000000000000, 0.000000000000000, -1.00000000000000 ) );
#9735 = DIRECTION( '', ( 1.00000000000000, 0.000000000000000, -1.08420217248550E-016 ) );
#9736 = DIRECTION( '', ( 1.00000000000000, 0.000000000000000, -1.70070929017335E-016 ) );
#9737 = DIRECTION( '', ( 6.72746481715160E-016, 0.000000000000000, 1.00000000000000 ) );
#9738 = DIRECTION( '', ( 2.19030741916264E-017, 2.19030741916264E-017, -1.00000000000000 ) );
#9739 = DIRECTION( '', ( -2.19030741916264E-017, -2.19030741916264E-017, 1.00000000000000 ) );
#9740 = DIRECTION( '', ( -1.00000000000000, 0.000000000000000, 0.000000000000000 ) );
#9741 = DIRECTION( '', ( 0.000000000000000, 0.000000000000000, -1.00000000000000 ) );
#9742 = DIRECTION( '', ( 1.03636972369937E-016, 0.000000000000000, -1.00000000000000 ) );
#9743 = CARTESIAN_POINT( '', ( -2.00039576577539E-017, 0.000000000000000, 0.200000000000000 ) );
#9744 = DIRECTION( '', ( -1.03636972369937E-016, 0.000000000000000, 1.00000000000000 ) );
#9745 = DIRECTION( '', ( 1.00000000000000, 0.000000000000000, 1.03636972369937E-016 ) );
#9746 = DIRECTION( '', ( 0.707106781186549, 0.707106781186545, 3.09756245794622E-017 ) );
#9747 = DIRECTION( '', ( 0.707106781186549, 0.707106781186545, 3.09756245794622E-017 ) );
#9748 = CARTESIAN_POINT( '', ( -8.90796752217547E-016, 0.000000000000000, 9.75000000000000 ) );
#9749 = DIRECTION( '', ( 0.000000000000000, 0.000000000000000, -1.00000000000000 ) );
#9750 = DIRECTION( '', ( 1.00000000000000, 0.000000000000000, 0.000000000000000 ) );
#9751 = CARTESIAN_POINT( '', ( -8.90358690733714E-016, 0.000000000000000, 9.74000000000000 ) );
#9752 = DIRECTION( '', ( 0.000000000000000, 0.000000000000000, -1.00000000000000 ) );
#9753 = DIRECTION( '', ( 1.00000000000000, 0.000000000000000, 0.000000000000000 ) );
#9754 = CARTESIAN_POINT( '', ( -4.27109946736713E-016, 0.000000000000000, 9.75000000000000 ) );
#9755 = DIRECTION( '', ( 4.38061483832527E-017, 0.000000000000000, -1.00000000000000 ) );
#9756 = DIRECTION( '', ( -1.00000000000000, 0.000000000000000, -4.38061483832527E-017 ) );
#9757 = DIRECTION( '', ( -2.19030741916264E-017, -2.19030741916264E-017, 1.00000000000000 ) );
#9758 = DIRECTION( '', ( -1.00000000000000, -1.11022302462516E-016, -2.19030741916264E-017 ) );
#9759 = DIRECTION( '', ( 0.000000000000000, -1.00000000000000, 0.000000000000000 ) );
#9760 = DIRECTION( '', ( 3.94255335449275E-016, 0.000000000000000, 1.00000000000000 ) );
#9761 = DIRECTION( '', ( -1.00000000000000, 1.80700362080917E-016, -1.08420217248550E-016 ) );
#9762 = DIRECTION( '', ( 3.94255335449275E-016, 0.000000000000000, 1.00000000000000 ) );
#9763 = DIRECTION( '', ( 0.707106781186549, 0.707106781186545, 3.09756245794622E-017 ) );
#9764 = DIRECTION( '', ( -0.707106781186547, -0.707106781186548, -3.09756245794621E-017 ) );
#9765 = CARTESIAN_POINT( '', ( -4.35000000000000, 4.35000000000000, 1.90000000000000 ) );
#9766 = DIRECTION( '', ( 0.000000000000000, 0.000000000000000, 1.00000000000000 ) );
#9767 = DIRECTION( '', ( 1.00000000000000, 0.000000000000000, 0.000000000000000 ) );
#9768 = DIRECTION( '', ( 0.000000000000000, 1.00000000000000, 0.000000000000000 ) );
#9769 = DIRECTION( '', ( -4.65071820548472E-016, -1.00000000000000, 0.000000000000000 ) );
#9770 = DIRECTION( '', ( -9.30143641096945E-016, 1.00000000000000, 0.000000000000000 ) );
#9771 = DIRECTION( '', ( -0.707106781186547, -0.707106781186548, 0.000000000000000 ) );
#9772 = CARTESIAN_POINT( '', ( 2.47597961720924E-032, 0.000000000000000, -2.47548976014705E-016 ) );
#9773 = DIRECTION( '', ( -1.00019788288769E-016, 0.000000000000000, 1.00000000000000 ) );
#9774 = DIRECTION( '', ( 1.00000000000000, 0.000000000000000, 1.00019788288769E-016 ) );
#9775 = CARTESIAN_POINT( '', ( -9.64649482472114E-017, 0.000000000000000, 2.20208696284493 ) );
#9776 = DIRECTION( '', ( -4.38061483832527E-017, 0.000000000000000, 1.00000000000000 ) );
#9777 = DIRECTION( '', ( 1.00000000000000, 0.000000000000000, 4.38061483832527E-017 ) );
#9778 = CARTESIAN_POINT( '', ( -1.09561081860092E-016, 0.000000000000000, 2.50104348142092 ) );
#9779 = DIRECTION( '', ( -4.38061483832527E-017, 0.000000000000000, 1.00000000000000 ) );
#9780 = DIRECTION( '', ( 1.00000000000000, 0.000000000000000, 4.38061483832527E-017 ) );
#9781 = DIRECTION( '', ( -2.19030741916264E-017, -2.19030741916264E-017, 1.00000000000000 ) );
#9782 = DIRECTION( '', ( -4.38061483832527E-017, 0.000000000000000, 1.00000000000000 ) );
#9783 = CARTESIAN_POINT( '', ( -7.88967779919203E-017, 0.000000000000000, 1.80104348142333 ) );
#9784 = DIRECTION( '', ( -4.38061483832527E-017, 0.000000000000000, 1.00000000000000 ) );
#9785 = DIRECTION( '', ( 1.00000000000000, 0.000000000000000, 4.38061483832527E-017 ) );
#9786 = CARTESIAN_POINT( '', ( -9.19929116048307E-017, 0.000000000000000, 2.10000000000000 ) );
#9787 = DIRECTION( '', ( 4.38061483832527E-017, 0.000000000000000, -1.00000000000000 ) );
#9788 = DIRECTION( '', ( -1.00000000000000, 0.000000000000000, -4.38061483832527E-017 ) );
#9789 = CARTESIAN_POINT( '', ( 5.57214293612046E-016, 2.40000000000000, 0.300000000000000 ) );
#9790 = DIRECTION( '', ( 0.000000000000000, 0.000000000000000, -1.00000000000000 ) );
#9791 = DIRECTION( '', ( 1.00000000000000, 0.000000000000000, 0.000000000000000 ) );
#9792 = DIRECTION( '', ( 0.000000000000000, 0.000000000000000, -1.00000000000000 ) );
#9793 = DIRECTION( '', ( -2.19030741916264E-017, -2.19030741916264E-017, 1.00000000000000 ) );
#9794 = DIRECTION( '', ( -2.19030741916264E-017, -2.19030741916264E-017, 1.00000000000000 ) );
#9795 = DIRECTION( '', ( -2.19030741916264E-017, -2.19030741916264E-017, 1.00000000000000 ) );
#9796 = DIRECTION( '', ( -0.0520731194826534, 0.998643274761987, 2.07327963386625E-017 ) );
#9797 = DIRECTION( '', ( -2.19030741916264E-017, -2.19030741916264E-017, 1.00000000000000 ) );
#9798 = DIRECTION( '', ( -0.0520731194826534, 0.998643274761987, 2.07327963386625E-017 ) );
#9799 = DIRECTION( '', ( -2.19030741916264E-017, -2.19030741916264E-017, 1.00000000000000 ) );
#9800 = CARTESIAN_POINT( '', ( -3.00059364866309E-017, 0.000000000000000, 0.300000000000000 ) );
#9801 = DIRECTION( '', ( -1.00019788288769E-016, 0.000000000000000, 1.00000000000000 ) );
#9802 = DIRECTION( '', ( 1.00000000000000, 0.000000000000000, 1.00019788288769E-016 ) );
#9803 = DIRECTION( '', ( 1.03636972369937E-016, 0.000000000000000, -1.00000000000000 ) );
#9804 = DIRECTION( '', ( -2.19030741916264E-017, -2.19030741916264E-017, 1.00000000000000 ) );
#9805 = DIRECTION( '', ( -2.19030741916264E-017, -2.19030741916264E-017, 1.00000000000000 ) );
#9806 = CARTESIAN_POINT( '', ( -6.58006443789345E-017, 0.000000000000000, 1.50208696284493 ) );
#9807 = DIRECTION( '', ( 4.38061483832527E-017, 0.000000000000000, -1.00000000000000 ) );
#9808 = DIRECTION( '', ( -1.00000000000000, 0.000000000000000, -4.38061483832527E-017 ) );
#9809 = DIRECTION( '', ( -2.19030741916264E-017, -2.19030741916264E-017, 1.00000000000000 ) );
#9810 = DIRECTION( '', ( -0.551256329818763, -0.834335938836838, -3.03487302597075E-017 ) );
#9811 = DIRECTION( '', ( -0.551256329818763, -0.834335938836838, -3.03487302597075E-017 ) );
#9812 = DIRECTION( '', ( -2.19030741916264E-017, -2.19030741916264E-017, 1.00000000000000 ) );
#9813 = CARTESIAN_POINT( '', ( -2.00039576577539E-017, 0.000000000000000, 0.200000000000000 ) );
#9814 = DIRECTION( '', ( -1.03636972369937E-016, 0.000000000000000, 1.00000000000000 ) );
#9815 = DIRECTION( '', ( 1.00000000000000, 0.000000000000000, 1.03636972369937E-016 ) );
#9816 = DIRECTION( '', ( -1.00000000000000, -2.77555756156289E-016, -2.19030741916264E-017 ) );
#9817 = DIRECTION( '', ( -2.19030741916264E-017, -2.19030741916264E-017, 1.00000000000000 ) );
#9818 = DIRECTION( '', ( 0.707106781186548, -0.707106781186547, 3.09756245794621E-017 ) );
#9819 = DIRECTION( '', ( 0.707106781186548, -0.707106781186547, 3.09756245794621E-017 ) );
#9820 = DIRECTION( '', ( -4.38061483832527E-017, 0.000000000000000, 1.00000000000000 ) );
#9821 = DIRECTION( '', ( 0.000000000000000, 0.000000000000000, -1.00000000000000 ) );
#9822 = CARTESIAN_POINT( '', ( 5.57214293612046E-016, -2.40000000000000, 0.300000000000000 ) );
#9823 = DIRECTION( '', ( 0.000000000000000, 0.000000000000000, 1.00000000000000 ) );
#9824 = DIRECTION( '', ( 1.00000000000000, 0.000000000000000, 0.000000000000000 ) );
#9825 = CARTESIAN_POINT( '', ( 5.57214293612046E-016, -2.40000000000000, 0.300000000000000 ) );
#9826 = DIRECTION( '', ( 0.000000000000000, 0.000000000000000, 1.00000000000000 ) );
#9827 = DIRECTION( '', ( 1.00000000000000, 0.000000000000000, 0.000000000000000 ) );
#9828 = DIRECTION( '', ( -1.97127667724637E-016, 1.00000000000000, 0.000000000000000 ) );
#9829 = DIRECTION( '', ( -2.19030741916264E-017, -2.19030741916264E-017, 1.00000000000000 ) );
#9830 = DIRECTION( '', ( -0.707106781186548, -0.707106781186548, -3.09756245794621E-017 ) );
#9831 = DIRECTION( '', ( -2.19030741916264E-017, -2.19030741916264E-017, 1.00000000000000 ) );
#9832 = DIRECTION( '', ( -2.19030741916264E-017, -2.19030741916264E-017, 1.00000000000000 ) );
#9833 = DIRECTION( '', ( -2.19030741916264E-017, -2.19030741916264E-017, 1.00000000000000 ) );
#9834 = DIRECTION( '', ( 0.583264946769653, 0.812281971897564, 3.05667676974636E-017 ) );
#9835 = DIRECTION( '', ( -2.19030741916264E-017, -2.19030741916264E-017, 1.00000000000000 ) );
#9836 = DIRECTION( '', ( 0.583264946769653, 0.812281971897564, 3.05667676974636E-017 ) );
#9837 = DIRECTION( '', ( -2.19030741916264E-017, -2.19030741916264E-017, 1.00000000000000 ) );
#9838 = DIRECTION( '', ( -2.19030741916264E-017, -2.19030741916264E-017, 1.00000000000000 ) );
#9839 = DIRECTION( '', ( -1.00000000000000, -2.22044604925032E-016, -2.19030741916264E-017 ) );
#9840 = DIRECTION( '', ( -1.00000000000000, -2.22044604925032E-016, -2.19030741916264E-017 ) );
#9841 = DIRECTION( '', ( 0.000000000000000, 1.00000000000000, 0.000000000000000 ) );
#9842 = DIRECTION( '', ( 3.94255335449275E-016, 0.000000000000000, 1.00000000000000 ) );
#9843 = DIRECTION( '', ( -2.19030741916264E-017, -2.19030741916264E-017, 1.00000000000000 ) );
#9844 = DIRECTION( '', ( -0.503548846457895, -0.863966758174713, -2.99527957464748E-017 ) );
#9845 = DIRECTION( '', ( -2.19030741916264E-017, -2.19030741916264E-017, 1.00000000000000 ) );
#9846 = DIRECTION( '', ( -0.707106781186547, -0.707106781186548, -3.09756245794621E-017 ) );
#9847 = CARTESIAN_POINT( '', ( -2.00039576577539E-017, 0.000000000000000, 0.200000000000000 ) );
#9848 = DIRECTION( '', ( -1.00019788288769E-016, 0.000000000000000, 1.00000000000000 ) );
#9849 = DIRECTION( '', ( 1.00000000000000, 0.000000000000000, 1.00019788288769E-016 ) );
#9850 = DIRECTION( '', ( 1.00000000000000, -2.22044604925032E-016, 2.19030741916264E-017 ) );
#9851 = DIRECTION( '', ( -2.19030741916264E-017, -2.19030741916264E-017, 1.00000000000000 ) );
#9852 = CARTESIAN_POINT( '', ( -3.50000000000000, 3.50000000000000, -0.0500000000000000 ) );
#9853 = DIRECTION( '', ( 0.000000000000000, 0.000000000000000, -1.00000000000000 ) );
#9854 = DIRECTION( '', ( 1.00000000000000, 0.000000000000000, 0.000000000000000 ) );
#9855 = DIRECTION( '', ( -2.19030741916264E-017, -2.19030741916264E-017, 1.00000000000000 ) );
#9856 = DIRECTION( '', ( 0.707106781186548, -0.707106781186547, 3.09756245794621E-017 ) );
#9857 = DIRECTION( '', ( 0.707106781186548, -0.707106781186547, 3.09756245794621E-017 ) );
#9858 = DIRECTION( '', ( 1.00000000000000, 5.55111512312578E-016, 2.19030741916264E-017 ) );
#9859 = DIRECTION( '', ( 1.00000000000000, 5.55111512312578E-016, 2.19030741916264E-017 ) );
#9860 = DIRECTION( '', ( -2.19030741916264E-017, -2.19030741916264E-017, 1.00000000000000 ) );
#9861 = DIRECTION( '', ( 0.000000000000000, 1.00000000000000, 0.000000000000000 ) );
#9862 = DIRECTION( '', ( 0.000000000000000, 0.000000000000000, -1.00000000000000 ) );
#9863 = DIRECTION( '', ( 1.00000000000000, 0.000000000000000, 1.08420217248550E-016 ) );
#9864 = DIRECTION( '', ( 3.94255335449275E-016, 0.000000000000000, 1.00000000000000 ) );
#9865 = DIRECTION( '', ( -0.505523561430525, -0.862812800576462, -2.99707728561392E-017 ) );
#9866 = DIRECTION( '', ( -0.505523561430525, -0.862812800576462, -2.99707728561392E-017 ) );
#9867 = DIRECTION( '', ( -2.19030741916264E-017, -2.19030741916264E-017, 1.00000000000000 ) );
#9868 = DIRECTION( '', ( 0.512281584109717, 0.858817546736231, 3.00312859869932E-017 ) );
#9869 = DIRECTION( '', ( 0.512281584109717, 0.858817546736231, 3.00312859869932E-017 ) );
#9870 = DIRECTION( '', ( -1.97127667724637E-016, -1.00000000000000, 0.000000000000000 ) );
#9871 = DIRECTION( '', ( 0.000000000000000, -1.00000000000000, 0.000000000000000 ) );
#9872 = DIRECTION( '', ( 0.507254689190442, 0.861796194174881, 2.99864230704622E-017 ) );
#9873 = DIRECTION( '', ( -2.19030741916264E-017, -2.19030741916264E-017, 1.00000000000000 ) );
#9874 = CARTESIAN_POINT( '', ( 5.57214293612046E-016, 2.40000000000000, 0.300000000000000 ) );
#9875 = DIRECTION( '', ( 0.000000000000000, 0.000000000000000, -1.00000000000000 ) );
#9876 = DIRECTION( '', ( -1.00000000000000, 0.000000000000000, 0.000000000000000 ) );
#9877 = DIRECTION( '', ( 0.707106781186539, -0.707106781186556, 3.09756245794617E-017 ) );
#9878 = DIRECTION( '', ( 0.0472575567111548, -0.998882737529131, -2.08435169380760E-017 ) );
#9879 = DIRECTION( '', ( 0.0472575567111548, -0.998882737529131, -2.08435169380760E-017 ) );
#9880 = CARTESIAN_POINT( '', ( 2.75000000000000, -3.36777869765522E-016, 0.200000000000000 ) );
#9881 = DIRECTION( '', ( 1.01979412263490E-016, 0.000000000000000, -1.00000000000000 ) );
#9882 = DIRECTION( '', ( 1.00000000000000, 0.000000000000000, 1.01979412263490E-016 ) );
#9883 = DIRECTION( '', ( 1.03636972369937E-016, 0.000000000000000, -1.00000000000000 ) );
#9884 = CARTESIAN_POINT( '', ( 2.75000000000000, -3.36777869765522E-016, 0.200000000000000 ) );
#9885 = DIRECTION( '', ( 1.01979412263490E-016, 0.000000000000000, -1.00000000000000 ) );
#9886 = DIRECTION( '', ( 1.00000000000000, 0.000000000000000, 1.01979412263490E-016 ) );
#9887 = DIRECTION( '', ( 1.03636972369937E-016, 0.000000000000000, -1.00000000000000 ) );
#9888 = CARTESIAN_POINT( '', ( 2.75000000000000, -3.36777869765522E-016, 0.700000000000000 ) );
#9889 = DIRECTION( '', ( 1.01979412263490E-016, 0.000000000000000, -1.00000000000000 ) );
#9890 = DIRECTION( '', ( 1.00000000000000, 0.000000000000000, 1.01979412263490E-016 ) );
#9891 = DIRECTION( '', ( 0.509202702893943, 0.860646621654615, 3.00039113869363E-017 ) );
#9892 = DIRECTION( '', ( 0.000000000000000, 0.000000000000000, -1.00000000000000 ) );
#9893 = DIRECTION( '', ( -1.00000000000000, -1.11022302462516E-016, -2.19030741916264E-017 ) );
#9894 = DIRECTION( '', ( -1.00000000000000, -1.11022302462516E-016, -2.19030741916264E-017 ) );
#9895 = CARTESIAN_POINT( '', ( 0.000000000000000, 0.000000000000000, 1.90000000000000 ) );
#9896 = DIRECTION( '', ( 0.000000000000000, 0.000000000000000, 1.00000000000000 ) );
#9897 = DIRECTION( '', ( 1.00000000000000, 0.000000000000000, 0.000000000000000 ) );
#9898 = DIRECTION( '', ( -0.707106781186548, 0.707106781186547, -3.09756245794621E-017 ) );
#9899 = DIRECTION( '', ( 1.00000000000000, 2.77555756156289E-016, 2.19030741916264E-017 ) );
#9900 = DIRECTION( '', ( -0.707106781186548, 0.707106781186547, -3.09756245794621E-017 ) );
#9901 = DIRECTION( '', ( -1.00000000000000, 1.11022302462516E-016, -2.19030741916264E-017 ) );
#9902 = DIRECTION( '', ( -0.707106781186548, -0.707106781186548, -3.09756245794621E-017 ) );
#9903 = CARTESIAN_POINT( '', ( -2.00039576577539E-017, 0.000000000000000, 0.200000000000000 ) );
#9904 = DIRECTION( '', ( -1.03636972369937E-016, 0.000000000000000, 1.00000000000000 ) );
#9905 = DIRECTION( '', ( 1.00000000000000, 0.000000000000000, 1.03636972369937E-016 ) );
#9906 = DIRECTION( '', ( 0.707106781186549, 0.707106781186545, 3.09756245794622E-017 ) );
#9907 = CARTESIAN_POINT( '', ( -2.00039576577539E-017, 0.000000000000000, 0.200000000000000 ) );
#9908 = DIRECTION( '', ( -1.03636972369937E-016, 0.000000000000000, 1.00000000000000 ) );
#9909 = DIRECTION( '', ( 1.00000000000000, 0.000000000000000, 1.03636972369937E-016 ) );
#9910 = DIRECTION( '', ( 1.00000000000000, 0.000000000000000, 0.000000000000000 ) );
ENDSEC;
END-ISO-10303-21;
